Acquirer Financial Adviser,Acquirer Legal Adviser,Acquirer Termination Fee,Action ID,Amendment Date,Announce Date,Announced Equity Value (mil.),Announced Total Value (mil.),Cash Terms,Completion/Termination Date,Contingency Payment (Cash),Currency of Deal,Current/Completed Total Value,Deal Attributes,Deal Description,Deal Status,Deal Type,Has Contingency Payment,Merger Agreement Date,Nature of Bid,Net Debt,Payment Type,Percent Owned,Percent Sought,Proposal Date,Proposed Deal Type,Seller Financial Adviser,Seller Legal Adviser,Stock Terms,Target Financial Adviser,Target Legal Adviser,Target Termination Fee,Acquirer City of Domicile,Acquirer Country/Region,Acquirer Country/Region ISO Code,Acquirer Industry Sector,Acquirer Name,Acquirer Number of Employees,Acquirer SIC Name,Current Acquirer SIC Code,Current Seller SIC Code,Current Target SIC Code,Seller Country/Region,Seller Country/Region ISO Code,Seller Industry Sector,Seller Name,Seller SIC Name,Target City of Domicile,Target Country/Region,Target Country/Region ISO Code,Target Industry Group,Target Industry Sector,Target Industry Subgroup,Target Name,Target Number of Employees,Target SIC Name,EqV/Book Val,EqV/EBITDA,EqV/Rev,EqV/Total Assets,TV/Book Val,TV/EBITDA,TV/Rev,TV/Total Assets,Acquirer Shareholders,Central Bank of Russia,EC: European Commission,Federal Antimonopoly service of Russian Federation: FAC,Foreign Investment Commission,Ministry of Finance,Russian Ministry on Antitrust Policy,Seller Board of Directors,Target Shareholders
,, ,75469374, ,2013-03-26,N/A,N/A,N/A,2015-04-20,,RUB,N/A,"Company Takeover, Additional Stake Purchase",Inter RAO UES PJSC acquired Mosenergosbyt PJSC. The transaction was announced on 3/26/2013 and completed on 4/20/2015. Financial terms of the transaction are undisclosed.,Completed,M&A,No, ,Friendly,0,Undisclosed,50.900002,20.5, ,,,, ,,, ,Moscow,Russia,RU,Utilities,Inter RAO UES PJSC,634,ELECTRIC SVC,4911, ,N.A.,N.A., ,N.A.,, ,Moscow,Russia,RU,Utilities,Utilities,Electric Utilities,Mosenergosbyt PJSC,3897, , , , , , , , , ,,,,2013-03-26,,,,,
,, ,84308377, ,2013-11-28,N/A,N/A,N/A,2015-06-03,,RUB,N/A,Company Takeover,Pharmacy Chain 36.6 PJSC acquired Apteka AVE OOO. The transaction was announced on 11/28/2013 and completed on 6/3/2015. Financial terms of the transaction are undisclosed.,Completed,M&A,No, ,Friendly,0,Stock,0,100, ,,,, ,,, ,Moscow,Russia,RU,Consumer Staples,Pharmacy Chain 36.6 PJSC,, ,N.A., ,N.A.,N.A., ,N.A.,, ,Moscow,Russia,RU,Health Care,Health Care,Health Care Facilities & Svcs,Apteka AVE OOO,, , , , , , , , , ,,,,,,,,,
,, ,85110642, ,2009-09-14,N/A,N/A,N/A,2023-05-22,,USD,N/A,Company Takeover,Promsvyazkapital ZAO acquired Mediaholding PJSC. The transaction was announced on 9/14/2009 and completed on 5/22/2023. Financial terms of the transaction are undisclosed.,Completed,M&A,No, ,Friendly,0,Undisclosed,0,100, ,,,, ,,, ,Astrakhan,Russia,RU,Industrials,Promsvyazkapital ZAO,,CONSULTING SVC,8742, ,N.A.,N.A., ,N.A.,, ,Moscow,Russia,RU,Media,Communications,Entertainment Content,Mediaholding PJSC,, , , , , , , , , ,,,,,,,,,
,, ,86993709,2014-04-17,2014-02-04,194.48,194.48,44.0/sh.,2015-07-01,,RUB,122.46,"Company Takeover, Additional Stake Purchase, Tender Offer",PhosAgro PJSC acquired PhosAgro-Cherepovets OJSC for RUB 6807.29M. The transaction was announced on 2/4/2014 and completed on 7/1/2015.,Completed,M&A,No, ,Friendly,0,Cash,87.610001,12.39, ,,,, ,,, ,Moscow,Russia,RU,Materials,PhosAgro PJSC,, ,N.A., ,1479,N.A., ,N.A.,, ,Cherepovets,Russia,RU,Materials,Materials,Chemicals,PhosAgro-Cherepovets OJSC,,CHEM/FERT MNG, , , , , , , , ,,,,,,,,,
,, ,87818379, ,2014-01-23,0.78,0.78,1.01/sh.,2022-12-14,,RUB,0.41,"Company Takeover, Squeeze Out, Cross Border, Additional Stake Purchase, Tender Offer, Going Private",Gruppa Kompaniy Renova AO acquired Khimprom PJSC for RUB 26.58M. The transaction was announced on 1/23/2014 and completed on 12/14/2022.,Completed,M&A,No, ,Friendly,0,Cash,96.18,3.82, ,,,, ,,, ,Moscow,Russia,RU,Financials,Gruppa Kompaniy Renova AO,, ,N.A., ,N.A.,N.A., ,N.A.,, ,Novocheboksarsk,Russia,RU,Materials,Materials,Chemicals,Khimprom PJSC,, ,0.38,2.24,0.12,0.12,0.38,2.24,0.12,0.12,,,,,,,,,
,, ,91443791, ,2014-05-20,N/A,N/A,N/A,2015-04-09,,RUB,N/A,"Majority Purchase, Additional Stake Purchase",EuroChem Mineral & Chemical Co OJSC acquired Astrakhan Oil & Gas Co. The transaction was announced on 5/20/2014 and completed on 4/9/2015. Financial terms of the transaction are undisclosed.,Completed,M&A,No, ,Friendly,0,Undisclosed,20.1,54.900002, ,,,, ,,, ,Moscow,Russia,RU,Materials,EuroChem Mineral & Chemical Co OJSC,, ,N.A., ,N.A.,N.A., ,N.A.,, ,Astrakhan,Russia,RU,Oil & Gas,Energy,Oil & Gas Supply Chain,Astrakhan Oil & Gas Co,, , , , , , , , , ,,,,,,,,,
Bain & Company,, ,91497396, ,2014-05-21,N/A,N/A,N/A,2015-02-21,,RUB,N/A,Company Takeover,"On 05/21/14, Aerofloat hired a financial advisor to evaluate possible acquisition of competitor UTair Aviation, according to people familiar with the matter.",Withdrawn,M&A,No, ,Friendly,0,Undisclosed,0,100,2014-05-21,Strategic Alt Review,,, ,,, ,Moscow,Russia,RU,Industrials,Aeroflot PJSC,, ,N.A., ,4512,N.A., ,N.A.,, , ,Russia,RU,Industrial Services,Industrials,Transportation & Logistics,UTair Aviation PJSC,,SCHED AIR TRAN, , , , , , , , ,,,,,,,,,
,, ,92950219, ,2014-06-26,N/A,N/A,N/A,2015-04-07,,RUB,N/A,Company Takeover,"Russian Railways' subsidiary TransTelecom in talks to fully acquire 4G provider Antares, citing two people familiar with talks that it did not identify, Vedomosti reports. With no further information on this proposal, the transaction has been withdrawn.",Withdrawn,M&A,No, ,Friendly,0,Stock,0,100,2014-06-26,Negotiation,,, ,,, ,Moscow,Russia,RU,Industrials,Russian Railways JSC,, ,N.A., ,N.A.,N.A., ,N.A.,, , ,Russia,RU,Tech Hardware & Semiconductors,Technology,Technology Hardware,Antares JSC,, , , , , , , , , ,,,,,,,,,
,, ,97580852, ,2014-10-15,N/A,N/A,N/A,2015-08-09,,USD,N/A,"Company Takeover, Cross Border","On 10/15/2014, Mobile Telesystems OJSC was studying the possible acquisition of Dalgeokom OOO according to Kommersant reports. This was then confirmed by the MTS spokesman. Withdrawn on 09/08/2015 due to no further updates on proposed transaction.",Withdrawn,M&A,No, ,Friendly,0,Undisclosed,0,100,2014-10-15,,,, ,,, ,Moscow,Russia,RU,Communications,Mobile TeleSystems PJSC,60388, ,N.A.,,4813,Sweden,,Communications,"Modern Times Group MTG AB,Private Investor",,N.A,Russia,RU,Telecommunications,Communications,Telecommunications,Dalgeokom OOO,,PHONE NO  RADI, , , , , , , , ,,,,,,,,,
,, ,97935098, ,2015-04-16,N/A,N/A,N/A,2015-04-16,,USD,N/A,"Cross Border, Minority Purchase",On 04/16/20151 Gunvor Group Ltd sold its 30% stake in MC Kolmar LLC to a company controlled by Andrei Bokarev. No financial terms were disclosed. On 10/26/2014 the FT reported that Gunvor Group Ltd is seeking to sell its assets in Russia.,Completed,INV,No, ,Friendly,0,Undisclosed,0,30,2014-10-27,On the Block,,, ,,, ,,Russia,,N.A.,Private Investor,,,,N.A.,8111,Switzerland,CY,Energy,Gunvor Group Ltd, , ,Russia,RU,Industrial Services,Industrials,Commercial Support Services,UK Kolmar OOO,,LEGAL SVC, , , , , , , , ,,,,,,,,,
,, ,98413424, ,2014-11-06,N/A,N/A,N/A,2015-05-31,,EUR,N/A,"Cross Border, Asset Sale","Kommersant reported on 11/06/2014 that QIWI plc is in talks with Bank of Cyprus Pcl to buy its Money transfer system.  With no further information disclosed, this proposal has been withdrawn.",Withdrawn,AST,No, ,Friendly,0,Cash,0,100,2014-11-06,Negotiation,,, ,,, ,Nicosia,Russia,CY,Financials,QIWI plc,162,BUSINESS SVC,7389,N.A.,,Cyprus,CY,Financials,Bank of Cyprus Pcl, ,,Russia,,N.A.,N.A.,N.A.,Money transfer system,,, , , , , , , , ,,,,,,,,,
,, ,98887544, ,2014-12-18,N/A,N/A,N/A,2015-08-06,,EUR,N/A,"Cross Border, Asset Sale","On 08/06/2015, Sanoma OYJ announced that the Russian Government Commission for Monitoring Foreign Investments has decided not to approve sale of stake in publisher of Cosmopolitan and Esquire magazines in Russia. Sanoma is to continue strategic review for stake. .Sanoma OYJ announced the sale...",Terminated,AST,No, ,Friendly,0,Cash,0,50,2014-10-30,Preliminary Offer,Citi,, ,,, ,New York,United States,US,Communications,Hearst Communications Inc,,PERIODICALS,2721,N.A.,,Finland,FI,Communications,Sanoma Oyj, ,,Russia,,N.A.,N.A.,N.A.,Russian assets of Sanoma OYJ,,, , , , , , , , ,,,,,,,,,
,, ,99085888, ,2014-11-24,22.29,22.29,1000.0 Mln,2015-04-20,,RUB,22.29,"Cross Border, Majority Purchase",Petropavlovsk PLC announced the sale of ZDP Koboldo OAO to Rosszoloto LLC for RUB 1000.00M. The transaction was announced on 11/24/2014 and terminated on 4/20/2015.,Terminated,M&A,No, ,Friendly,0,Cash,0,95.699997, ,,,, ,,, , ,Russia,RU,Materials,Rosszoloto LLC,, ,N.A.,N.A.,1099,United Kingdom,RU,Materials,Petropavlovsk PLC, ,N.A,Russia,RU,Materials,Materials,Metals & Mining,ZDP Koboldo OAO,,METAL ORES NEC, , , , , , , , ,,,,,,,,,
,, ,99243555, ,2014-11-27,N/A,N/A,N/A,2016-05-31,,CZK,N/A,"Cross Border, Asset Sale","On 07/21/2015, Hospodarske said that PPF Group buys 2 office buildings in Moscow. On 11/27/2014, Vedomosti reported that PPF AS may buy one of the office buildings at the Metropolis business and trading center in Moscow. With no further information disclosed, this proposal has been withdrawn.",Withdrawn,AST,No, ,Friendly,0,Cash,0,100,2014-11-27,,,, ,,, ,Prague 6,Czech Republic,CZ,Financials,PPF AS,,BUS CONSULT,8748, ,,N.A., ,N.A.,, ,,Russia,,N.A.,N.A.,N.A.,Office building/Moscow,,, , , , , , , , ,,,,,,,,,
,, ,99282793, ,2014-11-28,N/A,N/A,N/A,2015-01-19,,NOK,N/A,"Company Takeover, Cross Border",Orkla ASA sold Orkla Brands Russia OJSC to Slavyanka-Lyuks OOO. The transaction was announced on 11/28/2014 and completed on 1/19/2015. Financial terms of the transaction are undisclosed.,Completed,M&A,No, ,Friendly,0,Undisclosed,0,100, ,,Renessans K,Baker McKenzie, ,,, ,Staryy Oskol,Russia,RU,Consumer Staples,Slavyanka-Lyuks OOO,,CHOC/COCOA,2066,N.A.,N.A.,Norway,NO,Consumer Staples,Orkla ASA, ,Saint-Petersburg,Russia,RU,Consumer Staple Products,Consumer Staples,Food,Orkla Brands Russia OJSC,, , , , , , , , , ,,,,,,,,,
,, ,99562593, ,2014-12-04,N/A,11.62,11.618 Mln,2015-11-24,,USD,11.62,"Cross Border, Asset Sale",RusForest AB sold Arkhangelsk assets to a consortium led by Unnamed Buyer for USD 11.62M. The transaction was announced on 12/4/2014 and completed on 11/24/2015.,Completed,AST,No, ,Friendly,19,Cash,0,100, ,,Pareto Secs,Hogan Lovells US, ,,, ,,Russia,,Materials,"Unnamed Buyer,Lesozavod 25 OOO",,,,N.A.,,Sweden,SE,Materials,RusForest AB, ,,Russia,,Materials,Materials,"Forestry, Paper & Wood Products",Arkhangelsk assets,,, , , , , , , , ,,,,,,,,,
,, ,99598654, ,2014-12-05,N/A,N/A,N/A,2015-06-30,,RUB,N/A,Company Takeover,R-Farm AO announced the acquisition of SIA International Ltd. Financial terms of the transaction are undisclosed.,Withdrawn,M&A,No, ,Friendly,0,Undisclosed,0,100,2014-12-05,,,, ,,, ,Moscow,Russia,RU,Consumer Staples,R-Farm AO,,DRUG STORES,5912, ,N.A.,N.A., ,N.A.,, ,Moscow,Russia,RU,Health Care,Health Care,Health Care Facilities & Svcs,SIA International Ltd,, , , , , , , , , ,,,,,,,,,
,, ,100027398, ,2014-12-15,N/A,N/A,N/A,2015-03-10,,RUB,N/A,"Cross Border, Majority Purchase",Marcolin SpA acquired Zao Sover-M Sp. The transaction was announced on 12/15/2014 and completed on 3/10/2015. Financial terms of the transaction are undisclosed.,Completed,M&A,No, ,Friendly,0,Undisclosed,0,51, ,,,, ,,, ,Longarone,Italy,IT,Health Care,Marcolin SpA,1978, ,N.A., ,5047,N.A., ,N.A.,, ,Moscow,Russia,RU,Health Care,Health Care,Medical Equipment & Devices,Zao Sover-M Sp,,MED/HOSP EQUI, , , , , , , , ,,,,,,,,,
,, ,101300263, ,2015-01-12,2.35,2.35,148.0 Mln,2015-01-12,,RUB,2.35,Majority Purchase,CTC Media Inc acquired Caramba Media SRO for RUB 148.00M. The transaction was completed on 1/12/2015.,Completed,M&A,No, ,Friendly,0,Cash,0,51, ,,,, ,,, ,Moscow,Russia,RU,Communications,CTC Media Inc,,TV STATIONS,4833, ,N.A.,N.A., ,N.A.,, , ,Russia,RU,Media,Communications,Entertainment Content,Caramba Media SRO,, , , , , , , , , ,,,,,,,,,
,, ,101574647, ,2015-01-18,45.85,45.85,285.0 Mln,2015-05-01,,CNY,45.96,"Cross Border, Majority Purchase",Suzhou Yangtze New Materials Co Ltd acquired United New Material Co Ltd for CNY 285.00M. The transaction was announced on 1/18/2015 and completed on 5/1/2015.,Completed,M&A,No, ,Friendly,0,Cash,0,51, ,,,, ,,, ,Suzhou,China,CN,Consumer Discretionary,Suzhou Yangtze New Materials Co Ltd,160, ,N.A., ,N.A.,N.A., ,N.A.,, , ,Russia,RU,Materials,Materials,Chemicals,United New Material Co Ltd,, , , , , , , , , ,2015-03-26,,,,,,,,
Goldman Sachs,A&O Shearman LLP, ,101578259, ,2015-01-20,1474.19,1474.19,22.0/sh.,2015-09-24,,USD,1474.19,"Cross Border, Minority Purchase","On 09/24/2015, it was reported that Schlumberger Ltd will not extend its USD 1,700.00M agreement to buy a minority interest in Russia‚Äôs largest driller Eurasia Drilling Co, after a lack of regulatory approvals stalled the deal. On 01/20/2015, it is announced that Schlumberger Ltd is buying ...",Terminated,INV,No, ,Friendly,0,Cash,0,45.650002, ,,,, ,Sberbank CIB/Xenon Capital,Maples & Calder/Skadden Arps/Vinson & Elkins/Walkers, ,Houston,United States,US,Energy,SLB Ltd,109000,OIL/NG SVS NEC,1389, ,N.A.,N.A., ,N.A.,, ,Nicosia,Russia,CY,Oil & Gas,Energy,Oil & Gas Services & Equip,Eurasia Drilling Co Ltd,17765, ,2.72,3.87,1.09,1.2,2.72,3.87,1.09,1.2,,,,N/A,,,,,N/A
,, ,101890263, ,2015-01-12,N/A,N/A,N/A,2015-01-12,,RUB,N/A,"Company Takeover, Cross Border",DinoDirect Ltd acquired TDPRO. The transaction was completed on 1/12/2015. Financial terms of the transaction are undisclosed.,Completed,M&A,No, ,Friendly,0,Undisclosed,0,100, ,,,, ,,, ,Yuzhong District,China,CN,Consumer Discretionary,DinoDirect Ltd,, ,N.A., ,N.A.,N.A., ,N.A.,, ,Saint Petersburg,Russia,RU,Software & Tech Services,Technology,Software,TDPRO,, , , , , , , , , ,,,,,,,,,
,, ,101891055, ,2015-01-21,N/A,N/A,N/A,2015-01-21,,RUB,N/A,"Private Equity, Minority Purchase",Elbrus Capital OOO acquired a minority stake in Cian.ru. The transaction was completed on 1/21/2015. Financial terms of the transaction are undisclosed.,Completed,INV,No, ,Friendly,0,Undisclosed,0,27, ,,,, ,VTB Capital,, ,Moscow,Russia,RU,Financials,Elbrus Capital OOO,,MISC INVSTRS,6799, ,N.A.,N.A., ,N.A.,, , ,Russia,RU,Real Estate,Real Estate,Real Estate Owners & Developers,Cian.ru,, , , , , , , , , ,,,,,,,,,
,, ,101950571, ,2015-01-20,N/A,N/A,N/A,2015-01-20,,EUR,N/A,"Cross Border, Majority Purchase",ArcelorMittal SA sold Ugolnaya Kompaniya Severny Kuzbass OAO to Natsionalnaya Toplivnaya Kompaniya OOO. The transaction was completed on 1/20/2015. Financial terms of the transaction are undisclosed.,Completed,M&A,No, ,Friendly,0,Undisclosed,0,0, ,,,Baker McKenzie, ,,, , ,Russia,RU,Energy,Natsionalnaya Toplivnaya Kompaniya OOO,, ,N.A.,3312,1222,Luxembourg,LU,Materials,ArcelorMittal SA,BLAST FUR/MILL,Berezovsky,Russia,RU,Materials,Materials,Metals & Mining,Ugolnaya Kompaniya Severny Kuzbass OAO,,BITU COAL UNDR, , , , , , , , ,,,,,,,,,
,, ,102366730, ,2015-04-30,N/A,N/A,N/A,2015-08-06,,EUR,N/A,"Cross Border, Minority Purchase","Sanoma OYJ announced the sale of Delovoi Standard Ltd to Ivania Ltd. The transaction was announced on 04/30/2015 and was completed on 08/06/2015. Financial terms of the transaction are undisclosed. On 02/06/2015, Vedomosti reported that Sanoma OYJ was planning to sell its 33% stake in Russian...",Completed,INV,No, ,Friendly,0,Undisclosed,0,33,2015-02-06,On the Block,,, ,,, ,N.A,Russia,RU,Communications,Ivania Ltd,, ,N.A.,N.A.,N.A.,Finland,FI,Communications,Sanoma Oyj, , ,Russia,CY,Media,Communications,Publishing & Broadcasting,Delovoi Standard Ltd,, , , , , , , , , ,,,,,,,,,
,, ,102514063, ,2015-02-10,N/A,N/A,N/A,2015-02-10,,EUR,N/A,"Cross Border, Additional Stake Purchase","On 02/10/2015, Kommersant reported that United Capital Partners, through UCP Resources Ltd has increased its stake in Chelyabinsk Zinc Plant JSC from 22.43% to 26.95%. According to people familiar with the situation, almost all shares were bought from Atonline Ltd. On the same day, Chelyabins...",Completed,INV,No, ,Friendly,0,Undisclosed,22.43,4.52,2015-02-10,Preliminary Offer,,, ,,, ,Bloomington,United States,US,Financials,United Capital Partners Inc,,MISC INVSTRS,6799,6726,N.A.,Cyprus,CY,Financials,Atonline Ltd,INVEST OFF NEC,Chelyabinsk,Russia,RU,Materials,Materials,Metals & Mining,Chelyabinsk Zinc Plant PJSC,1771, , , , , , , , , ,,,,,,,,,
,Squire Sanders, ,102854613, ,2015-02-20,3,3,3.0 Mln,2015-02-20,,USD,3,"Venture Capital, Cross Border, Private Equity, Minority Purchase, Financing Round",A consortium led by Columbus Nova LLC acquired a minority stake in RoboCV LLC. The transaction was completed on 2/20/2015.,Completed,INV,No, ,Friendly,0,Cash,0,0, ,,,, ,,, ,,Russia,,"Financials, Financials, Financials, Financials, Financials","Columbus Nova LLC,VTB Capital JSC,LETA Group ZAO (Fund: LETA Capital),Almaz Capital Partners Ltd (Fund: Almaz Capital Russia Fund II LP),I2BF Global Ventures (Fund: I2BF-RNC Strategic Resources Fund)",,,, ,N.A.,N.A., ,N.A.,, ,Moscow,Russia,RU,Industrial Products,Industrials,Machinery,RoboCV LLC,, , , , , , , , , ,,,,,,,,,
,, ,103155059, ,2015-02-25,N/A,N/A,N/A, ,,RUB,N/A,Majority Purchase,Rostec State Corp announced the acquisition of Euroyachting Rybinskaya Verf Group. The transaction was announced on 2/25/2015 and is currently pending. Financial terms of the transaction are undisclosed.,Pending,M&A,No, ,Friendly,0,Undisclosed,0,51, ,,,, ,,, ,Moscow,Russia,RU,Industrials,Rostec State Corp,200,MISC INVSTRS,6799, ,N.A.,N.A., ,N.A.,, ,Moscow,Russia,RU,Industrial Services,Industrials,Transportation & Logistics,Euroyachting Rybinskaya Verf Group,, , , , , , , , , ,,,,,,,,,
,, ,103312510, ,2015-02-27,N/A,N/A,N/A,2015-02-27,,RUB,N/A,"Debt for Equity, Minority Purchase","VTB Bank OJSC acquired a minority stake in Otkritie Holding. The transaction was completed on 02/27/2015. Financial terms of the transaction are undisclosed. RBC newswire reported on 01/30/2015 that VTB Bank OJSC was in talks to buy 10% to 20% in Bank Otkritie Financial Corp PJSC, citing thre...",Completed,INV,No, ,Friendly,0,Undisclosed,0,9.99,2015-01-30,Negotiation,,, ,,, ,Moscow,Russia,RU,Financials,VTB Bank PJSC,, ,N.A., ,6799,N.A., ,N.A.,, ,Moscow,Russia,RU,Banking,Financials,Banking,Otkritie Holding JSC,1,MISC INVSTRS, , , , , , , , ,,,,,,,,,
,, ,103332052, ,2015-02-11,N/A,N/A,N/A,2015-02-11,,RUB,N/A,"Cross Border, Private Equity, Minority Purchase",CapMan Oyj acquired a minority stake in Maximum Education LLC. The transaction was completed on 2/11/2015. Financial terms of the transaction are undisclosed.,Completed,INV,No, ,Friendly,0,Cash,0,0, ,,,, ,,, ,Helsinki,Finland,FI,Financials,CapMan Oyj,230,MISC INVSTRS,6799, ,N.A.,N.A., ,N.A.,, ,Moscow,Russia,RU,Consumer Discretionary Services,Consumer Discretionary,Consumer Services,Maximum Education LLC,, , , , , , , , , ,,,,,,,,,
,, ,103575695, ,2015-03-04,N/A,N/A,N/A,2015-10-31,,SEK,N/A,"Cross Border, Minority Purchase","On 04/28/2015, it is reported by Vedomosti that Rostelecom OJSC considers Acquiring CTC Media Inc.  On 03/04/2015, Vedomosti reported that Modern Times Group is seeking sale of CTC Media Inc, citing two people familiar with the matter. Offers sent to potential investors several weeks ago. Wit...",Withdrawn,INV,No, ,Friendly,0,Undisclosed,0,37.900002,2015-03-04,On the Block,,, ,,, ,,Russia,,N.A.,Potential Buyer,,,,N.A.,4833,Sweden,SE,Communications,Modern Times Group MTG AB, ,Moscow,Russia,RU,Media,Communications,Publishing & Broadcasting,CTC Media Inc,,TV STATIONS, , , , , , , , ,,,,,,,,,
,, ,103836435, ,2015-03-10,N/A,N/A,N/A,2015-03-10,,RUB,N/A,Company Takeover,B&N Bank JSC acquired Uralprivatbank ZAO. The transaction was completed on 3/10/2015. Financial terms of the transaction are undisclosed.,Completed,M&A,No, ,Friendly,0,Undisclosed,0,99.842842, ,,,, ,,, ,Moscow,Russia,RU,Financials,B&N Bank JSC,, ,N.A., ,N.A.,N.A., ,N.A.,, ,Ekaterinburg,Russia,RU,Banking,Financials,Banking,Uralprivatbank ZAO,, , , , , , , , , ,,,,,,,,,
,Herbert Smith Fr, ,103965463, ,2015-03-12,N/A,N/A,N/A,2015-03-12,,RUB,N/A,Majority Purchase,Sberbank of Russia PJSC acquired Rutarget OOO. The transaction was completed on 3/12/2015. Financial terms of the transaction are undisclosed.,Completed,M&A,No, ,Friendly,0,Undisclosed,0,0, ,,,, ,,, ,Moscow,Russia,RU,Financials,Sberbank of Russia PJSC,289721,NATL COML BANK,6021, ,N.A.,N.A., ,N.A.,, , ,Russia,RU,Media,Communications,Advertising & Marketing,Rutarget OOO,, , , , , , , , , ,,,,,,,,,
,, ,104018568, ,2015-03-12,N/A,N/A,N/A,2015-03-12,,RUB,N/A,Majority Purchase,Yuzhuralzoloto ZAO acquired Sovrudnik OOO. The transaction was completed on 3/12/2015. Financial terms of the transaction are undisclosed.,Completed,M&A,No, ,Friendly,0,Undisclosed,0,51, ,,,, ,,, , ,Russia,RU,Materials,Yuzhuralzoloto ZAO,, ,N.A., ,1099,N.A., ,N.A.,, ,Severo-Yeniseysky,Russia,RU,Materials,Materials,Metals & Mining,Sovrudnik OOO,,METAL ORES NEC, , , , , , , , ,,,,2014-12-31,,,,,
,, ,104063067, ,2015-03-16,N/A,N/A,N/A,2015-09-30,,RUB,N/A,Majority Purchase,"On 03/16/2015, Vedomosti reported that Gazprombank OJSC is in talks to buy at least 51% stake Stroygazconsulting OOO, citing unidentified partner of one of the companies and two unindentified people close to participants of talks. With no further information disclosed, this proposal has been ...",Withdrawn,M&A,No, ,Friendly,0,Undisclosed,0,51,2015-03-16,Negotiation,,, ,,Dechert, ,Moscow,Russia,RU,Financials,Gazprombank JSC,,COML BANK NEC,6029, ,1542,N.A., ,N.A.,, ,Moscow,Russia,RU,Industrial Services,Industrials,Engineering & Construction,Stroigazkonsalting OOO,,NONRES BLDGS, , , , , , , , ,,,,,,,,,
,,0.4,104214324, ,2015-03-18,7.2,7.2,3.6 Mln,2015-05-27,USD 1.28,USD,7.2,"Company Takeover, Cross Border",Bollinger Innovations Inc acquired PayOnline Systems 000 for USD 7.20M. The transaction was announced on 3/18/2015 and completed on 5/27/2015.,Completed,M&A,Yes, ,Friendly,0,Cash and Stock,0,100, ,,,,USD 3.6 Mln,,,0.4,Oak Park,United States,US,Consumer Discretionary,Bollinger Innovations Inc,388,DATA PROCESS,7374, ,N.A.,N.A., ,N.A.,, ,Moscow,Russia,RU,Financial Services,Financials,Specialty Finance,PayOnline Systems 000,, , , , , , , , , ,,,,,,,,,
,, ,104217540, ,2015-03-18,N/A,N/A,N/A,2015-03-31,,RUB,N/A,Company Takeover,LSR Group PJSC acquired Ravan OOO. The transaction was announced on 3/18/2015 and completed on 3/31/2015. Financial terms of the transaction are undisclosed.,Completed,M&A,No, ,Friendly,0,Undisclosed,0,100, ,,,, ,,, ,St Petersburg,Russia,RU,Real Estate,LSR Group PJSC,228, ,N.A., ,N.A.,N.A., ,N.A.,, , ,Russia,RU,Materials,Materials,Construction Materials,Ravan OOO,, , , , , , , , , ,,,,2015-03-18,,,,,
,, ,104224062, ,2015-03-18,5,5,5.0 Mln,2015-03-18,,USD,5,"Venture Capital, Cross Border, Private Equity, Minority Purchase, Financing Round, Additional Stake Purchase",A consortium led by Mangrove Capital Partners SA acquired a minority stake in oktogo.ru. The transaction was completed on 03/18/2015.,Completed,INV,No, ,Friendly,0,Cash,0,0, ,,,, ,,, ,,Poland,,"Financials, Financials","MCI Capital SA (Fund: Helix Venture Partners),Mangrove Capital Partners SA (Fund: Mangrove III)",,,, ,N.A.,N.A., ,N.A.,, ,St Petersburg,Russia,RU,Consumer Discretionary Services,Consumer Discretionary,Leisure Facilities & Services,oktogo.ru,, , , , , , , , , ,,,,,,,,,
,, ,104388137, ,2015-03-23,N/A,N/A,N/A,2015-03-23,,RUB,N/A,"Company Takeover, Majority Purchase, Additional Stake Purchase, Going Private",Otkritie Holding JSC acquired Bank Petrocommerce OAO. The transaction was completed on 3/23/2015. Financial terms of the transaction are undisclosed.,Completed,M&A,No, ,Friendly,0,Undisclosed,79.300003,20.200001, ,,,, ,,, ,Moscow,Russia,RU,Financials,Otkritie Holding JSC,1,MISC INVSTRS,6799, ,N.A.,N.A., ,N.A.,, ,Moscow,Russia,RU,Banking,Financials,Banking,Bank Petrocommerce OAO,, , , , , , , , , ,,,,,,,,,
,, ,104758389, ,2015-01-27,N/A,N/A,N/A,2014-10-30,,NZD,N/A,"Cross Border, Asset Sale, Private Equity, Real Estate",Capital Partners/Samoa sold Metropolis office building 1 to Hines Interests LP. The transaction was announced on 1/27/2015 and completed on 10/30/2014. Financial terms of the transaction are undisclosed.,Completed,AST,No, ,Friendly,0,Cash,0,100, ,,,White & Case LLP, ,,, ,Houston,United States,US,Real Estate,Hines Interests LP,3200, ,N.A.,N.A.,,Samoa,WS,Financials,Capital Partners/Samoa, ,,Russia,,Real Estate,Real Estate,Real Estate Owners & Developers,Metropolis office building 1,,, , , , , , , , ,,,,,,,,,
,, ,105168744, ,2015-04-03,N/A,N/A,N/A,2015-04-03,,RUB,N/A,Company Takeover,Rosselkhozbank JSC acquired RSHB Strahovanie ZAO. The transaction was completed on 4/3/2015. Financial terms of the transaction are undisclosed.,Completed,M&A,No, ,Friendly,0,Undisclosed,0,99.999992, ,,,, ,,, ,Moscow,Russia,RU,Financials,Rosselkhozbank JSC,32503,COML BANK NEC,6029, ,N.A.,N.A., ,N.A.,, ,Moscow,Russia,RU,Insurance,Financials,Insurance,RSHB Strahovanie ZAO,, , , , , , , , , ,,,,,,,,,
Gazprombank,, ,105199734, ,2015-04-08,0.93,0.93,50.0 Mln,2015-06-24,,RUB,0.93,"Company Takeover, Cross Border",Getin Holding SA sold IDEA Bank SA/Russian Federation to a consortium led by Private Investor for RUB 50.00M. The transaction was announced on 4/8/2015 and completed on 6/24/2015.,Completed,M&A,No, ,Friendly,0,Cash,0,100, ,,,, ,,, ,,Russia,,Financials,"Private Investor,Forus Bank ZAO",,,,N.A.,,Poland,PL,Financials,Getin Holding SA, ,,Russia,,N.A.,N.A.,N.A.,IDEA Bank SA/Russian Federation,,, , , , , , , , ,,,,,,,,,
,, ,105352545, ,2015-04-09,N/A,N/A,N/A,2015-04-09,,RUB,N/A,"Company Takeover, Additional Stake Purchase",EuroChem Mineral & Chemical Co OJSC acquired Astrakhan Oil & Gas Co. The transaction was completed on 4/9/2015. Financial terms of the transaction are undisclosed.,Completed,M&A,No, ,Friendly,0,Undisclosed,75,25, ,,,, ,,, ,Moscow,Russia,RU,Materials,EuroChem Mineral & Chemical Co OJSC,, ,N.A., ,N.A.,N.A., ,N.A.,, ,Astrakhan,Russia,RU,Oil & Gas,Energy,Oil & Gas Supply Chain,Astrakhan Oil & Gas Co,, , , , , , , , , ,,,,,,,,,
,, ,105689356, ,2015-04-20,17.69,17.69,942.0 Mln, ,,RUB,17.69,"Cross Border, Majority Purchase",Petropavlovsk PLC announced the sale of ZDP Koboldo OAO to Global Polymetall LLC for RUB 942.00M. The transaction was announced on 4/20/2015 and is currently pending.,Pending,M&A,No, ,Friendly,0,Cash,0,95.699997, ,,,, ,,, , ,Russia,RU,Materials,Global Polymetall LLC,, ,N.A.,N.A.,1099,United Kingdom,RU,Materials,Petropavlovsk PLC, ,N.A,Russia,RU,Materials,Materials,Metals & Mining,ZDP Koboldo OAO,,METAL ORES NEC, , , , , , , , ,,,,N/A,,,,,
,, ,105818574, ,2015-04-22,N/A,N/A,N/A,2015-10-31,,EUR,N/A,"Cross Border, Asset Sale, Additional Stake Purchase","On 04/22/2015, Vedomosti reported that Zarubezhneft OAO is in talks with TOTAL SA to buy 40% stake in Kharyaga oil field, citing people familiar.With no further information disclosed, this proposal has been withdrawn.",Withdrawn,AST,No, ,Friendly,0,Cash,20,40,2015-04-22,Negotiation,,, ,,, ,Moscow,Russia,RU,Energy,Zarubezhneft OAO,349, ,N.A.,1311,,France,FR,Energy,TotalEnergies SE,CRUDE PETR/NG,,Russia,,Oil & Gas,Energy,Oil & Gas Supply Chain,Kharyaga oil field,,, , , , , , , , ,,,,,,,,,
,, ,106173396, ,2015-04-29,3,3,3.0 Mln,2015-04-29,,USD,3,"Option Agreement, Cross Border, Minority Purchase",Statera Biopharma Inc sold a minority stake in Incuron LLC to Private Investor. The transaction was completed on 4/29/2015.,Completed,INV,No, ,Friendly,0,Cash,0,0, ,,,, ,,, ,,Russia,,N.A.,Private Investor,,,,8731,N.A.,United States,US,Health Care,Statera Biopharma Inc,COML RESEARCH,Moscow,Russia,RU,Health Care,Health Care,Biotech & Pharma,Incuron LLC,, , , , , , , , , ,,,,,,,,,
,, ,106173594, ,2015-04-29,1,1,1.0 Mln,2015-12-31,,USD,1,"Option Agreement, Cross Border, Additional Stake Purchase",Statera Biopharma Inc announced the sale of Incuron LLC to Private Investor for USD 1.00M. The transaction was announced on 4/29/2015 and is expected to be completed by 12/31/2015.,Pending,INV,No, ,Friendly,0,Cash,0,0, ,,,, ,,, ,,Russia,,N.A.,Private Investor,,,,8731,N.A.,United States,US,Health Care,Statera Biopharma Inc,COML RESEARCH,Moscow,Russia,RU,Health Care,Health Care,Biotech & Pharma,Incuron LLC,, , , , , , , , , ,,,,,,,,,
,, ,106218751, ,2015-04-30,N/A,N/A,N/A,2015-08-06,,EUR,N/A,"Cross Border, Asset Sale",Sanoma Oyj sold United Press portfolio of titles to MoscowTimes LLC. The transaction was announced on 4/30/2015 and completed on 8/6/2015. Financial terms of the transaction are undisclosed.,Completed,AST,No, ,Friendly,0,Cash,0,100, ,,,, ,,, ,Moscow,Russia,RU,Communications,MoscowTimes LLC,, ,N.A.,N.A.,,Finland,FI,Communications,Sanoma Oyj, ,,Russia,,N.A.,N.A.,N.A.,United Press portfolio of titles,,, , , , , , , , ,,,,,,,,,
,, ,106219543, ,2015-04-30,N/A,N/A,N/A,2015-04-30,,EUR,N/A,"Cross Border, Majority Purchase, Additional Stake Purchase",Marc O'Polo Investments Ltd sold Mostotrest PJSC to TFK-Finance OJSC. The transaction was completed on 4/30/2015. Financial terms of the transaction are undisclosed.,Completed,M&A,No, ,Friendly,-203.104004,Undisclosed,25,38.630001, ,,,, ,,, ,Moscow,Russia,RU,Financials,TFK-Finance OJSC,, ,N.A.,N.A.,N.A.,Cyprus,CY,Financials,Marc O'Polo Investments Ltd, ,Moscow,Russia,RU,Industrial Services,Industrials,Engineering & Construction,Mostotrest PJSC,, ,1.25,1.96,0.2,0.2,0.77,1.2,0.12,0.12,,,,,,,,,
,, ,106219615, ,2015-04-30,183.17,183.17,92.13/sh., ,,RUB,114.9,"Mandatory Offer, Company Takeover, Additional Stake Purchase, Tender Offer",TFK-Finance OJSC announced the acquisition of Mostotrest PJSC for RUB 9456.39M. The transaction was announced on 4/30/2015 and is currently pending.,Pending,M&A,No, ,Friendly,0,Cash,63.630001,36.369999, ,,,, ,,, ,Moscow,Russia,RU,Financials,TFK-Finance OJSC,, ,N.A., ,N.A.,N.A., ,N.A.,, ,Moscow,Russia,RU,Industrial Services,Industrials,Engineering & Construction,Mostotrest PJSC,, ,1.07,1.67,0.17,0.17,1.07,1.67,0.17,0.17,,,,,,,,,
,, ,106891155, ,2015-05-14,138.14,138.14,N/A,2015-05-14,,RUB,138.14,"Cross Border, Minority Purchase",Peters International Investment NV sold a minority stake in Promsvyazbank PJSC to NPF Blagosostoyanie. The transaction was completed on 5/14/2015.,Completed,INV,No, ,Friendly,0,Undisclosed,0,10, ,,,, ,,, ,Moscow,Russia,RU,Financials,NPF Blagosostoyanie,,TRUST/FOUNDATN,6733,N.A.,6159,Netherlands,CW,Financials,Peters International Investment NV, ,Moscow,Russia,RU,Banking,Financials,Banking,Promsvyazbank PJSC,,MISC BUS CRED,1, ,0.71,0.06,1, ,0.71,0.06,,,,,,,,,
Citi,, ,106897329, ,2015-05-14,392.73,392.73,22.0/sh.,2015-06-25,,USD,392.73,"Cross Border, Private Equity, Majority Purchase, Additional Stake Purchase, Tender Offer",Augment Investments Ltd acquired Pharmstandard PJSC for USD 392.73M. The transaction was announced on 5/14/2015 and completed on 6/25/2015.,Completed,M&A,No, ,Friendly,0,Cash,25.032,47.237999, ,,,, ,Renessans K,, ,Limassol,Cyprus,CY,Financials,Augment Investments Ltd,, ,N.A., ,2834,N.A., ,N.A.,, ,Moscow,Russia,RU,Health Care,Health Care,Biotech & Pharma,Pharmstandard PJSC,1778,PHARM PREPS, , , , , , , , ,,,,,,,,,
Citi,, ,106899711, ,2015-05-14,N/A,N/A,N/A,2015-06-25,,EUR,N/A,"Cross Border, Private Equity, Additional Stake Purchase",Bristley Enterprises Ltd sold Pharmstandard PJSC to Augment Investments Ltd. The transaction was announced on 5/14/2015 and completed on 6/25/2015. Financial terms of the transaction are undisclosed.,Completed,INV,No, ,Friendly,0,Undisclosed,51.860001,6.4, ,,,, ,,, ,Limassol,Cyprus,CY,Financials,Augment Investments Ltd,, ,N.A.,N.A.,2834,Cyprus,CY,Financials,Bristley Enterprises Ltd, ,Moscow,Russia,RU,Health Care,Health Care,Biotech & Pharma,Pharmstandard PJSC,1778,PHARM PREPS, , , , , , , , ,,,,,,,,,
,, ,106900317, ,2015-05-14,N/A,N/A,N/A,2015-05-14,,RUB,N/A,"Cross Border, Private Equity, Minority Purchase",Social Discovery Group acquired a minority stake in City Game Tour. The transaction was completed on 05/14/2015.,Completed,INV,No, ,Friendly,0,Cash,0,0, ,,,, ,,, ,New York,United States,US,Financials,Social Discovery Ventures,, ,N.A., ,N.A.,N.A., ,N.A.,, , ,Russia,RU,Media,Communications,Entertainment Content,City Game Tour,, , , , , , , , , ,,,,,,,,,
,, ,106942153, ,2015-05-15,N/A,N/A,N/A,2015-11-30,,RUB,N/A,Majority Purchase,"On 05/15/2015, Kommersant reported that Roman Avdeev, he owner of Credit Bank of Moscow, is close to acquiring Finansovaya Korporatsiya Uralsib OAO for a low price. Negotiations may be completed in mid-summer and Avdeev may get 75% of UralSib. With no further information disclosed, this propo...",Withdrawn,M&A,No, ,Friendly,0,Undisclosed,0,75,2015-05-15,On the Block,,, ,,, ,,United States,,N.A.,Private Investor,,,, ,6282,N.A., ,N.A.,, ,Moscow,Russia,RU,Financial Services,Financials,Institutional Financial Svcs,Finansovaya Korporatsiya Uralsib OAO,25,INVEST ADVICE, , , , , , , , ,,,,,,,,,
,, ,107125092, ,2015-09-04,1252.9,1252.9,85000.0 Mln, ,,RUB,1032.75,"Private Placement, Minority Purchase","On 09/04/2015, it was announced  that VTB Bank JSC will acquire up to 20% of Rushydro shares through a private placement. On 07/20/2015 RusHydro JSC confirmed VTB may acquire RUB 85,000.00 of newly issued shares. On 05/20/2015 Vedomosti reported that RusHydro JSC is seeking to sell shares to ...",Pending,INV,No, ,Friendly,0,Cash,0,0,2015-05-20,Negotiation,,, ,,, ,Moscow,Russia,RU,Financials,VTB Bank PJSC,, ,N.A., ,N.A.,N.A., ,N.A.,, ,Moscow,Russia,RU,Utilities,Utilities,Electric Utilities,RusHydro PJSC,, , , , , , , , , ,,,,,,,,,
,, ,107188617, ,2015-03-13,N/A,N/A,N/A,2015-09-30,,RUB,N/A,"Cross Border, Minority Purchase","On 05/21/2015 it was announced that Glencore PLC is no longer seeking 49%, but rather 46% of Russneft; on the same day the Russian Federal Anti-Monopoly Service approved the minority acquisition. Glencore PLC announced on 03/13/2015 that it had agreed to acquire 49% of Russneft OAO in exchang...",Withdrawn,INV,No, ,Friendly,0,Undisclosed,0,46,2015-03-13,Negotiation,,, ,VTB Capital,, ,Baar,Switzerland,CH,Materials,Glencore PLC,140000, ,N.A., ,1311,N.A., ,N.A.,, ,Moscow,Russia,RU,Oil & Gas,Energy,Oil & Gas Supply Chain,RussNeft PJSC,5808,CRUDE PETR/NG, , , , , , , , ,,,,2015-05-21,,,,,
,, ,107303296, ,2015-05-25,N/A,N/A,N/A,2015-11-30,,RUB,N/A,Company Takeover,"On 05/25/2015, Bank Vozrozhdenie PJSC said that it was exploring a merger with Absolut Bank OAO. The decision would be taken in the next board meetings. With no further information disclosed, this proposal has been withdrawn.",Withdrawn,M&A,No, ,Friendly,-9907,Undisclosed,0,100,2015-05-25,Negotiation,,, ,,, ,Moscow,Russia,RU,Financials,Absolut Bank PAO,, ,N.A., ,6029,N.A., ,N.A.,, ,Moscow,Russia,RU,Banking,Financials,Banking,Bank Vozrozhdenie PJSC,,COML BANK NEC,0.41, ,0.37,0.05, , , , ,,,,,,,,,
,, ,107322059, ,2015-05-26,5.3,5.3,5.3 Mln,2015-05-26,,USD,5.3,"Venture Capital, Private Equity, Minority Purchase, Financing Round",A consortium led by Montrose Capital Management Ltd acquired a minority stake in Akoustis Technologies Inc. The transaction was completed on 5/26/2015.,Completed,INV,No, ,Friendly,0,Cash,0,0, ,,,, ,,, ,,United States,,Financials,"Montrose Capital Management Ltd,Private Investor",,,, ,3661,N.A., ,N.A.,, ,Huntersville,Russia,US,Media,Communications,Entertainment Content,Akoustis Technologies Inc,117,TELPHONE/TELEG, , , , , , , , ,,,,,,,,,
,Jones Day, ,107369642, ,2015-03-27,N/A,N/A,N/A,2015-03-27,,EUR,N/A,"Company Takeover, Cross Border",Minomax Investments Ltd acquired Volga Farming Ltd. The transaction was completed on 3/27/2015. Financial terms of the transaction are undisclosed.,Completed,M&A,No, ,Friendly,0,Undisclosed,0,100, ,,,, ,,Mannheimer Swart, , ,Cyprus,CY,Financials,Minomax Investments Ltd,, ,N.A., ,5159,N.A., ,N.A.,, ,Nicosia,Russia,CY,Consumer Staple Products,Consumer Staples,Food,Volga Farming Ltd,,FARM PROD NEC, , , , , , , , ,,,,,,,,,
,, ,107453567, ,2015-05-28,N/A,N/A,N/A,2015-11-30,,INR,N/A,"Cross Border, Asset Sale","On 05/28/2015, it is reported that NMDC Ltd is looking to acquire potash asset in Russia. With no further information disclosed, this proposal has been withdrawn.",Withdrawn,AST,No, ,Friendly,0,Undisclosed,0,100,2015-05-28,On the Block,,, ,,, ,Hyderabad,India,IN,Materials,NMDC Ltd,5677, ,N.A., ,,N.A., ,N.A.,, ,,Russia,,Materials,Materials,Metals & Mining,Potash Asset,,, , , , , , , , ,,,,,,,,,
Sberbank CIB,Herbert Smith Fr, ,108328740, ,2015-06-16,N/A,N/A,N/A, ,,EUR,N/A,"Company Takeover, Cross Border",Raiffeisen Bank International AG announced the sale of NPF Raiffeisen ZAO to B&N Bank JSC. The transaction was announced on 6/16/2015 and is currently pending. Financial terms of the transaction are undisclosed.,Pending,M&A,No, ,Friendly,0,Undisclosed,0,100, ,,,, ,,, ,Moscow,Russia,RU,Financials,B&N Bank JSC,, ,N.A.,N.A.,6371,Austria,AT,Financials,Raiffeisen Bank International AG, ,Moscow,Russia,RU,Insurance,Financials,Insurance,NPF Raiffeisen ZAO,,PENSION FUND, , , , , , , , ,,,,,,,,,
,, ,108387324, ,2015-06-17,N/A,N/A,N/A,2015-06-17,,RUB,N/A,"Venture Capital, Cross Border, Private Equity, Minority Purchase, Additional Stake Purchase, Financing Round",A consortium led by Runa Capital Inc acquired a minority stake in LinguaLeo LLC. The transaction was completed on 6/17/2015. Financial terms of the transaction are undisclosed.,Completed,INV,No, ,Friendly,0,Cash,0,0, ,,,, ,,, ,,Russia,,"Financials, Financials","Runa Capital Inc (Fund: Runa Capital II),Social Discovery Ventures",,,, ,N.A.,N.A., ,N.A.,, ,N.A,Russia,RU,Software & Tech Services,Technology,Software,LinguaLeo LLC,, , , , , , , , , ,,,,,,,,,
,, ,108481453, ,2015-06-19,N/A,N/A,N/A,2015-09-01,,EUR,N/A,"Company Takeover, Cross Border","Pietro Barbaro SpA sold PB Norge AS, Prime Shipping OOO, PB Samara OOO, PB Volga Ltd & PB Samara III OOO to a consortium led by Rosneft Oil Co PJSC. The transaction was announced on 6/19/2015 and completed on 9/1/2015. Financial terms of the transaction are undisclosed.",Completed,M&A,No, ,Friendly,0,Undisclosed,0,100, ,,,, ,Sberbank CIB,, ,,Russia,,"Financials, Energy","Rosneft Oil Co PJSC,Sberbank of Russia PJSC (Fund: SBT Venture Capital/Fund)",,,,N.A.,,Italy,IT,Industrials,Pietro Barbaro SpA, ,,Russia,,"Industrial Services, Industrial Services, Industrial Services, Industrial Services, Industrial Services","Industrials, Industrials, Industrials, Industrials, Industrials","Transportation & Logistics, Transportation & Logistics, Transportation & Logistics, Transportation & Logistics, Transportation & Logistics","PB Norge AS,Prime Shipping OOO,PB Samara OOO,PB Volga Ltd,PB Samara III OOO",,, , , , , , , , ,,,,,,,,,
,Cms Legal, ,108597341, ,2015-04-13,N/A,N/A,N/A, ,,EUR,N/A,"Cross Border, Asset Sale",Doehler Group SE announced the acquisition of 2 Fruit juice production plants/Russia. The transaction was announced on 4/13/2015 and is currently pending. Financial terms of the transaction are undisclosed.,Pending,AST,No, ,Friendly,0,Cash,0,100, ,,,, ,,, ,Darmstadt,Germany,DE,Consumer Staples,Doehler Group SE,9471,FLAVR EXTR/SYR,2087, ,,N.A., ,N.A.,, ,,Russia,,N.A.,N.A.,N.A.,2 Fruit juice production plants/Russia,,, , , , , , , , ,,,,,,,,,
,, ,108599129, ,2015-06-23,33.64,33.64,0.4/sh.,2015-09-10,,RUB,26.84,"Additional Stake Purchase, Tender Offer",Inter RAO UES PJSC acquired Mosenergosbyt PJSC for RUB 1818.41M. The transaction was announced on 6/23/2015 and completed on 9/10/2015.,Completed,INV,No, ,Friendly,0,Cash,74.900002,16.092501, ,,,, ,,, ,Moscow,Russia,RU,Utilities,Inter RAO UES PJSC,634,ELECTRIC SVC,4911, ,N.A.,N.A., ,N.A.,, ,Moscow,Russia,RU,Utilities,Utilities,Electric Utilities,Mosenergosbyt PJSC,3897, ,1.68,6.01,0.04,0.29,1.68,6.01,0.04,0.29,,,,,,,,,
,, ,108746146, ,2015-06-25,90.77,90.77,N/A,2015-11-09,,EUR,90.77,"Cross Border, Majority Purchase, Additional Stake Purchase",Gunvor Group Ltd sold Nevskaya Truboprovodnaya Kompaniya OOO to Gazprombank JSC for EUR 81.00M. The transaction was announced on 6/25/2015 and completed on 11/9/2015.,Completed,M&A,No, ,Friendly,0,Undisclosed,24,50, ,,,, ,,, ,Moscow,Russia,RU,Financials,Gazprombank JSC,,COML BANK NEC,6029,N.A.,N.A.,Switzerland,CY,Energy,Gunvor Group Ltd, , ,Russia,RU,Oil & Gas,Energy,Oil & Gas Supply Chain,Nevskaya Truboprovodnaya Kompaniya OOO,, , , , , , , , , ,,,,,,,,,
,, ,108904085, ,2015-06-30,N/A,N/A,N/A,2016-12-31,,EUR,N/A,"Company Takeover, Cross Border","On 07/01/2015, the shareholders of B&N Bank, Mikail Shishkhanov and Mikhail Gutseriev, have entered into an agreement to acquire a controlling shareholding of 58.33% in MDM Bank. It was reported on 06/30/2015 that Mikhail Shishkhanov and Mikhail Gutseriev were seeking to acquire a 58.3% stake...",Completed,M&A,No, ,Friendly,0,Undisclosed,0,100,2015-06-29,On the Block,,Herbert Smith Fr/Linklaters, ,Sberbank CIB,, ,,United States,,N.A.,Private Investor,,,,N.A.,N.A.,Cyprus,CY,Financials,MDM Holding SE, ,Novosibirsk,Russia,RU,Banking,Financials,Banking,Binbank PAO,10, , , , , , , , , ,,,,2017-08-13,,,,,
Rothschild & Co,Linklaters, ,109183164, ,2015-07-02,N/A,N/A,N/A,2015-07-02,,RUB,N/A,"Company Takeover, Cross Border",Lupin Ltd acquired Biokom AO. The transaction was completed on 7/2/2015. Financial terms of the transaction are undisclosed.,Completed,M&A,No, ,Friendly,0,Undisclosed,0,100, ,,,, ,,, ,Mumbai,India,IN,Health Care,Lupin Ltd,28137, ,N.A., ,2834,N.A., ,N.A.,, ,Stavropol,Russia,RU,Health Care,Health Care,Biotech & Pharma,Biokom AO,,PHARM PREPS, , , , , , , , ,,,,2015-12-11,,,,,
,, ,109260063, ,2015-07-06,N/A,N/A,N/A,2015-07-06,,GBP,N/A,"Cross Border, Minority Purchase",European Bank for Reconstruction & Development sold a minority stake in EL5-ENERO PJSC to Unnamed Buyer. The transaction was completed on 7/6/2015. Financial terms of the transaction are undisclosed.,Completed,INV,No, ,Friendly,0,Undisclosed,0,5.18, ,,,, ,,, ,,Russia,,N.A.,Unnamed Buyer,,,,N.A.,N.A.,Supra-National,GB,Government,European Bank for Reconstruction & Development, ,Moscow,Russia,RU,Utilities,Utilities,Electric Utilities,EL5-ENERO PJSC,, , , , , , , , , ,,,,,,,,,
,Jones Day, ,109348673, ,2015-07-17,N/A,N/A,N/A,2015-09-28,,EUR,N/A,"Cross Border, Asset Sale, Majority Purchase","On 07/08/2015, Vedomosti reported that KB Regionalny Credit OAO may buy 80% stake in CB Uniastrum Bank LLC, citing unidentified people.",Completed,AST,No, ,Friendly,0,Undisclosed,0,80,2015-07-08,On the Block,Deutsche Bank,Linklaters, ,,, ,,United States,,Financials,Private Investor,,,,N.A.,,Cyprus,CY,Financials,Bank of Cyprus Pcl, ,,Russia,,"Banking, Financial Services, Financial Services","Financials, Financials, Financials","Banking, Specialty Finance, Specialty Finance","CB Uniastrum Bank LLC,Uniastrum Leasing LLC,Certain loan exposure assets/Russia",,, , , , , , , , ,,,,,,,,,
,, ,109415344, ,2015-07-09,N/A,N/A,N/A,2015-12-31,,RUB,N/A,Company Takeover,"On 07/09/2015, Kommersant reported that Cinema Park is looking to buy PK Formula Kino 000, citing unidentified people. With no further information disclosed, this proposal has been withdrawn.",Withdrawn,M&A,No, ,Friendly,0,Undisclosed,0,100,2015-07-09,On the Block,,, ,,, ,Moscow,Russia,RU,Financials,Interros Holding Co,, ,N.A., ,7832,N.A., ,N.A.,, ,N.A,Russia,RU,Consumer Discretionary Services,Consumer Discretionary,Leisure Facilities & Services,PK Formula Kino OOO,,THEAT NO DRIVE, , , , , , , , ,,,,,,,,,
,, ,109470285, ,2015-07-10,159.75,159.75,9000.0 Mln,2019-06-30,,RUB,142.56,"Private Placement, Minority Purchase, Additional Stake Purchase",RusHydro PJSC acquired a minority stake in Zagorskaya GAES. The transaction was announced on 7/10/2015 and completed on 6/30/2019.,Completed,INV,No, ,Friendly,0,Cash,0,0, ,,,, ,,, ,Moscow,Russia,RU,Utilities,RusHydro PJSC,, ,N.A., ,N.A.,N.A., ,N.A.,, ,MOSCOW REGION,Russia,RU,Utilities,Utilities,Electric Utilities,Zagorskaya GAES,331, , , , , , , , , ,,,,,,,,,
,, ,109527953, ,2015-07-13,4.35,4.35,N/A,2015-07-31,,USD,4.35,"Cross Border, Asset Sale",Decamor Investments Ltd sold Primorskoye property to Solidcore Resources PLC for USD 4.35M. The transaction was announced on 7/13/2015 and completed on 7/31/2015.,Completed,AST,No, ,Friendly,0,Stock,0,100, ,,,,0.533301 Mln Sh,,, ,G.astana,Russia,KZ,Materials,Solidcore Resources PLC,3884, ,N.A.,N.A.,,Cyprus,CY,Financials,Decamor Investments Ltd, ,,Russia,,N.A.,N.A.,N.A.,Primorskoye property,,, , , , , , , , ,,,,,,,,,
,, ,109557869, ,2015-07-13,N/A,N/A,N/A,2015-07-13,,USD,N/A,"Cross Border, Majority Purchase",Gunvor Group Ltd sold Ust-Luga OAO to Private Investor. The transaction was completed on 7/13/2015. Financial terms of the transaction are undisclosed.,Completed,M&A,No, ,Friendly,0,Undisclosed,0,74, ,,,, ,,, ,,United States,,N.A.,Private Investor,,,,N.A.,N.A.,Switzerland,CY,Energy,Gunvor Group Ltd, ,St Petersburg,Russia,RU,Materials,Materials,Construction Materials,Ust-Luga OAO,10, , , , , , , , , ,,,,,,,,,
,, ,109804902, ,2015-07-17,N/A,N/A,N/A, ,,RUB,N/A,Minority Purchase,Tuapsinsky Trading Seaport OJSC announced the acquisition of a minority stake in Tuapse Shipyard JSC. The transaction was announced on 7/17/2015 and is currently pending. Financial terms of the transaction are undisclosed.,Pending,INV,No, ,Friendly,0,Undisclosed,0,33.759998, ,,,, ,,, , ,Russia,RU,Industrials,Tuapsinsky Trading Seaport OJSC,1043, ,N.A., ,N.A.,N.A., ,N.A.,, ,N.A,Russia,RU,Industrial Services,Industrials,Transportation & Logistics,Tuapse Shipyard JSC,, , , , , , , , , ,,,,2015-07-16,,,,,
,, ,109975734, ,2015-12-22,4.97,4.97,4.975 Mln,2015-12-29,,USD,4.97,"Cross Border, Minority Purchase, Bankruptcy/Liquidation","Aurora Russia announced on 12/22/20015 that it had reached an agreement to sell Unistream Commercial Bank JSC. On 07/22/2015 it was reported that Aurora Russia Ltd is to sell its 26% stake in nistream Commercial Bank JSC within 6 to 12 months, Aurora said in its annual financial report. The o...",Completed,INV,No, ,Friendly,0,Cash,0,26,2015-07-22,On the Block,,, ,,, ,,Russia,,N.A.,Unnamed Buyer,,,,N.A.,N.A.,Guernsey,GG,N.A.,Aurora Russia Ltd, ,Moscow,Russia,RU,Banking,Financials,Banking,Unistream Commercial Bank JSC,, , , , , , , , , ,,,,,,,,,
,, ,110013484, ,2015-07-23,N/A,N/A,N/A,2016-01-31,,RUB,N/A,"Cross Border, Private Equity, Majority Purchase, PE Exit, PE Seller","On 07/23/2015, Kommersant newspaper reported that Baring Vostok Capital Partners is holding talks with banks to sell its 67% stake in Orient Express Bank OJSC. With no further information disclosed, this proposal has been withdrawn.",Withdrawn,M&A,No, ,Friendly,0,Cash,0,67,2015-07-23,On the Block,,, ,,, ,,British Virgin Islands,,N.A.,Potential Buyer,,,,N.A.,0213,United Kingdom,RU,Financials,Baring Vostok Capital Partners Ltd/Russia, ,Moskva,Russia,RU,Banking,Financials,Banking,Orient Express Bank PJSC,1109,HOGS, , , , , , , , ,,,,,,,,,
,Jones Day, ,110027206, ,2015-07-23,40,40,40.0 Mln,2015-07-23,,USD,40,"Venture Capital, Cross Border, Private Equity, Minority Purchase, Series B / 2",A consortium led by Baring Vostok Capital Partners Ltd/Russia acquired a minority stake in CarPrice.ru. The transaction was completed on 7/23/2015.,Completed,INV,No, ,Friendly,0,Cash,0,0, ,,,, ,,Squire Sanders, ,,United Kingdom,,"Financials, Financials","Private Investors,Baring Vostok Capital Partners Ltd/Russia (Fund: Baring Vostok Private Equity Fund V LP),Almaz Capital Partners Ltd (Fund: Almaz Capital Russia Fund II LP)",,,, ,N.A.,N.A., ,N.A.,, ,Moscow,Russia,RU,Media,Communications,Internet Media & Services,CarPrice.ru,, , , , , , , , , ,,,,,,,,,
Cooperatieve Rab,Linklaters, ,110075977, ,2015-07-24,N/A,N/A,N/A,2018-09-30,,USD,N/A,"Company Takeover, Cross Border",Agro-Invest Brinky BV sold Poultry Parent Stock Production Woyskovitsy JSC & Ptitsefabrika Severnaya AO/Kirovskiy Rayon to Charoen Pokphand Foods PCL. The transaction was announced on 7/24/2015 and completed on 9/30/2018. Financial terms of the transaction are undisclosed.,Completed,M&A,No, ,Friendly,0,Undisclosed,0,100, ,,,, ,,, ,Bangkok,Thailand,TH,Consumer Staples,Charoen Pokphand Foods PCL,, ,N.A.,N.A.,,Netherlands,NL,Consumer Staples,Agro-Invest Brinky BV, ,,Russia,,"Consumer Staple Products, Consumer Staple Products","Consumer Staples, Consumer Staples","Food, Food","Ptitsefabrika Severnaya AO/Kirovskiy Rayon,Poultry Parent Stock Production Woyskovitsy JSC",,, , , , , , , , ,,,,,,,2018-09-30,,
,, ,110829559, ,2015-08-06,N/A,N/A,N/A, ,,USD,N/A,Company Takeover,Gunvor Group Ltd announced the sale of Novorossiysk Fuel Oil Terminal LLC to Zvezda OOO. The transaction was announced on 8/6/2015 and is currently pending. Financial terms of the transaction are undisclosed.,Pending,M&A,No, ,Friendly,0,Undisclosed,0,50, ,,,, ,,, , ,Russia,RU,Consumer Staples,Zvezda OOO,,GROCERIES,5141,N.A.,N.A.,Switzerland,CY,Energy,Gunvor Group Ltd, ,Novorossiysk,Russia,RU,Oil & Gas,Energy,Oil & Gas Services & Equip,Novorossiysk Fuel Oil Terminal LLC,, , , , , , , , , ,,,,2015-08-06,,,,,
,, ,110932654, ,2015-08-10,N/A,N/A,N/A, ,,RUB,N/A,Majority Purchase,Promsvyazkapital ZAO announced the acquisition of Bank Vozrozhdenie PJSC. The transaction was announced on 8/10/2015 and is currently pending. Financial terms of the transaction are undisclosed.,Pending,M&A,No, ,Friendly,-14659,Undisclosed,0,75, ,,,, ,,, ,Astrakhan,Russia,RU,Industrials,Promsvyazkapital ZAO,,CONSULTING SVC,8742, ,6029,N.A., ,N.A.,, ,Moscow,Russia,RU,Banking,Financials,Banking,Bank Vozrozhdenie PJSC,,COML BANK NEC,0.82, ,0.76,0.09,0.21, ,0.19,0.02,,N/A,,2015-08-19,,,,,
,Linklaters, ,111157324, ,2015-08-14,140,140,140.0 Mln,2015-08-21,,USD,140,"Company Takeover, Cross Border",Trican Well Service Ltd sold RN-GRP OOO/Moscow to Rosneft Oil Co PJSC for USD 140.00M. The transaction was announced on 8/14/2015 and completed on 8/21/2015.,Completed,M&A,No, ,Friendly,0,Cash,0,100, ,,Morgan Stanley,Blake Cassels, ,,Morgan Lewis, ,Moscow,Russia,RU,Energy,Rosneft Oil Co PJSC,302100, ,N.A.,1389,1389,Canada,CA,Energy,Trican Well Service Ltd,OIL/NG SVS NEC,Moscow,Russia,RU,Oil & Gas,Energy,Oil & Gas Services & Equip,RN-GRP OOO/Moscow,,OIL/NG SVS NEC, , , , , , , , ,,,,,,,,,
VTB Capital,Herbert Smith Fr, ,111234567, ,2015-08-17,N/A,N/A,N/A,2015-08-17,,RUB,N/A,"Company Takeover, Cross Border",Kraft Heinz Foods Co acquired Ivanovskiy Kombinat Detskogo Pitaniya OOO. The transaction was completed on 8/17/2015. Financial terms of the transaction are undisclosed.,Completed,M&A,No, ,Friendly,0,Undisclosed,0,100, ,,,, ,,, ,Pittsburgh,United States,US,Consumer Staples,Kraft Heinz Foods Co,,FRUITS/VEG,2030, ,2023,N.A., ,N.A.,, ,Ivanovo,Russia,RU,Consumer Staple Products,Consumer Staples,Food,Ivanovskiy Kombinat Detskogo Pitaniya OOO,,DRY/COND/EVAP, , , , , , , , ,,,,,,,,,
,, ,111334721, ,2015-08-19,45.15,45.15,N/A,2015-10-02,,RUB,45.15,"Company Takeover, Cross Border",Getin Holding SA announced the sale of Karkade OOO to B&N Bank JSC for RUB 3000.00M. The transaction was announced on 8/19/2015 and terminated on 10/2/2015.,Terminated,M&A,No, ,Friendly,0,Undisclosed,0,100, ,,,Herbert Smith Fr, ,,, ,Moscow,Russia,RU,Financials,B&N Bank JSC,, ,N.A.,N.A.,N.A.,Poland,PL,Financials,Getin Holding SA, ,Kaliningrad,Russia,RU,Financial Services,Financials,Specialty Finance,Karkade OOO,1327, , , , , , , , , ,,,,,,,,,
,, ,111594323, ,2015-09-17,N/A,N/A,N/A,2015-12-31,,RUB,N/A,"Cross Border, Asset Sale","On 09/17/2015, it was reported that Axel Springer SE agreed to sell its Russian activities to publisher Alexander Fedotov for an undisclosed amount.  On 08/26/2015, Kommersant reported that Axel Springer SE may sell 80% of its Russian Unit which publishes Forbes magazine in the country to loc...",Completed,AST,No, ,Friendly,0,Cash,0,100,2015-08-26,On the Block,PwC,, ,,, ,,Russia,,N.A.,Private Investor,,,,N.A.,,Germany,DE,Communications,Axel Springer SE, ,,Russia,,Media,Communications,Publishing & Broadcasting,Russian unit,,, , , , , , , , ,,,,,,,,,
,, ,111655567, ,2015-08-27,N/A,N/A,N/A, ,,USD,N/A,"Company Takeover, Bankruptcy/Liquidation",B&N Bank JSC announced the acquisition of Probusinessbank OAO. The transaction was announced on 8/27/2015 and is currently pending. Financial terms of the transaction are undisclosed.,Pending,M&A,No, ,Friendly,-226.426102,Undisclosed,0,100, ,,,, ,,, ,Moscow,Russia,RU,Financials,B&N Bank JSC,, ,N.A., ,N.A.,N.A., ,N.A.,, ,Moscow,Russia,RU,Banking,Financials,Banking,Probusinessbank OAO,5057, ,1.22, ,0.42,0.08, , , , ,,,,,,,,,
,, ,111718226, ,2015-08-28,N/A,N/A,N/A,2016-02-29,,SEK,N/A,"Cross Border, Minority Purchase","Vedomosti reported on 08/28/2015 that Modern Times Group MTG AB  is seeking to sell a stake in Viasat Holding OOO to Len Blavatnik.With no further information disclosed, this proposal has been withdrawn.",Withdrawn,INV,No, ,Friendly,0,Cash,0,0,2015-08-28,On the Block,,, ,,, ,,Russia,,N.A.,Private Investor,,,,N.A.,,Sweden,SE,Communications,Modern Times Group MTG AB, ,,Russia,,Media,Communications,Advertising & Marketing,Imperiya Filmov OOO,,, , , , , , , , ,,,,,,,,,
,Dentons, ,111873310, ,2015-09-01,N/A,N/A,N/A, ,,USD,N/A,"Cross Border, Asset Sale",O'Key Group SA announced the sale of 3 Hypermarkets / Chelyabinsk & Volgograd to Lenta International Co PJSC. The transaction was announced on 9/1/2015 and is currently pending. Financial terms of the transaction are undisclosed.,Pending,AST,No, ,Friendly,0,Cash,0,100, ,,,, ,,, ,Saint Petersburg,Russia,RU,Consumer Staples,Lenta International Co PJSC,66700,NONWEAVE FAB,2297,N.A.,,Luxembourg,RU,Consumer Staples,O'Key Group SA, ,,Russia,,Retail & Wholesale - Staples,Consumer Staples,Retail - Consumer Staples,3 Hypermarkets / Chelyabinsk & Volgograd,,, , , , , , , , ,,,,,,,,,
Sberbank CIB,, ,111889318, ,2015-09-25,N/A,N/A,N/A,2015-09-25,,RUB,N/A,"Recapitalization, Majority Purchase","The board of directors of Aeroflot approved the bailout of Transaero on 09/03/2015. On 09/01/2015, Aeroflot - Russian Airlines PJSC was said to be discussing the purchase of 75% plus 1 shr in Transaero Airlines at the next board meeting.",Terminated,M&A,No, ,Friendly,117271.3984,Undisclosed,0,75,2015-09-01,,,, ,VTB Capital,, ,Moscow,Russia,RU,Industrials,Aeroflot PJSC,, ,N.A., ,N.A.,N.A., ,N.A.,, ,Saint-Petersburg,Russia,RU,Industrial Services,Industrials,Transportation & Logistics,Transaero Airlines,11168, ,-4.68,-21.25,-1.37,-0.81,-1.17,-5.31,-0.34,-0.2,,,,N/A,,,,,
,Morgan Lewis, ,111907138, ,2015-05-26,N/A,N/A,N/A,2015-05-26,,RUB,N/A,Majority Purchase,Hearst Shkulev Media OOO acquired Rugion OOO. The transaction was completed on 5/26/2015. Financial terms of the transaction are undisclosed.,Completed,M&A,No, ,Friendly,0,Cash,0,0, ,,,, ,,, ,Moscow,Russia,RU,Communications,Hearst Shkulev Media OOO,, ,N.A., ,N.A.,N.A., ,N.A.,, , ,Russia,RU,Industrial Services,Industrials,Commercial Support Services,Rugion OOO,, , , , , , , , , ,,,,,,,,,
VTB Capital,Norton Rose, ,112028982, ,2015-09-30,5385.28,5760.28,2.97/sh.,2015-12-03,,USD,5760.28,"Company Takeover, Additional Stake Purchase, Tender Offer, Going Private","Wandle Holdings Ltd announced the acquisition of the remaining shares of Polyus Gold International Ltd for USD 5,760.28M. This is the largest deal for Wandle Holdings Ltd as of announcement date. The deal was announced on 09/30/2015 and was completed on 12/03/2015. On 09/02/2015, Sacturino Lt...",Completed,M&A,No, ,Friendly,375,Cash,40.200001,59.799999,2015-09-02,,,, ,Credit Suisse/JP Morgan/Lazard Ltd,Herbert Smith Fr, ,Nicosia,Russia,CY,Financials,Wandle Holdings Ltd,, ,N.A., ,N.A.,N.A., ,N.A.,, ,Moscow,Russia,RU,Materials,Materials,Metals & Mining,Polyus Gold International Ltd,, ,6.11,8.76,4.02,1.87,6.36,9.12,4.19,1.95,,,,2015-09-30,,,,,
Morgan Stanley,Vinson & Elkins, ,112042596,2015-12-11,2015-09-03,1338,1338,N/A,2015-12-17,,USD,N/A,"Cross Border, Minority Purchase",China Petroleum & Chemical Corp acquired a minority stake in Sibur Holding PAO. The transaction was announced on 9/3/2015 and completed on 12/17/2015.,Completed,INV,No, ,Friendly,0,Undisclosed,0,10, ,,,, ,,Cleary Gottlieb, ,Beijing,China,CN,Energy,China Petroleum & Chemical Corp,351104,PETROL REFINNG,2911, ,1311,N.A., ,N.A.,, ,Moscow,Russia,RU,Oil & Gas,Energy,Oil & Gas Supply Chain,Sibur Holding PAO,,CRUDE PETR/NG,3.48,9.79,2.48,1.38,3.48,9.79,2.48,1.38,,,,2015-12-11,,,,,
,Jones Day, ,112151125, ,2015-09-07,N/A,N/A,N/A,2015-09-09,,RUB,N/A,"Cross Border, Minority Purchase",SovCo Capital Partners BV acquired a minority stake in RosEvroBank. The transaction was announced on 9/7/2015 and completed on 9/9/2015. Financial terms of the transaction are undisclosed.,Completed,INV,No, ,Friendly,0,Undisclosed,0,9.48, ,,,, ,,Hogan Lovells US, ,Hoofddorp,Netherlands,NL,Financials,SovCo Capital Partners BV,, ,N.A., ,6029,N.A., ,N.A.,, ,Moscow,Russia,RU,Banking,Financials,Banking,RosEvroBank,,COML BANK NEC, , , , , , , , ,,,,,,,,,
,, ,112173185, ,2015-05-31,N/A,N/A,N/A,2015-05-31,,ARS,N/A,"Company Takeover, Cross Border",Tirona OOO acquired Prestamo Movil SA. The transaction was completed on 5/31/2015. Financial terms of the transaction are undisclosed.,Completed,M&A,No, ,Friendly,0,Undisclosed,0,100, ,,,, ,,, ,N.A,Russia,RU,Consumer Discretionary,Tirona OOO,,INDL MACH/EQUI,5084, ,N.A.,N.A., ,N.A.,, ,N.A,Russia,AR,Financial Services,Financials,Specialty Finance,Prestamo Movil SA,, , , , , , , , , ,,,,,,,,,
,, ,112178237, ,2015-09-08,N/A,N/A,N/A,2017-04-06,,USD,N/A,"Company Takeover, Cross Border","It was reported on 10/06/2016 that the Russian Federal antimonopoly service allowed Ural Mining & Metallurgical to buy 92.73% of Chelyabinsk Zinc.  On 09/08/2015, Kommersant reported that Ukrainskaya Gorno-Metallurgicheskaya Kompaniya had made an application to the Federal Anti-Monopoly Servi...",Withdrawn,M&A,No, ,Friendly,-7.943856,Undisclosed,0,92.730003,2015-09-08,,,, ,,, ,Kiev,Ukraine,UA,Materials,Ukrainskaya Gorno-Metallurgicheskaya Kompaniya,, ,N.A., ,N.A.,N.A., ,N.A.,, ,Chelyabinsk,Russia,RU,Materials,Materials,Metals & Mining,Chelyabinsk Zinc Plant PJSC,1771, ,0.04,0.14,0.04,0.04,0,0.01,0,0,,,,2016-10-06,,,,,
,, ,112472135, ,2015-09-14,N/A,N/A,N/A,2016-03-31,,EUR,N/A,"Cross Border, Majority Purchase","On 09/14/2015,Vedomosti reported that Azimut OOO, a subsidiary of BCS Finance One BV had requested the approval of the Federal Antimonopoly Service to acquire 81% in UK Uralsib ZAO. With no further information disclosed, this proposal has been withdrawn.",Withdrawn,M&A,No, ,Friendly,0,Undisclosed,0,81,2015-09-14,,,, ,,, ,Zaandam,Russia,NL,Financials,Finance One BV,, ,N.A.,N.A.,6726,Cyprus,CY,Financials,Danofe Trading Ltd, ,Moscow,Russia,RU,Financial Services,Financials,Institutional Financial Svcs,UK Uralsib ZAO,,INVEST OFF NEC, , , , , , , , ,,,,N/A,,,,,
,, ,112829260, ,2015-09-22,300,300,9.57/sh.,2015-09-22,,USD,300,"Option Agreement, Cross Border, Minority Purchase",Sumeru Gold BV sold a minority stake in Solidcore Resources PLC to Solidcore Resources PLC. The transaction was completed on 9/22/2015.,Completed,INV,No, ,Friendly,0,Cash,0,7.4, ,,,, ,,, ,G.astana,Russia,KZ,Materials,Solidcore Resources PLC,3884, ,N.A.,N.A.,N.A.,Netherlands,NL,Materials,Sumeru Gold BV, ,G.astana,Russia,KZ,Materials,Materials,Metals & Mining,Solidcore Resources PLC,3884, ,4.66,5.76,2.4,1.35,4.66,5.76,2.4,1.35,,,,,,,,,
,, ,112829422, ,2015-09-22,232.26,232.26,7.41/sh.,2015-09-22,,USD,232.26,Minority Purchase,Bank Otkritie Financial Corp PJSC acquired a minority stake in Solidcore Resources PLC. The transaction was completed on 9/22/2015.,Completed,INV,No, ,Friendly,0,Cash,0,7.4, ,,,, ,,, ,Moscow,Russia,RU,Financials,Bank Otkritie Financial Corp PJSC,38284, ,N.A., ,N.A.,N.A., ,N.A.,, ,G.astana,Russia,KZ,Materials,Materials,Metals & Mining,Solidcore Resources PLC,3884, ,3.61,4.46,1.86,1.05,3.61,4.46,1.86,1.05,,,,,,,,,
,, ,113070141, ,2015-09-28,N/A,N/A,N/A,2015-09-24,,RUB,N/A,"Private Placement, Minority Purchase",MKB Capital OOO acquired a minority stake in Pharmacy Chain 36.6 PJSC. The transaction was announced on 9/28/2015 and completed on 9/24/2015. Financial terms of the transaction are undisclosed.,Completed,INV,No, ,Friendly,0,Cash,0,5.375, ,,,, ,,, , ,Russia,RU,Financials,MKB Capital OOO,, ,N.A., ,N.A.,N.A., ,N.A.,, ,Moscow,Russia,RU,Retail & Wholesale - Staples,Consumer Staples,Retail - Consumer Staples,Pharmacy Chain 36.6 PJSC,, , , , , , , , , ,,,,,,,,,
,Dentons, ,113165650, ,2015-08-06,N/A,N/A,N/A, ,,EUR,N/A,"Company Takeover, Cross Border",Sibur Ltd announced the sale of Portenergo OOO to Investor Group. The transaction was announced on 8/6/2015 and is currently pending. Financial terms of the transaction are undisclosed.,Pending,M&A,No, ,Friendly,0,Cash,0,100, ,,,, ,,, ,,Russia,,N.A.,Investor Group,,,,N.A.,1541,Cyprus,CY,Financials,Sibur Ltd, ,N.A,Russia,RU,Industrial Services,Industrials,Engineering & Construction,Portenergo OOO,,INDUS BLD/WARE, , , , , , , , ,,,,,,,,,
,, ,113238096, ,2015-07-29,N/A,N/A,N/A,2015-07-29,,GBP,N/A,"Cross Border, Private Equity, Minority Purchase, PE Seller",Volga Group/The sold a minority stake in Ifsk Arks OOO & SK Mostovik OOO to Private Investor. The transaction was completed on 7/29/2015. Financial terms of the transaction are undisclosed.,Completed,INV,No, ,Friendly,0,Cash,0,25, ,,,, ,,, ,,Russia,,N.A.,Private Investor,,,,N.A.,,Luxembourg,LU,Financials,Volga Group/The, ,,Russia,,"Industrial Services, Industrial Services","Industrials, Industrials","Engineering & Construction, Engineering & Construction","Ifsk Arks OOO,SK Mostovik OOO",,, , , , , , , , ,,,,,,,,,
,, ,113249970, ,2015-09-30,11.52,11.52,10.3 Mln, ,,EUR,11.52,"Cross Border, Asset Sale",YIT Oyj announced the sale of 42 apartments to Ovaro Kiinteistosijoitus Oyj for EUR 10.30M. The transaction was announced on 9/30/2015 and is currently pending.,Pending,AST,No, ,Friendly,0,Cash,0,100, ,,,, ,,, ,Helsinki,Finland,FI,Real Estate,Ovaro Kiinteistosijoitus Oyj,4, ,N.A.,N.A.,,Finland,FI,Real Estate,YIT Oyj, ,,Russia,,N.A.,N.A.,N.A.,42 apartments,,, , , , , , , , ,,,,,,,,,
,, ,113599922, ,2015-10-02,92.41,92.41,6116.0 Mln,2015-10-02,,RUB,92.41,Minority Purchase,Sistema PJSFC acquired a minority stake in Gruppa Kompaniy Medsi AO. The transaction was completed on 10/2/2015.,Completed,INV,No, ,Friendly,0,Cash,0,25.02, ,,,, ,,, ,Moscow,Russia,RU,Communications,Sistema PJSFC,,PHONE NO  RADI,4813, ,N.A.,N.A., ,N.A.,, ,Moscow,Russia,RU,Health Care,Health Care,Health Care Facilities & Svcs,Gruppa Kompaniy Medsi AO,, , , , , , , , , ,,,,,,,,,
,, ,113612744, ,2015-12-16,43.02,43.02,169.5 Mln,2015-12-16,,PLN,43.02,"Company Takeover, Cross Border","On 12/16/2015, Getin Holding SA is selling Carcade OOO to Forus Bank Zao for PLN 169.50M. On 10/02/2015 as per WSE InfoSpace, Getin Holding SA is still planning to sell Carcade OOO, despite the sale to B&N Bank JSC was terminated on 10/02/2015, citing the words of Getin Holding spokesman.",Terminated,M&A,No, ,Friendly,0,Cash,0,100,2015-10-02,On the Block,Barclays,, ,,, ,Nizhniy Novgorod,Russia,RU,Financials,Forus Bank ZAO,,NATL COML BANK,6021,N.A.,N.A.,Poland,PL,Financials,Getin Holding SA, ,Kaliningrad,Russia,RU,Financial Services,Financials,Specialty Finance,Karkade OOO,1327, , , , , , , , , ,,,,,,,,,
,, ,113712721, ,2015-10-06,N/A,N/A,N/A,2015-10-06,,EUR,N/A,"Cross Border, Asset Sale",Bayer AG sold 5 hormonal branded products to Alvogen Group Inc. The transaction was completed on 10/6/2015. Financial terms of the transaction are undisclosed.,Completed,AST,No, ,Friendly,0,Cash,0,100, ,,,, ,,, ,Morristown,United States,US,Health Care,Alvogen Group Inc,2300,HOLDING CO NEC,6719,2834,,Germany,DE,Health Care,Bayer AG,PHARM PREPS,,Russia,,Health Care,Health Care,Biotech & Pharma,5 hormonal branded products,,, , , , , , , , ,,,,,,,,,
Xenon Capital,, ,113817432,2015-10-12,2015-10-08,1725.67,2480.64,11.75/sh.,2015-11-18,,USD,2480.64,"Company Takeover, Going Private, Management Buyout","On 10/12/2015, Eurasia Drilling Co Ltd announced a revision in the offer price to USD 11.75 per share after receiving recommendation from the Special Committee. The transaction was completed on 11/18/2015. On 10/08/2015, Eurasia Drilling Co Ltd said that it had received a cash offer of USD 10...",Completed,M&A,No, ,Unsolicited to Friendly,754.976013,Cash,0,100, ,,,, ,,Maples & Calder/Skadden Arps/Willkie Farr, ,,British Virgin Islands,,Unclassifiable,"Management Group,Burned Sun Ltd",,,, ,N.A.,N.A., ,N.A.,, ,Nicosia,Russia,CY,Oil & Gas,Energy,Oil & Gas Services & Equip,Eurasia Drilling Co Ltd,17765, ,1.45,2.07,0.58,0.64,2.09,2.98,0.83,0.92,,,,,,,,,2015-11-17
,Cleary Gottlieb, ,113950715, ,2015-10-12,282,282,282.0 Mln,2015-10-12,,USD,282,Minority Purchase,MegaFon PJSC acquired a minority stake in Glanbury Investments Ltd. The transaction was completed on 10/12/2015.,Completed,INV,No, ,Friendly,0,Cash,0,49.999001, ,,,, ,,Herbert Smith Fr, ,Sankt-peterburg,Russia,RU,Communications,MegaFon PJSC,, ,N.A., ,N.A.,N.A., ,N.A.,, , ,Russia,CY,Real Estate,Real Estate,Real Estate Owners & Developers,Glanbury Investments Ltd,, , , , , , , , , ,,,,,,,,,
,, ,114151686, ,2015-10-15,N/A,N/A,N/A,2015-10-15,,EUR,N/A,"Cross Border, Minority Purchase",Oanfir Technology Investments Ltd sold a minority stake in Bank Otkritie Financial Corp PJSC to Private Investor. The transaction was completed on 10/15/2015. Financial terms of the transaction are undisclosed.,Completed,INV,No, ,Friendly,0,Undisclosed,0,6.8054, ,,,, ,,, ,,Russia,,N.A.,Private Investor,,,,N.A.,N.A.,Cyprus,CY,Financials,Oanfir Technology Investments Ltd, ,Moscow,Russia,RU,Banking,Financials,Banking,Bank Otkritie Financial Corp PJSC,38284, , , , , , , , , ,,,,,,,,,
,, ,114163368, ,2015-10-15,100,100,100.0 Mln,2015-10-15,,USD,100,"Cross Border, Minority Purchase",USM Holdings Ltd acquired a minority stake in Virtus Pro OOO. The transaction was completed on 10/15/2015.,Completed,INV,No, ,Friendly,0,Cash,0,0, ,,,, ,,, , ,British Virgin Islands,VG,Industrials,USM Holdings Ltd,, ,N.A., ,N.A.,N.A., ,N.A.,, , ,Russia,RU,Media,Communications,Entertainment Content,Virtus Pro OOO,, , , , , , , , , ,,,,,,,,,
,Sidley Austin, ,114276692, ,2015-10-19,N/A,N/A,N/A, ,,GBP,N/A,"Option Agreement, Company Takeover, Cross Border, Additional Stake Purchase",MTH Ltd announced the sale of Skartel OOO to China Baoli Technologies Holdings Ltd. The transaction was announced on 10/19/2015 and is currently pending. Financial terms of the transaction are undisclosed.,Pending,M&A,No, ,Friendly,0,Undisclosed,90,10, ,,,, ,,, ,Central,Hong Kong,HK,Consumer Discretionary,China Baoli Technologies Holdings Ltd,42, ,N.A.,N.A.,4813,United Kingdom,GB,Technology,MTH Ltd, , ,Russia,RU,Telecommunications,Communications,Telecommunications,Skartel OOO,,PHONE NO  RADI, , , , , , , , ,,,,,,,,,
,, ,114279482, ,2015-10-19,N/A,N/A,N/A,2015-10-19,,EUR,N/A,"Cross Border, Asset Sale",Raiffeisen Bank International AG sold Raiffeisenbank pension fund business/Russia to B&N Bank JSC. The transaction was completed on 10/19/2015. Financial terms of the transaction are undisclosed.,Completed,AST,No, ,Friendly,0,Cash,0,100, ,,,, ,,, ,Moscow,Russia,RU,Financials,B&N Bank JSC,, ,N.A.,N.A.,,Austria,AT,Financials,Raiffeisen Bank International AG, ,,Russia,,Financial Services,Financials,Asset Management,Raiffeisenbank pension fund business/Russia,,, , , , , , , , ,,2015-10-19,,2015-10-19,,,,,
VTB Capital,, ,114279974, ,2016-07-20,N/A,N/A,N/A,2016-08-31,,RUB,N/A,"Company Takeover, Squeeze Out, Additional Stake Purchase, Tender Offer","As of 07/20/2016, VTB Capital said that it had integrated with Bank of Moscow.On 10/19/2015 the supervisory board of VTB Bank PJSC decided to acquire the remaining shares in Bank of Moscow OJSC.",Completed,M&A,No, ,Friendly,0,Undisclosed,96.879997,3.12,2015-10-19,,,, ,,, ,Moscow,Russia,RU,Financials,VTB Bank PJSC,, ,N.A., ,N.A.,N.A., ,N.A.,, ,Moscow,Russia,RU,Banking,Financials,Banking,BM Bank AO,, , , , , , , , , ,,,,,,,,,
,, ,114357079, ,2015-10-20,N/A,N/A,N/A, ,,RUB,N/A,Majority Purchase,Private Investor announced the acquisition of Transaero Airlines. The transaction was announced on 10/20/2015 and is currently pending. Financial terms of the transaction are undisclosed.,Pending,M&A,No, ,Friendly,0,Undisclosed,0,51, ,,,, ,,, ,,Unknown,,N.A.,Private Investor,,,, ,N.A.,N.A., ,N.A.,, ,Saint-Petersburg,Russia,RU,Industrial Services,Industrials,Transportation & Logistics,Transaero Airlines,11168, , , , , , , , , ,,,,,,,,,
,, ,114393863, ,2015-10-21,N/A,N/A,N/A,2016-04-30,,USD,N/A,"Company Takeover, Cross Border","On 10/21/2015, the Economic Times reported that Reliance Communications Ltd, Mobile TeleSystems PJSC and Aircel Ltd had begun talks for a three way merger. The first phase of the broader deal could see Mobile TeleSystems PJSC merging with Relinace Communications Ltd through a share swap and t...",Withdrawn,M&A,No, ,Friendly,3679.446045,Stock,0,100,2015-10-21,Negotiation,,, ,,, ,Navi Mumbai,India,IN,Communications,Reliance Communications Ltd,, ,N.A., ,N.A.,N.A., ,N.A.,, ,Moscow,Russia,RU,Telecommunications,Communications,Telecommunications,Mobile TeleSystems PJSC,60388, ,-1.48,-1.35,-0.54,-0.35, , , , ,,,,,,,,,
,, ,114507980, ,2015-10-23,N/A,N/A,N/A,2016-08-11,,GBP,N/A,"Cross Border, Additional Stake Purchase",TUI AG sold TT-Trevel OOO to Severgroup CJSC. The transaction was announced on 10/23/2015 and completed on 8/11/2016. Financial terms of the transaction are undisclosed.,Completed,INV,No, ,Friendly,0,Undisclosed,51,24, ,,,, ,,, ,Cherepovets,Russia,RU,Financials,Severgroup CJSC,, ,N.A.,N.A.,4724,Germany,DE,Consumer Discretionary,TUI AG, ,Moscow,Russia,RU,Consumer Discretionary Services,Consumer Discretionary,Leisure Facilities & Services,TT-Trevel OOO,,TRAVEL AGENCY, , , , , , , , ,,,,,,,,,
,, ,114582559, ,2015-10-26,45.5,45.5,45.5 Mln,2015-10-26,,USD,45.5,"Cross Border, Asset Sale, Private Equity",Modern Times Group MTG AB sold Russian & international pay-TV businesses to a consortium led by Baring Vostok Capital Partners Ltd/Russia for USD 45.50M. The transaction was completed on 10/26/2015.,Completed,AST,No, ,Friendly,0,Cash,0,100, ,,Rothschild & Co,Ashurst LLP/White & Case LLP, ,,, ,,United Kingdom,,"Financials, Financials","Baring Vostok Capital Partners Ltd/Russia,Synergy OOO",,,,N.A.,,Sweden,SE,Communications,Modern Times Group MTG AB, ,,Russia,,Media,Communications,Entertainment Content,Russian & international pay-TV businesses,,, , , , , , , , ,,,,,,,,,
,, ,114743766, ,2015-10-28,N/A,N/A,N/A,2015-10-28,,RUB,N/A,Company Takeover,Sibirskiye Seti OOO acquired Norilsk Telecom OOO. The transaction was completed on 10/28/2015. Financial terms of the transaction are undisclosed.,Completed,M&A,No, ,Friendly,0,Undisclosed,0,100, ,,,, ,,, , ,Russia,RU,Communications,Sibirskiye Seti OOO,, ,N.A., ,4899,N.A., ,N.A.,, ,Norilsk,Russia,RU,Telecommunications,Communications,Telecommunications,Norilsk Telecom OOO,,COMMUN SRV NEC, , , , , , , , ,,,,,,,,,
,, ,115068340, ,2015-11-03,N/A,N/A,N/A,2016-05-31,,RUB,N/A,Company Takeover,"On 11/03/2015, Vedomosti reported that Gazprom Energoholding, Gazprom's power utility subsidiary, was said to hire consultant to evaluate T Plus assets and terms for possible merger. Gazprom denied seeking to merge with T Plus later in the day. With no further information disclosed, this prop...",Withdrawn,M&A,No, ,Friendly,136270,Undisclosed,0,100,2015-11-03,Strategic Alt Review,,, ,,, ,St. Petersburg,Russia,RU,Energy,Gazprom PJSC,468, ,N.A., ,N.A.,N.A., ,N.A.,, ,Samara,Russia,RU,Utilities,Utilities,Electric Utilities,T Plus PJSC,, ,-0.62,-12.85,-1.17,-0.28, , , , ,,,,,,,,,
,, ,115068808, ,2015-11-03,N/A,N/A,N/A,2016-05-31,,RUB,N/A,Company Takeover,"On 11/03/2015, Izvestia reported that Mamba was said to buy 100% stake in Teamo.ru OOO, the operator of Russia's most popular paid-subscription dating website. With no further information disclosed, this proposal has been withdrawn.",Withdrawn,M&A,No, ,Friendly,0,Undisclosed,0,100,2015-11-03,Negotiation,,, ,,, ,Moscow,Russia,RU,Communications,Mamba CJSC,, ,N.A., ,N.A.,N.A., ,N.A.,, ,Moscow,Russia,RU,Media,Communications,Internet Media & Services,Teamo.ru OOO,, , , , , , , , , ,,,,,,,,,
,, ,115094920, ,2015-11-03,27.4,27.4,25.0 Mln,2016-06-02,,EUR,27.4,"Cross Border, Asset Sale",Agromino A/S sold Rostov cluster to Ellania Business Inc for EUR 25.00M. The transaction was announced on 11/3/2015 and completed on 6/2/2016.,Completed,AST,No, ,Friendly,0,Cash,0,100, ,,,, ,,, , ,Cyprus,CY,Consumer Staples,Ellania Business Inc,, ,N.A.,N.A.,,Sweden,UA,Consumer Staples,Agromino A/S, ,,Russia,,N.A.,N.A.,N.A.,Rostov cluster,,, , , , , , , , ,,,,,,,,,
,, ,115148424, ,2015-11-04,N/A,N/A,N/A,2015-12-31,,RUB,N/A,Majority Purchase,Private Investor acquired UralSib Bank PJSC. The transaction was announced on 11/4/2015 and completed on 12/31/2015. Financial terms of the transaction are undisclosed.,Completed,M&A,No, ,Friendly,0,Undisclosed,0,82, ,,,, ,,, ,,Russia,,N.A.,Private Investor,,,, ,N.A.,N.A., ,N.A.,, ,Moscow,Russia,RU,Banking,Financials,Banking,UralSib Bank PJSC,8252, , , , , , , , , ,,,,,,,,,
,, ,115194794, ,2015-11-05,N/A,N/A,N/A,2016-05-31,,USD,N/A,Minority Purchase,"On 11/05/2015, Vedomosti reported that Victor Pichugov might acquire 10% stake in Promsvyazbank. With no further information disclosed, this proposal has been withdrawn.",Withdrawn,INV,No, ,Friendly,0,Cash,0,10,2015-11-05,Preliminary Offer,,, ,,, ,,Russia,,N.A.,Private Investor,,,, ,6159,N.A., ,N.A.,, ,Moscow,Russia,RU,Banking,Financials,Banking,Promsvyazbank PJSC,,MISC BUS CRED, , , , , , , , ,,,,,,,,,
,, ,115499173, ,2015-11-06,N/A,N/A,N/A,2015-11-06,,RUB,N/A,Majority Purchase,Rostec State Corp acquired Elektroprivod OAO. The transaction was completed on 11/6/2015. Financial terms of the transaction are undisclosed.,Completed,M&A,No, ,Friendly,0,Undisclosed,0,84.5, ,,,, ,,, ,Moscow,Russia,RU,"Industrials, Industrials",Rostec State Corp,200,MISC INVSTRS,6799, ,8731,N.A., ,N.A.,, ,N.A,Russia,RU,Health Care,Health Care,Health Care Facilities & Svcs,Elektroprivod OAO,,COML RESEARCH, , , , , , , , ,,,,,,,,,
,, ,115545814, ,2015-11-10,120,120,120.0 Mln,2016-05-31,,USD,120,"Cross Border, Asset Sale, Private Equity, PE Exit, PE Seller","On 11/10/2015, it was reported that White Star Real Estate may pay 120m euros to Chicago-registered Heitman for one of towers of Metropolis business center. With no further information disclosed, this proposal has been withdrawn.",Withdrawn,AST,No, ,Friendly,0,Cash,0,100,2015-11-10,Negotiation,,, ,,, ,Warszawa,Poland,PL,Real Estate,White Star Real Estate Sp zoo,, ,N.A.,N.A.,,United States,US,Real Estate,Heitman LLC, ,,Russia,,Real Estate,Real Estate,Real Estate Owners & Developers,Metropolis business center/Moscow,,, , , , , , , , ,,,,,,,,,
,, ,115717277, ,2015-11-13,N/A,N/A,N/A,2016-05-31,,RUB,N/A,Company Takeover,"On 11/13/2015 Vedomosti reported that Mihail Prokhorov is seeking to sell SK Soglasie OOO.With no further information disclosed, this proposal has been withdrawn.",Withdrawn,M&A,No, ,Friendly,0,Undisclosed,0,100,2015-11-13,On the Block,,, ,,, ,,Russia,,N.A.,Potential Buyer,,,, ,6311,N.A., ,N.A.,, ,Moscow,Russia,RU,Insurance,Financials,Insurance,SK Soglasie OOO,,LIFE INSURANCE, , , , , , , , ,,,,,,,,,
,, ,115886472, ,2015-11-18,N/A,N/A,N/A, ,,RUB,N/A,"Company Takeover, Cross Border",Metin Mitchell & Co Ltd announced the acquisition of Chuvaev Consulting Co Ltd. The transaction was announced on 11/18/2015 and is currently pending. Financial terms of the transaction are undisclosed.,Pending,M&A,No, ,Friendly,0,Undisclosed,0,100, ,,,, ,,, ,Dubai,United Arab Emirates,AE,Industrials,Metin Mitchell & Co Ltd,, ,N.A., ,N.A.,N.A., ,N.A.,, ,Sankt-peterburg,Russia,RU,Industrial Services,Industrials,Commercial Support Services,Chuvaev Consulting Co Ltd,, , , , , , , , , ,,,,,,,,,
,, ,115892748, ,2015-11-18,1.8,1.8,1.8 Mln,2015-12-31,,USD,1.8,"Cross Border, Minority Purchase",iNtRON Biotechnology Inc acquired a minority stake in DARLEKS LLC. The transaction was announced on 11/18/2015 and completed on 12/31/2015.,Completed,INV,No, ,Friendly,0,Cash,0,10, ,,,, ,,, ,Seongnam-Si,South Korea,KR,Health Care,iNtRON Biotechnology Inc,65, ,N.A., ,N.A.,N.A., ,N.A.,, ,N.A,Russia,RU,Health Care,Health Care,Biotech & Pharma,DARLEKS LLC,, , , , , , , , , ,,,,,,,,,
,, ,115950640, ,2015-11-19,2.7,5.22,2.7 Mln,2015-11-19,,USD,5.22,Company Takeover,Urals Energy PCL acquired RK-Oil Ltd & BVN Oil Ltd for USD 5.22M. The transaction was completed on 11/19/2015.,Completed,M&A,No, ,Friendly,2.525,Cash,0,100, ,,,, ,,, ,Nicosia,Russia,CY,Energy,Urals Energy PCL,455, ,N.A., ,,N.A., ,N.A.,, ,,Russia,,"Oil & Gas, Oil & Gas","Energy, Energy","Oil & Gas Supply Chain, Oil & Gas Supply Chain","RK-Oil Ltd,BVN Oil Ltd",,, , , , , , , , ,,,,,,,,,
,, ,116059344, ,2015-11-23,N/A,N/A,N/A,2015-12-31,,EUR,N/A,"Company Takeover, Cross Border",TotalEnergies SE sold NK Yugranefteprom OOO to LUKOIL PJSC. The transaction was announced on 11/23/2015 and completed on 12/31/2015. Financial terms of the transaction are undisclosed.,Completed,M&A,No, ,Friendly,0,Undisclosed,0,100, ,,,, ,,, ,Moscow,Russia,RU,Energy,LUKOIL PJSC,, ,N.A.,1311,N.A.,France,FR,Energy,TotalEnergies SE,CRUDE PETR/NG, ,Russia,RU,Oil & Gas,Energy,Oil & Gas Supply Chain,NK Yugranefteprom OOO,, , , , , , , , , ,,,,2015-11-23,,,,,
,, ,116059794, ,2015-11-23,N/A,N/A,N/A,2015-12-31,,RUB,N/A,Asset Sale,MTT OAO sold Star Telecom Broadband Assets to Rostelecom PJSC. The transaction was announced on 11/23/2015 and completed on 12/31/2015. Financial terms of the transaction are undisclosed.,Completed,AST,No, ,Friendly,0,Cash,0,100, ,,,, ,,, ,Moscow,Russia,RU,Communications,Rostelecom PJSC,,PHONE NO  RADI,4813,4899,,Cyprus,RU,Communications,MTT OAO,COMMUN SRV NEC,,Russia,,Tech Hardware & Semiconductors,Technology,Technology Hardware,Star Telecom Broadband Assets,,, , , , , , , , ,,,,2015-11-23,,,,,
,, ,116108595, ,2015-12-09,7.58,7.58,5.0 Mln,2016-01-29,,GBP,7.58,"Cross Border, Majority Purchase","On 12/09/2015, RSA Insurance Group plc announced it has signed contracts to sell its 75% shareholding of Intouch Insurance for approximately GBP 5.00M. On 11/24/2015, Vedomosti reported that RSA Insurance Group PLC is in talks to sell Russian unit Intouch Strakhovanie OAO to NPF Blagosostoyan...",Completed,M&A,No, ,Friendly,0,Cash,0,75,2015-11-24,Negotiation,Societe Generale,Linklaters, ,,, ,Moscow,Russia,RU,Financials,NPF Blagosostoyanie,,TRUST/FOUNDATN,6733,6331,N.A.,United Kingdom,GB,Financials,RSA Insurance Group LTD,FIRE/MARIN INS,Moscow,Russia,RU,Insurance,Financials,Insurance,Intouch Strakhovanie OAO,, , , , , , , , , ,,,,,,,,,
,, ,116138221, ,2015-11-24,N/A,N/A,N/A,2015-11-24,,RUB,N/A,"Company Takeover, Cross Border",Motorsport.com LLC acquired Wildsoft. The transaction was completed on 11/24/2015. Financial terms of the transaction are undisclosed.,Completed,M&A,No, ,Friendly,0,Undisclosed,0,100, ,,,, ,,, ,Miami,United States,US,Communications,Motorsport.com LLC,, ,N.A., ,N.A.,N.A., ,N.A.,, , ,Russia,RU,Media,Communications,Internet Media & Services,Wildsoft,, , , , , , , , , ,,,,,,,,,
,, ,116171993, ,2015-11-25,N/A,N/A,N/A,2016-05-31,,RUB,N/A,Minority Purchase,"On 11/25/2015, Vedomosti reported that Victor Pichugov might buy 10% stake in Bank Vozrozhdenie PJSC. With no further information disclosed, this proposal has been withdrawn.",Withdrawn,INV,No, ,Friendly,0,Cash,0,10,2015-11-25,Preliminary Offer,,, ,,, ,,Russia,,N.A.,Private Investor,,,, ,6029,N.A., ,N.A.,, ,Moscow,Russia,RU,Banking,Financials,Banking,Bank Vozrozhdenie PJSC,,COML BANK NEC, , , , , , , , ,,,,,,,,,
,, ,116172155, ,2015-11-25,0.12,0.12,7.965 Mln,2016-10-31,,RUB,0.1,Majority Purchase,"On 04/13/2016, Rostelecom is close to buying stake in Maykor, Kommersant said. On 11/25/2015, Vedomosti reported that Rostelecom PJSC and Maykor are in talks for the additional stake acquisition of Maykor, citing unidentified people. With no further information disclosed, this proposal has be...",Withdrawn,M&A,No, ,Friendly,0,Cash,0,61,2015-11-25,Negotiation,,, ,,, ,Moscow,Russia,RU,Communications,Rostelecom PJSC,,PHONE NO  RADI,4813, ,N.A.,N.A., ,N.A.,, ,Moscow,Russia,RU,Software & Tech Services,Technology,IT Services,Maykor Outsourcing Services PLC,, , , , , , , , , ,,,,2016-04-14,,,,,
,, ,116179481, ,2015-11-25,30.48,30.48,N/A,2015-11-25,,RUB,N/A,"Minority Purchase, Additional Stake Purchase",Rostelecom PJSC acquired a minority stake in Digital Television/Russia. The transaction was completed on 11/25/2015.,Completed,INV,No, ,Friendly,0,Undisclosed,25.33,15.97, ,,,, ,,, ,Moscow,Russia,RU,Communications,Rostelecom PJSC,,PHONE NO  RADI,4813, ,N.A.,N.A., ,N.A.,, ,N.A,Russia,RU,Media,Communications,Cable & Satellite,Digital Television/Russia,, , , , , , , , , ,,,,,,,,,
,, ,116179775, ,2015-11-25,8,8,N/A,2015-12-31,,RUB,N/A,Majority Purchase,Rostelecom PJSC acquired IQmen - Business Intelligence for RUB 525.00M. The transaction was announced on 11/25/2015 and completed on 12/31/2015.,Completed,M&A,No, ,Friendly,0,Undisclosed,0,75, ,,,, ,,, ,Moscow,Russia,RU,Communications,Rostelecom PJSC,,PHONE NO  RADI,4813, ,N.A.,N.A., ,N.A.,, ,Moscow,Russia,RU,Software & Tech Services,Technology,IT Services,IQmen - Business Intelligence,, , , , , , , , , ,,,,,,,,,
,, ,116184059, ,2015-10-27,40,40,40.0 Mln,2015-10-27,,USD,40,"Venture Capital, Private Equity, Minority Purchase, Financing Round, Cross Border",A consortium led by Baring Vostok Capital Partners Ltd/Russia acquired a minority stake in Dublgis OOO. The transaction was completed on 10/27/2015.,Completed,INV,No, ,Friendly,0,Cash,0,0, ,,,, ,,, ,,United Kingdom,,"Financials, Financials, Financials","Baring Vostok Capital Partners Ltd/Russia (Fund: Baring Vostok Private Equity Fund V LP),RTP Global",,,, ,2721,N.A., ,N.A.,, ,Novosibirsk,Russia,RU,Media,Communications,Publishing & Broadcasting,Dublgis OOO,,PERIODICALS, , , , , , , , ,,,,,,,,,
KPMG Corp Fin,, ,116251150, ,2015-11-27,5.3,5.3,5.0 Mln,2016-02-01,,EUR,5.45,"Company Takeover, Cross Border",Lindex Group OYJ sold Stokmann AO/Moscow to Reviva Holdings Ltd for EUR 5.00M. The transaction was announced on 11/27/2015 and completed on 2/1/2016.,Completed,M&A,No, ,Friendly,0,Cash,0,100, ,,,, ,,, , ,Russia,RU,Consumer Discretionary,Reviva Holdings Ltd,, ,N.A.,N.A.,5499,Finland,FI,Consumer Discretionary,Lindex Group OYJ, ,Moscow,Russia,RU,Retail & Wholesale - Staples,Consumer Staples,Retail - Consumer Staples,Stokmann AO/Moscow,,MISC FOOD STOR, , , , , , , , ,,,,,,,,,
,, ,116251414, ,2015-11-27,180,180,N/A,2016-05-31,,USD,N/A,Company Takeover,"On 11/27/2015, Vedomosti reported that Voentorg's owner Dmitry Rybolovlev received bids from O1 Properties, one of UFG Asset Management funds, Accent investment co, B&N Group for USD 120.00M to 180.00M.  With no further information disclosed, this proposal has been withdrawn.",Withdrawn,M&A,No, ,Friendly,0,Undisclosed,0,100,2015-11-27,On the Block,,, ,,, ,,British Virgin Islands,,N.A.,Potential Buyer,,,, ,6719,N.A., ,N.A.,, , ,Russia,RU,Financial Services,Financials,Asset Management,Voentorg OAO,,HOLDING CO NEC, , , , , , , , ,,,,,,,,,
,Dentons, ,116308382, ,2015-11-30,N/A,N/A,N/A,2016-06-30,,GBP,N/A,"Cross Border, Asset Sale",NatWest Group PLC sold Russian banking assets/Royal Bank of Scotland PLC to Expobank LLC. The transaction was announced on 11/30/2015 and completed on 6/30/2016. Financial terms of the transaction are undisclosed.,Completed,AST,No, ,Friendly,0,Cash,0,100, ,,Barclays,, ,,, ,Moscow,Russia,RU,Financials,Expobank LLC,1578, ,N.A.,6029,,United Kingdom,GB,Financials,NatWest Group PLC,COML BANK NEC,,Russia,,Banking,Financials,Banking,Russian banking assets/Royal Bank of Scotland PLC,,, , , , , , , , ,,,,,,,,,
,, ,116469735, ,2015-12-01,4.24,4.24,282.0 Mln,2015-12-29,,RUB,3.91,Company Takeover,MD Medical Holding Ltd acquired Medika-2 OOO for RUB 282.00M. The transaction was announced on 12/1/2015 and completed on 12/29/2015.,Completed,M&A,No, ,Friendly,0,Cash,0,100, ,,,, ,,, , ,Russia,RU,Health Care,MD Medical Holding Ltd,, ,N.A., ,N.A.,N.A., ,N.A.,, , ,Russia,RU,Health Care,Health Care,Health Care Facilities & Svcs,Medika-2 OOO,, , , , , , , , , ,,,,,,,,,
,, ,116692957, ,2015-12-04,N/A,N/A,N/A, ,,USD,N/A,"Company Takeover, Cross Border","A consortium led by Gaetano Holdings Ltd announced the acquisition of Komi Oil Ltd for USD 5,000.00M. The transaction was announced on 12/04/2015 and is currently pending. At the time of announcement, this is Gaetano's  largest acquisition on record.",Pending,M&A,No, ,Friendly,0,Cash,0,100, ,,,, ,,, ,London,United Kingdom,GB,Financials,Gaetano Holdings Ltd,, ,N.A., ,N.A.,N.A., ,N.A.,, ,Komi Republic,Russia,RU,Oil & Gas,Energy,Oil & Gas Supply Chain,Komi Oil Ltd,, , , , , , , , , ,,,,,,,,,
,, ,116752265, ,2015-12-07,7.01,7.01,N/A,2016-01-29,,RUB,N/A,Company Takeover,MD Medical Group Investments PLC acquired ARTMedGroup for RUB 485.00M. The transaction was announced on 12/7/2015 and completed on 1/29/2016.,Completed,M&A,No, ,Friendly,0,Undisclosed,0,100, ,,,, ,,, ,Moscow,Russia,RU,Health Care,MD Medical Group Investments PLC,13388, ,N.A., ,N.A.,N.A., ,N.A.,, ,Omsk,Russia,RU,Health Care,Health Care,Health Care Facilities & Svcs,ARTMedGroup,, , , , , , , , , ,,,,2016-01-29,,,,,
,, ,116767553, ,2015-12-07,0.95,0.95,66.0 Mln, ,,RUB,0.8,Minority Purchase,Atomenergoprom JSC announced the acquisition of a minority stake in Energopromanalitika AO. The transaction was announced on 12/7/2015 and is currently pending.,Pending,INV,No, ,Friendly,0,Cash,0,0, ,,,, ,,, ,Moscow,Russia,RU,Industrials,Atomenergoprom JSC,, ,N.A., ,N.A.,N.A., ,N.A.,, ,N.A,Russia,RU,Software & Tech Services,Technology,Software,Energopromanalitika AO,, , , , , , , , , ,,,,,,,,,
,, ,116827014, ,2015-12-08,1.73,1.73,120.0 Mln,2015-12-08,RUB 60.00,RUB,1.73,Company Takeover,Nebius Group NV acquired Agnitum Ltd for RUB 120.00M. The transaction was completed on 12/8/2015.,Completed,M&A,Yes, ,Friendly,0,Cash,0,100, ,,,, ,,Morgan Lewis, ,Schiphol,Russia,NL,Communications,Nebius Group NV,1543,COMPUT PROG,7370, ,N.A.,N.A., ,N.A.,, ,Saint Petersburg,Russia,RU,Software & Tech Services,Technology,Software,Agnitum Ltd,, , , , , , , , , ,,,,,,,,,
,, ,116893116, ,2015-12-09,N/A,N/A,N/A,2015-12-24,,RUB,N/A,"Company Takeover, Additional Stake Purchase",Ros Agro PLC announced the acquisition of Uralbroiler ZAO. The transaction was announced on 12/9/2015 and terminated on 12/24/2015. Financial terms of the transaction are undisclosed.,Terminated,M&A,No, ,Friendly,0,Undisclosed,0,0, ,,,, ,,, ,Tambov,Russia,RU,Consumer Staples,Ros Agro PLC,29781, ,N.A., ,0259,N.A., ,N.A.,, ,Ishalino,Russia,RU,Consumer Staple Products,Consumer Staples,Food,Uralbroiler ZAO,,POULTRY/EGGS, , , , , , , , ,,,,,,,,,
,, ,116893392, ,2015-12-09,N/A,N/A,N/A,2015-12-09,,RUB,N/A,"Company Takeover, Additional Stake Purchase",Gazprombank JSC acquired Eastsibinvest Holding Co Ltd. The transaction was completed on 12/9/2015. Financial terms of the transaction are undisclosed.,Completed,M&A,No, ,Friendly,0,Undisclosed,25,75, ,,,, ,,, ,Moscow,Russia,RU,Financials,Gazprombank JSC,,COML BANK NEC,6029, ,N.A.,N.A., ,N.A.,, , ,Russia,RU,Utilities,Utilities,Gas & Water Utilities,Eastsibinvest Holding Co Ltd,, , , , , , , , , ,,,,2015-12-09,,,,,
,, ,117536856, ,2015-12-18,N/A,N/A,N/A,2016-06-30,,RUB,N/A,Majority Purchase,"On 12/18/2015, the Federal Antimonopoly Service announced that CJSC R-Pharm plans to acquire a 90% stake in pharmaceutical producer Tekhnologiya Lekarstv OOO. With no further information disclosed, this proposal has been withdrawn.",Withdrawn,M&A,No, ,Friendly,0,Undisclosed,0,90,2015-12-18,,,, ,,, ,Moscow,Russia,RU,Consumer Staples,R-Farm AO,,DRUG STORES,5912, ,2834,N.A., ,N.A.,, ,N.A,Russia,RU,Health Care,Health Care,Biotech & Pharma,Tekhnologiya Lekarstv OOO,,PHARM PREPS, , , , , , , , ,,,,,,,,,
,, ,117700481, ,2015-12-21,N/A,N/A,N/A,2016-06-30,,USD,N/A,"Cross Border, Asset Sale","On 12/21/2015, RBC reported that Maxim Mayorets is seeking to acquire a majority stake in Viacom's Russian business. With no further information disclosed, this proposal has been withdrawn.",Withdrawn,AST,No, ,Friendly,0,Cash,0,80,2015-12-21,Negotiation,,, ,,, ,,Russia,,N.A.,Private Investor,,,,4841,,United States,US,Communications,Viacom Inc,CABLE/OTHR PAY,,Russia,,Media,Communications,Entertainment Content,Russian business/Viacom Inc,,, , , , , , , , ,,,,,,,,,
,Houthoff, ,117700739, ,2015-03-16,N/A,N/A,N/A,2015-03-16,,EUR,N/A,"Company Takeover, Cross Border",RWE AG sold Wintershall Dea International GmbH to LetterOne Holdings SA. The transaction was completed on 3/16/2015. Financial terms of the transaction are undisclosed.,Completed,M&A,No, ,Friendly,0,Undisclosed,0,100, ,,,, ,,, ,Luxembourg,Luxembourg,LU,Financials,LetterOne Holdings SA,, ,N.A.,N.A.,N.A.,Germany,DE,Utilities,RWE AG, ,Hamburg,Russia,DE,Oil & Gas,Energy,Oil & Gas Supply Chain,Wintershall Dea International GmbH,, , , , , , , , , ,,,,,,,,,
,, ,117808034, ,2015-12-22,N/A,N/A,8.0/sh.,2015-12-22,,RUB,N/A,"Private Placement, Majority Purchase",A consortium led by Surgutneftegas PJSC acquired UTair Aviation PJSC. The transaction was completed on 12/22/2015. Financial terms of the transaction are undisclosed.,Completed,M&A,No, ,Friendly,0,Cash,0,0, ,,,, ,,, ,,Russia,,"Energy, Financials, Government","Surgutneftegas PJSC,Region of Tyumen,Autonomous Region of Khanty-Mansiysk Russia",,,, ,4512,N.A., ,N.A.,, , ,Russia,RU,Industrial Services,Industrials,Transportation & Logistics,UTair Aviation PJSC,,SCHED AIR TRAN, , , , , , , , ,,,,,,,,,
,, ,117833306, ,2015-12-22,N/A,N/A,N/A,2015-12-22,,USD,N/A,"Cross Border, Minority Purchase",ConocoPhillips sold a minority stake in Kompaniya Polyarnoye Siyaniye OOO to Trisonnery Asset Ltd. The transaction was completed on 12/22/2015. Financial terms of the transaction are undisclosed.,Completed,INV,No, ,Friendly,0,Undisclosed,0,50, ,,,, ,,, ,,Cyprus,,N.A.,Trisonnery Asset Ltd,,,,2911,1311,United States,US,Energy,ConocoPhillips,PETROL REFINNG,Arkhangelsk,Russia,RU,Oil & Gas,Energy,Oil & Gas Supply Chain,Kompaniya Polyarnoye Siyaniye OOO,,CRUDE PETR/NG, , , , , , , , ,,,,,,,,,
,, ,118170578, ,2015-12-29,159,159,N/A,2016-02-26,,USD,159,"Cross Border, Minority Purchase","On 02/26/2016, AK Transneft OAO announced that it has completed the purchase of Novorossiysk Fuel Oil Terminal LLC in a regulatory filing. On 12/29/2015 Transneft press secretary Igor Dyomin said that Transneft gained approval to buy 50% of Novorossiysk fuel oil terminal from Gunvor.",Completed,INV,No, ,Friendly,0,Undisclosed,0,50,2015-12-29,,,, ,,, ,Moscow,Russia,RU,Energy,Transneft PJSC,, ,N.A.,N.A.,N.A.,Switzerland,CY,Energy,Gunvor Group Ltd, ,Novorossiysk,Russia,RU,Oil & Gas,Energy,Oil & Gas Services & Equip,Novorossiysk Fuel Oil Terminal LLC,, , , , , , , , , ,,,,2015-12-29,,,,,
,Hogan Lovells US, ,118246498, ,2015-12-30,N/A,N/A,N/A,2016-03-11,,EUR,N/A,"Cross Border, Private Equity, Minority Purchase",Sanoma Oyj sold a minority stake in Mondadori Independent Media LLC & Fashion Press LLC to Inventure Partners. The transaction was announced on 12/30/2015 and completed on 3/11/2016. Financial terms of the transaction are undisclosed.,Completed,INV,No, ,Friendly,0,Cash,0,50, ,,,Noerr LLP, ,,, ,Moscow,Russia,RU,Financials,Inventure Partners,, ,N.A.,N.A.,,Finland,FI,Communications,Sanoma Oyj, ,,Italy,,"Media, Media","Communications, Communications","Publishing & Broadcasting, Publishing & Broadcasting","Mondadori Independent Media LLC,Fashion Press LLC",,, , , , , , , , ,,,,,,,,,
VTB Capital,, ,118247284, ,2015-12-30,136.2,136.2,10000.0 Mln,2015-12-29,,RUB,138.5,Minority Purchase,VTB Bank PJSC acquired a minority stake in TMK PJSC. The transaction was announced on 12/30/2015 and completed on 12/29/2015.,Completed,INV,No, ,Friendly,0,Cash,0,0, ,,,, ,,, ,Moscow,Russia,RU,Financials,VTB Bank PJSC,, ,N.A., ,3317,N.A., ,N.A.,, ,Moscow,Russia,RU,Materials,Materials,Steel,TMK PJSC,,STEEL PIPE, , , , , , , , ,,,,,,,,,
Gazprombank,Dentons, ,118270600, ,2015-11-03,N/A,N/A,N/A,2015-11-03,,EUR,N/A,"Cross Border, Asset Sale",Sibur Ltd sold Commercial port/Ust-Luga to Gazprombank JSC. The transaction was completed on 11/3/2015. Financial terms of the transaction are undisclosed.,Completed,AST,No, ,Friendly,0,Cash,0,100, ,,,, ,,, ,Moscow,Russia,RU,Financials,Gazprombank JSC,,COML BANK NEC,6029,N.A.,,Cyprus,CY,Financials,Sibur Ltd, ,,Russia,,Industrial Services,Industrials,Transportation & Logistics,Commercial port/Ust-Luga,,, , , , , , , , ,,,,,,,,,
,Hogan Lovells US, ,118411291, ,2015-05-18,N/A,N/A,N/A,2015-06-30,,GBP,N/A,"Company Takeover, Cross Border",Vitol Holding BV sold Arawak Energy Russia BV to Sharmel Ltd. The transaction was announced on 5/18/2015 and completed on 6/30/2015. Financial terms of the transaction are undisclosed.,Completed,M&A,No, ,Friendly,0,Undisclosed,0,100, ,,,, ,,, , ,Cyprus,CY,Financials,Sharmel Ltd,, ,N.A.,N.A.,N.A.,United Kingdom,NL,Energy,Vitol Holding BV, ,N.A,Russia,RU,Oil & Gas,Energy,Oil & Gas Supply Chain,Arawak Energy Russia BV,, , , , , , , , , ,,,,,,,,,
,Herbert Smith Fr, ,118912794, ,2016-01-13,700,700,700.0 Mln,2016-07-13,,USD,700,"Cross Border, Asset Sale","On 01/10/2017, it was reported that VimpelCom Ltd has agreed to sell about 13,000 of its towers to Russian Towers. On 09/23/2016, VimpelCom Ltd was to select Russian Towers consortium, EBRD, UFG PE Macquarie Russia & CIS Infrastucture Fund, ADM Capital, Sumitomo corp, and IFC as winner to buy...",Withdrawn,AST,No, ,Friendly,0,Cash,0,100,2016-01-13,Negotiation,BofA ML,, ,,, ,Moscow,Russia,RU,Technology,Russian Towers OOO,, ,N.A.,4812,,Netherlands,AE,Communications,VEON Ltd,RADIOPHONE COM,,Russia,,N.A.,N.A.,N.A.,Russia telecom towers,,, , , , , , , , ,,,,,,,,,
,, ,119030657, ,2016-01-15,4.1,4.1,533.0/sh.,2016-04-29,,RUB,4.93,"Mandatory Offer, Additional Stake Purchase, Tender Offer",Promsvyazbank PJSC acquired Bank Vozrozhdenie PJSC for RUB 318.98M. The transaction was announced on 1/15/2016 and completed on 4/29/2016.,Completed,INV,No, ,Friendly,0,Cash,52.73,2.52, ,,,, ,,, ,Moscow,Russia,RU,Financials,Promsvyazbank PJSC,,MISC BUS CRED,6159, ,6029,N.A., ,N.A.,, ,Moscow,Russia,RU,Banking,Financials,Banking,Bank Vozrozhdenie PJSC,,COML BANK NEC,0.57, ,0.43,0.06,0.57, ,0.43,0.06,,,,,,,,,
,, ,119592624, ,2016-01-27,N/A,N/A,N/A,2016-07-31,,SEK,N/A,"Cross Border, Asset Sale","On 01/27/2016, Vedomosti reported that VimpelCom and Tele2 Russia are weighing consolidation of the Russian assets. With no further information disclosed, this proposal has been withdrawn.",Withdrawn,AST,No, ,Friendly,0,Cash,0,100,2016-01-27,Negotiation,,, ,,, ,DUBAI,Netherlands,AE,Communications,VEON Ltd,18938,RADIOPHONE COM,4812,4813,,Sweden,SE,Communications,Tele2 AB,PHONE NO  RADI,,Russia,,N.A.,N.A.,N.A.,Russian telecom assets,,, , , , , , , , ,,,,,,,,,
,Dentons, ,119724622, ,2016-02-05,33.42,33.42,30.0 Mln,2016-02-05,,EUR,33.42,"Company Takeover, Cross Border","On 02/05/2016, Fortum Corp announced that it has sold Toolsk CHP LLP to Sibur Holdings PAO. On 01/29/2016, Fortum OYJ announced that it is negotiating to divest its Russian subsidiary Tobolsk CHP LLC to Sibur Holding PAO.",Completed,M&A,No, ,Friendly,0,Cash,0,100,2016-01-29,Negotiation,,, ,,, ,Moscow,Russia,RU,Energy,Sibur Holding PAO,,CRUDE PETR/NG,1311,N.A.,N.A.,Finland,FI,Utilities,Fortum Oyj, , ,Russia,RU,Unclassifiable,Unclassifiable,Unclassifiable,Tobolsk CHP LLC,, , , , , , , , , ,,,,,,,,,
,, ,120065621, ,2016-02-03,N/A,N/A,N/A,2016-08-31,,JPY,N/A,"Cross Border, Majority Purchase","On 02/03/2016, Kommersant reported that Vladimir Khanumyan acquired an 80% stake in Sony Pictures Television Russia. With no further information disclosed, this proposal has been withdrawn.",Withdrawn,M&A,No, ,Friendly,0,Cash,0,80,2016-02-03,,,, ,,, ,,Russia,,N.A.,Private Investor,,,,3663,4833,Japan,JP,Technology,Sony Group Corp,RADIO/TV EQUIP, ,Russia,RU,Media,Communications,Publishing & Broadcasting,Sony Pictures Television Russia,,TV STATIONS, , , , , , , , ,,,,,,,,,
,, ,120140760, ,2016-02-04,N/A,N/A,N/A,2016-08-31,,RUB,N/A,Minority Purchase,"On 02/04/2016, it was reported that Gazprombank JSC had received clearance from the Federal Antimonopoly Service of Russia, to buy 40% of Investgeoservis JSC.With no further information disclosed, this proposal has been withdrawn.",Withdrawn,INV,No, ,Friendly,0,Undisclosed,0,40,2016-02-04,Negotiation,,, ,,, ,Moscow,Russia,RU,Financials,Gazprombank JSC,,COML BANK NEC,6029, ,1629,N.A., ,N.A.,, ,Moscow,Russia,RU,Industrial Services,Industrials,Engineering & Construction,Investgeoservis JSC,,HVY CONSTR NEC, , , , , , , , ,,,,2016-02-04,,,,,
,, ,120299135, ,2016-02-08,N/A,N/A,N/A,2016-02-08,,RUB,N/A,Minority Purchase,Private Investor acquired a minority stake in SIA International Ltd. The transaction was completed on 2/8/2016. Financial terms of the transaction are undisclosed.,Completed,INV,No, ,Friendly,0,Cash,0,0, ,,,, ,,, ,,Russia,,N.A.,Private Investor,,,, ,N.A.,N.A., ,N.A.,, ,Moscow,Russia,RU,Health Care,Health Care,Health Care Facilities & Svcs,SIA International Ltd,, , , , , , , , , ,,,,,,,,,
,, ,120431969, ,2016-02-10,N/A,N/A,N/A,2016-08-10,,TRY,N/A,"Company Takeover, Cross Border","Vedomosti reported on 04/05/2016 that Credit Europe has received bids from Sovcombank and Uniastrum. On 02/10/2016 Reuters reported that Fiba Group is seeking to sell Credit Europe Bank Ltd. With no further information, this deal was withdrawn on 08/10/2016.",Withdrawn,M&A,No, ,Friendly,0,Undisclosed,0,100,2016-02-10,On the Block,,, ,,, ,,Russia,,N.A.,Potential Buyer,,,,N.A.,N.A.,Turkey,TR,Financials,Fiba Group, ,Moscow,Russia,RU,Banking,Financials,Banking,Credit Europe Bank Ltd,1051, , , , , , , , , ,,,,,,,,,
,, ,120642807, ,2016-02-15,N/A,N/A,N/A,2016-02-09,,USD,N/A,Majority Purchase,Sistema PJSFC acquired Lesosibirskij LDK No 1 PJSC. The transaction was announced on 2/15/2016 and completed on 2/9/2016. Financial terms of the transaction are undisclosed.,Completed,M&A,No, ,Friendly,0,Undisclosed,0,59.990002, ,,,, ,,, ,Moscow,Russia,RU,Communications,Sistema PJSFC,,PHONE NO  RADI,4813, ,N.A.,N.A., ,N.A.,, , ,Russia,RU,Materials,Materials,"Forestry, Paper & Wood Products",Lesosibirskij LDK No 1 PJSC,2714, , , , , , , , , ,,,,,,,,,
,White & Case LLP, ,120823350, ,2016-02-18,N/A,N/A,N/A,2016-02-18,,RUB,N/A,Company Takeover,ER-Telecom ZAO acquired Prestizh-Internet OOO. The transaction was completed on 2/18/2016. Financial terms of the transaction are undisclosed.,Completed,M&A,No, ,Friendly,0,Undisclosed,0,100, ,,,, ,,, ,Moscow,Russia,RU,Communications,ER-Telecom ZAO,, ,N.A., ,4899,N.A., ,N.A.,, ,N.A,Russia,RU,Telecommunications,Communications,Telecommunications,Prestizh-Internet OOO,,COMMUN SRV NEC, , , , , , , , ,,,,,,,,,
,, ,120864400, ,2016-02-18,N/A,N/A,N/A,2016-08-31,,RUB,N/A,Company Takeover,"On 02/18/2016,the Federal Antimonopoly Service approved NetByNet Group's acquisition of Noginskaya Telefonnaya Kompaniya OP. With no further information disclosed, this proposal has been withdrawn.",Withdrawn,M&A,No, ,Friendly,0,Undisclosed,0,100,2016-02-18,,,, ,,, ,Sankt-peterburg,Russia,RU,Communications,MegaFon PJSC,, ,N.A., ,N.A.,N.A., ,N.A.,, , ,Russia,RU,Telecommunications,Communications,Telecommunications,Noginskaya Telefonnaya Kompaniya OP,, , , , , , , , , ,,,,2016-02-19,,,,,
,, ,121096950, ,2015-12-15,327.51,186.16,N/A,2017-06-24,,RUB,N/A,Company Takeover,"On 12/24/2016, Kommersant reported that VTB Bank PJSC is in talks to buy Zapsibcombank PAO for approximately RUB 12,000.00M to RUB 13,000.00M.  On 12/15/2015 Forbes Russia reported that VTB Bank was interested in acquiring another bank, which could be Raiffeisenbank Russia. With no further in...",Withdrawn,M&A,No, ,Friendly,-9870.495117,Undisclosed,0,100,2015-12-15,Negotiation,,, ,,, ,Moscow,Russia,RU,Financials,VTB Bank PJSC,, ,N.A., ,N.A.,N.A., ,N.A.,, ,Tyumen,Russia,RU,Banking,Financials,Banking,Zapsibcombank PAO,1138, ,1.7, ,1.61,0.22,0.97, ,0.91,0.13,,,,,,,,,
,, ,121199710, ,2016-02-25,1,1,1.0 Mln,2016-02-25,,USD,1,"Venture Capital, Cross Border, Private Equity, Minority Purchase, Financing Round",A consortium led by Y Combinator Inc acquired a minority stake in Fougesia Ltd. The transaction was completed on 02/25/2016.,Completed,INV,No, ,Friendly,0,Cash,0,0, ,,,, ,,, ,,United States,,"Financials, Financials","Private Investor,Y Combinator Inc (Fund: Y Combinator Continuity Fund I LP)",,,, ,N.A.,N.A., ,N.A.,, , ,Russia,US,Software & Tech Services,Technology,Software,Fougesia Ltd,, , , , , , , , , ,,,,,,,,,
,, ,121439801, ,2016-03-01,100,100,100.0 Mln,2016-03-02,,USD,100,"Cross Border, Asset Sale",On 03/02/2016 Petrogrand AB denied the rumores on the press that it has not bought Russian upstream  assetrs from Vitol. On 03/01/2016 Forbes Russia reported that Vitol sold its Russian assets to Petrogrand AB.,Withdrawn,AST,No, ,Friendly,0,Cash,0,100,2016-03-01,,,, ,,, ,Stockholm,Sweden,SE,Energy,Petrogrand AB,2, ,N.A.,N.A.,,United Kingdom,NL,Energy,Vitol Holding BV, ,,Russia,,Oil & Gas,Energy,Oil & Gas Supply Chain,Russian upstream assets/Vitol Group of Cos,,, , , , , , , , ,,,,,,,,,
,, ,121625856, ,2016-03-02,122.76,122.76,9000.0 Mln,2016-09-30,,RUB,109.35,Minority Purchase,"With no further information, this deal has been withdrawn on 09/30/2016. On 03/02/2016 Kommersant reported that founder Alexey Nikitin is selling a 20% stake in Ulmart Holding to Mikhail Vasinkevich.",Withdrawn,INV,No, ,Friendly,0,Cash,0,20,2016-03-02,Negotiation,,, ,,, ,,Russia,,N.A.,Private Investor,,,, ,N.A.,N.A., ,N.A.,, ,St Petersburg,Russia,RU,Retail & Whsle - Discretionary,Consumer Discretionary,E-Commerce Discretionary,Ulmart Holding,, , , , , , , , , ,,,,,,,,,
,, ,122184954, ,2016-03-09,N/A,N/A,N/A,2016-03-09,,RUB,N/A,Minority Purchase,Natsionalnaya Media Gruppa ZAO acquired a minority stake in Sport-Express JSC. The transaction was completed on 3/9/2016. Financial terms of the transaction are undisclosed.,Completed,INV,No, ,Friendly,0,Undisclosed,0,25, ,,,, ,,, , ,Russia,RU,Financials,Natsionalnaya Media Gruppa ZAO,,LOAN BROKERS,6163, ,N.A.,N.A., ,N.A.,, ,Moscow,Russia,RU,Media,Communications,Publishing & Broadcasting,Sport-Express JSC,, , , , , , , , , ,,,,,,,,,
,, ,122736391, ,2016-03-21,N/A,N/A,N/A,2016-03-21,,RUB,N/A,Minority Purchase,Tatneft PJSC acquired a minority stake in Nizhnekamskneftekhim PJSC. The transaction was completed on 3/21/2016. Financial terms of the transaction are undisclosed.,Completed,INV,No, ,Friendly,0,Undisclosed,0,24.9, ,,,, ,,, ,Tatarstan,Russia,RU,Energy,Tatneft PJSC,, ,N.A., ,N.A.,N.A., ,N.A.,, ,Nizhnekamsk,Russia,RU,Materials,Materials,Chemicals,Nizhnekamskneftekhim PJSC,, , , , , , , , , ,,,,,,,,,
,, ,122736901, ,2016-03-21,N/A,N/A,N/A,2016-03-21,,RUB,N/A,"Company Takeover, Additional Stake Purchase",Tatneft PJSC acquired Taneko AO. The transaction was completed on 3/21/2016. Financial terms of the transaction are undisclosed.,Completed,M&A,No, ,Friendly,0,Undisclosed,91,9, ,,,, ,,, ,Tatarstan,Russia,RU,Energy,Tatneft PJSC,, ,N.A., ,1629,N.A., ,N.A.,, ,Nizhnekamsk,Russia,RU,Oil & Gas,Energy,Oil & Gas Supply Chain,Taneko AO,,HVY CONSTR NEC, , , , , , , , ,,,,,,,,,
,, ,122785216, ,2016-03-22,N/A,N/A,N/A,2016-09-30,,RUB,N/A,Asset Sale,"On 03/22/2016, Kommersant reported that Novolipetsk Steel is considering buying the Revyakinsky mill in the Tula region. With no further information, this deal has been withdrawn on 09/30/2016.",Withdrawn,AST,No, ,Friendly,0,Cash,0,100,2016-03-22,On the Block,,, ,,, ,Lipetsk,Russia,RU,Materials,Novolipetskiy Metallurgicheskiy Kombinat PAO,28275, ,N.A., ,,N.A., ,N.A.,, ,,Russia,,Materials,Materials,Metals & Mining,Revyakinsky mill,,, , , , , , , , ,,,,,,,,,
,, ,122798536, ,2016-03-22,318.68,318.68,284.0 Mln,2016-01-31,,EUR,307.94,"Option Agreement, Cross Border, Additional Stake Purchase",Danone SA acquired Danone - Unimilk for EUR 284.00M. The transaction was announced on 3/22/2016 and completed on 1/31/2016.,Completed,INV,No, ,Friendly,0,Cash,70.900002,22, ,,,, ,,, ,Paris,France,FR,Consumer Staples,Danone SA,90000, ,N.A., ,N.A.,N.A., ,N.A.,, ,Moscow,Russia,RU,Consumer Staple Products,Consumer Staples,Food,Danone - Unimilk,, , , , , , , , , ,,,,,,,,,
,, ,122799016, ,2015-12-31,N/A,N/A,N/A,2015-12-31,,RUB,N/A,"Option Agreement, Cross Border, Additional Stake Purchase",Danone SA acquired Danone - Unimilk. The transaction was completed on 12/31/2015. Financial terms of the transaction are undisclosed.,Completed,INV,No, ,Friendly,0,Undisclosed,50.900002,20, ,,,, ,,, ,Paris,France,FR,Consumer Staples,Danone SA,90000, ,N.A., ,N.A.,N.A., ,N.A.,, ,Moscow,Russia,RU,Consumer Staple Products,Consumer Staples,Food,Danone - Unimilk,, , , , , , , , , ,,,,,,,,,
,, ,122940434, ,2016-03-24,610.26,610.26,42000.0 Mln,2016-03-24,,RUB,610.26,Asset Sale,"On 03/24/2016, Vedomosti reported that VTB Bank PJSC is buying Eurasia Tower in business district of Moscow from Suleiman Kerimov, citing unidentified people.",Completed,AST,No, ,Friendly,0,Cash,0,100,2016-03-24,Negotiation,,, ,,, ,Moscow,Russia,RU,Financials,VTB Bank PJSC,, ,N.A., ,,N.A., ,N.A.,, ,,Russia,,Real Estate,Real Estate,Real Estate Owners & Developers,Eurasia Tower,,, , , , , , , , ,,,,,,,,,
,Dentons, ,122974202, ,2015-06-15,N/A,N/A,N/A,2015-06-15,,CAD,N/A,"Cross Border, Asset Sale",Colliers International Group Inc sold Mercedes-Benz Plaza to Region Group OOO. The transaction was completed on 6/15/2015. Financial terms of the transaction are undisclosed.,Completed,AST,No, ,Friendly,0,Cash,0,100, ,,,, ,,, , ,Russia,RU,Consumer Discretionary,Region Group OOO,,MISC RTAIL NEC,5999,6500,,Canada,CA,Real Estate,Colliers International Group Inc,REAL ESTATE,,Russia,,Real Estate,Real Estate,Real Estate Owners & Developers,Mercedes-Benz Plaza,,, , , , , , , , ,,,,,,,,,
,, ,123145414, ,2016-03-29,N/A,N/A,N/A,2016-03-29,,RUB,N/A,Company Takeover,United Wagon Co PJSC acquired Tsz Titran-Ekspress ZAO. The transaction was completed on 3/29/2016. Financial terms of the transaction are undisclosed.,Completed,M&A,No, ,Friendly,0,Undisclosed,0,100, ,,,, ,,, ,Moscow,Russia,RU,Industrials,United Wagon Co PJSC,, ,N.A., ,3743,N.A., ,N.A.,, ,Tikhvin,Russia,RU,Industrial Products,Industrials,Transportation Equipment,Tsz Titran-Ekspress ZAO,,RAILROAD EQUIP, , , , , , , , ,,,,,,,,,
,, ,123779028, ,2016-04-08,N/A,N/A,N/A, ,,RUB,N/A,"Cross Border, Additional Stake Purchase",Atameken-Agro JSC announced the acquisition of Agro-Svet LLP. The transaction was announced on 4/8/2016 and is currently pending. Financial terms of the transaction are undisclosed.,Pending,INV,No, ,Friendly,0,Undisclosed,0,0, ,,,, ,,, ,Kokshetau,Kazakhstan,KZ,Consumer Staples,Atameken-Agro JSC,2325, ,N.A., ,N.A.,N.A., ,N.A.,, , ,Russia,RU,Retail & Whsle - Discretionary,Consumer Discretionary,Retail - Discretionary,Agro-Svet LLP,, , , , , , , , , ,,,,,,,,,
,, ,123904428, ,2016-04-12,42.08,42.08,2750.0 Mln,2016-04-12,,RUB,42.08,"Cross Border, Minority Purchase",European Bank for Reconstruction & Development sold a minority stake in Center for Cargo Container Traffic TransContainer PJSC to NPF Blagosostoyanie. The transaction was completed on 4/12/2016.,Completed,INV,No, ,Friendly,0,Cash,0,9.24, ,,,A&O Shearman LLP, ,,, ,Moscow,Russia,RU,Financials,NPF Blagosostoyanie,,TRUST/FOUNDATN,6733,N.A.,N.A.,N.A.,GB,Government,European Bank for Reconstruction & Development, ,Moscow,Russia,RU,Industrial Services,Industrials,Transportation & Logistics,Center for Cargo Container Traffic TransContainer PJSC,, ,0.84,4.8,0.81,0.61,0.84,4.8,0.81,0.61,,,,,,,,,
,, ,123909606, ,2016-04-12,158,158,158.0 Mln, ,,USD,158,Additional Stake Purchase,Crispian Investment Ltd announced the acquisition of MMC Norilsk Nickel PJSC for USD 158.00M. The transaction was announced on 4/12/2016 and is currently pending.,Pending,INV,No, ,Friendly,0,Cash,5.5,0.79, ,,,, ,Barclays,, , ,Russia,RU,Unclassifiable,Crispian Investment Ltd,, ,N.A., ,N.A.,N.A., ,N.A.,, ,Moscow,Russia,RU,Materials,Materials,Metals & Mining,MMC Norilsk Nickel PJSC,, ,4.19,3.6,1.69,1.52,4.19,3.6,1.69,1.52,,,,,,,,,
,Hogan Lovells US/NCTM, ,123993672, ,2015-06-01,N/A,N/A,N/A,2015-06-01,,EUR,N/A,"Cross Border, Asset Sale",Fresenius Medical Care AG acquired Hemodialysis Center/Rostov. The transaction was completed on 6/1/2015. Financial terms of the transaction are undisclosed.,Completed,AST,No, ,Friendly,0,Cash,0,100, ,,,, ,,, ,Bad Homburg,Germany,DE,Health Care,Fresenius Medical Care AG,107226,MISC HEALTH,8090, ,,N.A., ,N.A.,, ,,Russia,,Real Estate,Real Estate,Real Estate Owners & Developers,Hemodialysis Center/Rostov,,, , , , , , , , ,,,,,,,,,
Sberbank CIB,, ,124169704, ,2017-11-13,1050.84,1050.84,901.0 Mln,2017-12-07,,EUR,1050.84,"Cross Border, Asset Sale","On 11/13/2017, Immofinanz AG has signed an agreement with Fort Group OOO for the sale of its Russian Asset Portfolio for EUR 901.00M. On 09/11/2017, Vedomosti reported that several companies, including O1 Group Ltd, Fort Group OOO, Avica SAS and RosEvroDevelopment LLC, bid for Immofinanz AG's...",Completed,AST,No, ,Friendly,0,Cash,0,100,2016-04-18,On the Block,Victoria Partner,Linklaters, ,,, ,Saint Petersburg,Russia,RU,Financials,Fort Group OOO,, ,N.A.,N.A.,,Austria,AT,Real Estate,CPI Europe AG, ,,Russia,,Real Estate,Real Estate,Real Estate Owners & Developers,Russian asset portfolio,,, , , , , , , , ,,,,,,,,,
,, ,124299648, ,2016-04-20,N/A,N/A,N/A,2016-05-31,,USD,N/A,"Cross Border, Additional Stake Purchase",International Finance Corp sold Locko-Bank AO to a consortium led by Private Investor. The transaction was announced on 4/20/2016 and completed on 5/31/2016. Financial terms of the transaction are undisclosed.,Completed,INV,No, ,Friendly,0,Cash,19.99,6.07, ,,,, ,,, ,,Russia,,Financials,"Private Investor,Palamedos Corp Ltd",,,,6799,N.A.,United States,US,Government,International Finance Corp,MISC INVSTRS,Moscow,Russia,RU,Banking,Financials,Banking,Locko-Bank AO,1523, , , , , , , , , ,,,,,,,,,
,, ,124361952, ,2016-04-21,8,8,8.0 Mln,2016-04-21,,USD,8,"Cross Border, Private Equity, Minority Purchase, Additional Stake Purchase, Venture Capital, Financing Round",A consortium led by Telstra Ventures Pty Ltd acquired a minority stake in Nginx Inc. The transaction was completed on 4/21/2016.,Completed,INV,No, ,Friendly,0,Cash,0,0, ,,,, ,,, ,,United States,,"Financials, Financials, Financials, Financials, Financials","New Enterprise Associates Inc (Fund: New Enterprise Associates XIV LP),Runa Capital Inc (Fund: Runa Capital I),eVenture Capital Partners II LLC (Fund: BV Capital Fund III LP),Telstra Ventures Pty Ltd,Index Ventures SA (Fund: Index Ventures VII LP)",,,, ,N.A.,N.A., ,N.A.,, ,San Francisco,Russia,US,Software & Tech Services,Technology,Software,Nginx Inc,, , , , , , , , , ,,,,,,,,,
,, ,124378440, ,2016-04-21,N/A,N/A,N/A,2016-04-21,,RUB,N/A,Minority Purchase,Elion OOO acquired a minority stake in Telekanal Perviy Alternativniy OOO. The transaction was completed on 4/21/2016. Financial terms of the transaction are undisclosed.,Completed,INV,No, ,Friendly,0,Undisclosed,0,49, ,,,, ,,, ,Moscow,Russia,RU,Health Care,Elion OOO,,DRUGS/SUNDRIES,5122, ,N.A.,N.A., ,N.A.,, , ,Russia,RU,Media,Communications,Entertainment Content,Telekanal Perviy Alternativniy OOO,, , , , , , , , , ,,,,,,,,,
,, ,124421690, ,2016-04-22,11000,11000,N/A,2017-04-27,,USD,N/A,"Cross Border, Minority Purchase, Government Privatization","On 10/27/2016, Vedomosti reported that there was a likelihood that an investor will buy some of the 19.5% stake in Rosneft PJSC that the government is selling. On 09/02/2016, it was reported that Rosneft PJSC sale was being pushed as the government seeks to cut its budget deficit. The deal co...",Withdrawn,INV,No, ,Friendly,0,Undisclosed,0,0,2016-04-22,On the Block,,, ,,, ,Beijing,China,CN,Energy,China National Petroleum Corp,, ,N.A., ,N.A.,N.A., ,N.A.,, ,Moscow,Russia,RU,Oil & Gas,Energy,Oil & Gas Supply Chain,Rosneft Oil Co PJSC,302100, , , , , , , , , ,,,,,,,,,
,, ,124720502, ,2016-04-28,N/A,N/A,N/A,2016-10-25,,RUB,N/A,"Company Takeover, Cross Border","With no further information, the deal has been withdrawn on 10/25/16. On 04/28/2016  Sekret Firmy reported that Google is looking at buying Telegram Messenger LLP, citing unidentified people. The deal is said to be based on a valuation of Telegram Messenger LLP of approximately USD 1000.00M.",Withdrawn,M&A,No, ,Friendly,0,Undisclosed,0,100,2016-04-28,Negotiation,,, ,,, ,Mountain View,United States,US,Communications,Alphabet Inc,198933,COMPUT PROG,7370, ,N.A.,N.A., ,N.A.,, ,London,Russia,GB,Software & Tech Services,Technology,Software,Telegram Messenger LLP,, , , , , , , , , ,,,,,,,,,
,, ,124810317, ,2016-04-29,16.5,16.5,16.5 Mln, ,,USD,16.5,"Company Takeover, Cross Border",Petropavlovsk PLC announced the sale of OOO Ilyinskoye LLC to Yuzhuralzoloto ZAO for USD 16.50M. The transaction was announced on 4/29/2016 and is currently pending.,Pending,M&A,No, ,Friendly,0,Cash,0,100, ,,,, ,,, , ,Russia,RU,Materials,Yuzhuralzoloto ZAO,, ,N.A.,N.A.,N.A.,United Kingdom,RU,Materials,Petropavlovsk PLC, ,N.A,Russia,RU,Materials,Materials,Construction Materials,OOO Ilyinskoye LLC,, , , , , , , , , ,,,,,,,,,
,Squire Patton, ,125177906, ,2016-05-05,N/A,N/A,N/A,2016-11-01,,USD,N/A,"Cross Border, Asset Sale, Private Equity","With no further information, the deal has been withdrawn on 11/01/2016. On 05/05/2016 Vedomosti reported that ru-Net Ltd acquired Groupon Inc Russian business, citing spokesmen from both companies.",Withdrawn,AST,No, ,Friendly,0,Cash,0,100,2016-05-05,,,, ,,, ,London,United Kingdom,GB,Financials,RTP Global,, ,N.A.,7311,,United States,US,Communications,Groupon Inc,ADVERT AGENCY,,Russia,,Retail & Whsle - Discretionary,Consumer Discretionary,E-Commerce Discretionary,Russian business/Groupon,,, , , , , , , , ,,,,,,,,,
,, ,125263953, ,2016-05-06,N/A,N/A,N/A,2016-05-06,,RUB,N/A,Company Takeover,Perm Financial and Industrial Group OOO acquired ISP Megapolis-Telecom. The transaction was completed on 5/6/2016. Financial terms of the transaction are undisclosed.,Completed,M&A,No, ,Friendly,0,Undisclosed,0,100, ,,,, ,,, ,Perm,Russia,RU,Financials,Perm Financial and Industrial Group OOO,, ,N.A., ,N.A.,N.A., ,N.A.,, ,Irkutsk,Russia,RU,Telecommunications,Communications,Telecommunications,ISP Megapolis-Telecom,, , , , , , , , , ,,,,2015-10-31,,,,,
,, ,125458536, ,2016-05-11,N/A,N/A,N/A,2016-05-11,,RUB,N/A,Minority Purchase,Alfa Group ZAO acquired a minority stake in APG Polyplastic Group Ltd. The transaction was completed on 5/11/2016. Financial terms of the transaction are undisclosed.,Completed,INV,No, ,Friendly,0,Undisclosed,0,50, ,,,, ,,, ,Moscow,Russia,RU,Financials,Alfa Group ZAO,, ,N.A., ,N.A.,N.A., ,N.A.,, ,Moscow,Russia,RU,Industrial Products,Industrials,Industrial Intermediate Prod,APG Polyplastic Group Ltd,, , , , , , , , , ,,,,,,,,,
,Stikeman Elliott, ,126515906, ,2016-06-01,40.85,40.85,30.0 Mln,2016-07-13,,CAD,40.85,"Company Takeover, Cross Border","Trican Well Service Ltd sold Petro Tools Holding AS, Trican Completion Solutions Ltd, Tricon Completion Solutions LLC & Trican Completion Solutions LLC/Russia to NOV Inc for CAD 53.50M. The transaction was announced on 6/1/2016 and completed on 7/13/2016.",Completed,M&A,No, ,Friendly,0,Cash and Stock,0,100, ,,,Blake Cassels/Morgan Lewis/Vinson & Elkins,CAD 23.5 Mln,,, ,Houston,United States,US,Energy,NOV Inc,31605,OIL FIELD MACH,3533,1389,,Canada,CA,Energy,Trican Well Service Ltd,OIL/NG SVS NEC,,Norway,,"Oil & Gas, Oil & Gas, Oil & Gas, Oil & Gas","Energy, Energy, Energy, Energy","Oil & Gas Services & Equip, Oil & Gas Services & Equip, Oil & Gas Services & Equip, Oil & Gas Services & Equip","Petro Tools Holding AS,Trican Completion Solutions Ltd,Tricon Completion Solutions LLC,Trican Completion Solutions LLC/Russia",,, , , , , , , , ,,,,,,,,,
,, ,126854724, ,2016-06-08,N/A,N/A,N/A,2018-02-02,,RUB,N/A,Company Takeover,"With no further information on this proposal, the transaction has been withdrawn.On 02/02/2018, Rostelecom PJSC has called off negotiations for a proposed takeover of Akado Ekaterinburg ZAO. On 09/06/2017, Vedomosti reported that Rostelecom PJSC returned to idea of buying Akado Ekaterinburg Z...",Withdrawn,M&A,No, ,Friendly,0,Stock,0,100,2016-06-08,Negotiation,,, ,,, ,Moscow,Russia,RU,Communications,Rostelecom PJSC,,PHONE NO  RADI,4813, ,4813,N.A., ,N.A.,, ,N.A,Russia,RU,Telecommunications,Communications,Telecommunications,Akado Ekaterinburg ZAO,,PHONE NO  RADI, , , , , , , , ,,,,,,,,,
,, ,126920186, ,2016-06-07,N/A,N/A,N/A,2016-06-07,,PKR,N/A,Minority Purchase,Lanit Inc acquired a minority stake in Beskontakt OOO. The transaction was completed on 6/7/2016. Financial terms of the transaction are undisclosed.,Completed,INV,No, ,Friendly,0,Cash,0,28.6, ,,,, ,,, ,Moscow,Russia,RU,Health Care,Lanit Inc,,COML RESEARCH,8731, ,N.A.,N.A., ,N.A.,, ,St  Petersburg,Russia,RU,Software & Tech Services,Technology,Software,Beskontakt OOO,, , , , , , , , , ,,,,,,,,,
,, ,127113611, ,2016-06-13,N/A,N/A,N/A,2017-03-10,,GBP,N/A,"Cross Border, Asset Sale","With no further information, the deal has been withdrawn on 03/10/17. On 06/13/2016, it was reported that Petropavlovsk PLC is mulling the purchase of the gold assets in Kamchatka of Renova.",Withdrawn,AST,No, ,Friendly,0,Cash,0,100,2016-06-13,Strategic Alt Review,,, ,,, ,Moscow,United Kingdom,RU,Materials,Petropavlovsk PLC,8889, ,N.A., ,1499,N.A., ,N.A.,, ,Petropavlovsk-kamchatskiy,Russia,RU,Materials,Materials,Metals & Mining,Kamgold AO,,MISC NONMETAL, , , , , , , , ,2017-03-10,,,,,,,,
,, ,127121741, ,2016-06-14,0.02,0.02,1.42 Mln,2016-07-01,,RUB,0.02,Company Takeover,Rostelecom PJSC acquired AIST CJSC for RUB 1.42M. The transaction was announced on 6/14/2016 and completed on 7/1/2016.,Completed,M&A,No, ,Friendly,0,Cash,0,100, ,,,, ,,, ,Moscow,Russia,RU,Communications,Rostelecom PJSC,,PHONE NO  RADI,4813, ,4813,N.A., ,N.A.,, ,Saint Petersburg,Russia,RU,Telecommunications,Communications,Telecommunications,AIST CJSC,,PHONE NO  RADI, , , , , , , , ,,,,,,,,,
,, ,127363539, ,2016-06-17,N/A,N/A,N/A,2016-12-14,,RUB,N/A,"Cross Border, Minority Purchase","On12/814/2016, with no information deal is withdrawn.  On 06/17/2016, Kommersant reported that Summa Group LLC offers to buy Russian Railways JSC's 50% and 2 shares in Transcontainer OJSC.",Withdrawn,INV,No, ,Friendly,0,Undisclosed,0,50,2016-06-17,Preliminary Offer,,, ,,, ,Pasadena,United States,US,Energy,Summa Group LLC,600,OIL/NG SVS NEC,1389, ,N.A.,N.A., ,N.A.,, ,Moscow,Russia,RU,Industrial Services,Industrials,Transportation & Logistics,Russian Railways JSC,, , , , , , , , , ,,,,,,,,,
,, ,127372215, ,2016-04-05,N/A,N/A,N/A,2016-10-05,,EUR,N/A,"Cross Border, Asset Sale","With no further information, this deal has been withdrawn on 10/05/2017. It was reported on 09/28/2016 that Andrey Melnichenko is the leading bidder for Reftinskaya GRES. On 08/12/2016, it was reported that Huadian Power International Corp Ltd offered EUR 295.00M to bid for Reftinskaya GRES. ...",Withdrawn,AST,No, ,Friendly,0,Cash,0,100,2016-04-05,Negotiation,,, ,,, ,,Russia,,N.A.,Private Investor,,,,4911,,Italy,IT,Utilities,Enel SpA,ELECTRIC SVC,,Russia,,Utilities,Utilities,Electric Utilities,Reftinskaya GRES power station,,, , , , , , , , ,,,,,,,,,
,, ,127392207, ,2016-06-17,N/A,N/A,N/A,2016-06-17,,RUB,N/A,"Private Equity, Minority Purchase",Russian Direct Investment Fund Management Co acquired a minority stake in Geropharm OOO. The transaction was completed on 6/17/2016. Financial terms of the transaction are undisclosed.,Completed,INV,No, ,Friendly,0,Cash,0,0, ,,,, ,Ernst & Young,, ,Moscow,Russia,RU,Financials,Russian Direct Investment Fund Management Co,, ,N.A., ,N.A.,N.A., ,N.A.,, , ,Russia,RU,Retail & Wholesale - Staples,Consumer Staples,Retail - Consumer Staples,Geropharm OOO,, , , , , , , , , ,,,,,,,,,
,, ,127606254, ,2016-06-22,167.42,167.42,1028.0/sh.,2017-03-24,,RUB,189.07,"Mandatory Offer, Company Takeover, Squeeze Out, Additional Stake Purchase, Tender Offer, Going Private",Augment Investments Ltd acquired Pharmstandard PJSC for RUB 10773.32M. The transaction was announced on 6/22/2016 and completed on 3/24/2017.,Completed,M&A,No, ,Friendly,0,Cash,72.269997,27.73, ,,,, ,,, ,Limassol,Cyprus,CY,Financials,Augment Investments Ltd,, ,N.A., ,2834,N.A., ,N.A.,, ,Moscow,Russia,RU,Health Care,Health Care,Biotech & Pharma,Pharmstandard PJSC,1778,PHARM PREPS,0.72,2.84,0.82,0.47,0.72,2.84,0.82,0.47,,,,,,,,,
,, ,127615578, ,2016-06-22,8,8,8.0 Mln,2016-09-21,,USD,8,"Related Party Transaction, Cross Border, Asset Sale",A consortium led by TMJK Holdings Ltd sold Century Project offices to MirLand Development Corp PLC for USD 8.00M. The transaction was announced on 6/22/2016 and completed on 9/21/2016.,Completed,AST,No, ,Friendly,0,Cash,0,0, ,,,, ,,, ,Limassol,Cyprus,CY,Real Estate,MirLand Development Corp PLC,41, ,N.A.,,,Cyprus,,"Financials, Financials","TMJK Holdings Ltd,Fadida Holdings Ltd",,,Russia,,Real Estate,Real Estate,Real Estate Owners & Developers,Century Project offices,,, , , , , , , , ,,,,,,,,,
,, ,127663406, ,2016-06-23,N/A,N/A,N/A,2016-12-20,,USD,N/A,"Cross Border, Asset Sale","On 12/20/2016, With no information deal is withdrawn. On 06/23/2016, Tdaily.ru reported that Travel Channel Inc sold 80% of its Russian business, to two private investors. Financial terms were not disclosed.",Withdrawn,AST,No, ,Friendly,0,Cash,0,80,2016-06-23,Preliminary Offer,,, ,,, ,,Russia,,N.A.,Private Investor,,,,4841,,United States,US,Communications,Scripps Networks Interactive Inc,CABLE/OTHR PAY,,Russia,,Media,Communications,Entertainment Content,Russian television unit,,, , , , , , , , ,,,,,,,,,
,, ,127664198, ,2016-03-15,N/A,N/A,N/A,2016-03-11,,EUR,N/A,"Company Takeover, Cross Border",Trivon Communications Ltd sold Digit One LLC to Alma Group/Russia. The transaction was announced on 3/15/2016 and completed on 3/11/2016. Financial terms of the transaction are undisclosed.,Completed,M&A,No, ,Friendly,0,Undisclosed,0,100, ,,,Akin Gump Straus, ,,, ,N.A,Russia,RU,Communications,Alma Group/Russia,, ,N.A.,N.A.,4813,Cyprus,CY,Technology,Trivon Communications Ltd, , ,Russia,RU,Telecommunications,Communications,Telecommunications,Digit One LLC,,PHONE NO  RADI, , , , , , , , ,,,,,,,,,
,, ,127787836, ,2016-05-23,N/A,N/A,N/A,2016-05-23,,BMD,N/A,"Company Takeover, Cross Border",Renaissance Holdings Management Ltd sold Transvagonmash OOO to Rail Garant Group. The transaction was completed on 5/23/2016. Financial terms of the transaction are undisclosed.,Completed,M&A,No, ,Friendly,0,Undisclosed,0,100, ,,,Herbert Smith Fr, ,,, ,Moscow,Russia,RU,Industrials,Rail Garant Group,, ,N.A.,6799,N.A.,Bermuda,BM,Financials,Renaissance Holdings Management Ltd,MISC INVSTRS,Moscow,Russia,RU,Industrial Services,Industrials,Industrial Support Services,Transvagonmash OOO,, , , , , , , , , ,,,,,,,,,
,, ,127820524, ,2016-06-27,N/A,N/A,N/A, ,,GBP,N/A,"Cross Border, Majority Purchase",On 06/27/2016 WPP reported that it is considering selling an 80% stake in TNS Gallup Media to VTSIOM OAO.,Pending,M&A,No, ,Friendly,0,Undisclosed,0,80, ,,,, ,,, ,N.A,Russia,RU,Industrials,Vtsiom OAO,,CONSULTING SVC,8742,7311,8732,United Kingdom,GB,Communications,WPP PLC,ADVERT AGENCY,Moscow,Russia,RU,Health Care,Health Care,Health Care Facilities & Svcs,Mediaskop AO,,NONPHYS RSRCH, , , , , , , , ,,,,,,,,,
,, ,127849930, ,2016-06-27,1.07,1.07,N/A,2016-06-27,,RUB,1.07,"Cross Border, Minority Purchase",Solvay SA sold a minority stake in Soligran ZAO to Nikos ZAO. The transaction was completed on 6/27/2016.,Completed,INV,No, ,Friendly,0,Undisclosed,0,50, ,,,Linklaters, ,,, ,N.A,Russia,RU,Financials,Nikos ZAO,,INVEST OFF NEC,6726,N.A.,2821,Belgium,BE,Materials,Solvay SA, ,N.A,Russia,RU,Materials,Materials,Chemicals,Soligran ZAO,,PLASTIC/RESIN, , , , , , , , ,,,,,,,,,
UniCredit,, ,127985130, ,2016-05-20,N/A,N/A,N/A,2016-05-20,,RUB,N/A,"Company Takeover, Cross Border",Trivon AG acquired Smile Group OOO. The transaction was completed on 5/20/2016. Financial terms of the transaction are undisclosed.,Completed,M&A,No, ,Friendly,0,Undisclosed,0,100, ,,,, ,,, ,Zug,Switzerland,CH,Technology,Trivon AG,400,INVEST MGMT OE,6722, ,N.A.,N.A., ,N.A.,, ,Moscow,Russia,RU,Software & Tech Services,Technology,Software,Smile Group OOO,, , , , , , , , , ,,,,,,,,,
,Morgan Lewis, ,128059586, ,2016-06-03,N/A,N/A,N/A,2016-06-03,,RUB,N/A,Company Takeover,Hearst Shkulev Media OOO acquired woman.ru. The transaction was completed on 6/3/2016. Financial terms of the transaction are undisclosed.,Completed,M&A,No, ,Friendly,0,Undisclosed,0,100, ,,,, ,,, ,Moscow,Russia,RU,Communications,Hearst Shkulev Media OOO,, ,N.A., ,N.A.,N.A., ,N.A.,, , ,Russia,RU,Media,Communications,Internet Media & Services,woman.ru,, , , , , , , , , ,,,,,,,,,
,, ,128311572, ,2016-07-05,N/A,N/A,N/A,2017-01-04,,RUB,N/A,Company Takeover,"With no further information disclosed, this proposal has been withdrawn. On 07/05/2016, Vedomosti reported that Rusgrain Holding PJSC is in discussion to sale its 100% stake in Ptitsefabrika Sinyavinskaya ZAO for an undisclosed consideration.",Withdrawn,M&A,No, ,Friendly,0,Undisclosed,0,100,2016-07-05,,,, ,,, ,Moscow,Russia,RU,Consumer Staples,Rusgrain Holding PJSC,, ,N.A., ,N.A.,N.A., ,N.A.,, ,Priladozhsky,Russia,RU,Consumer Staple Products,Consumer Staples,Food,Ptitsefabrika Sinyavinskaya ZAO,, , , , , , , , , ,,,,,,,,,
,, ,128454947, ,2016-06-30,1.3,1.3,1.3 Mln,2016-06-30,,USD,1.3,"Venture Capital, Cross Border, Private Equity, Minority Purchase, Seed, Additional Stake Purchase",A consortium led by Mitsui & Co Ltd acquired a minority stake in Chefmarket.ru. The transaction was completed on 6/30/2016.,Completed,INV,No, ,Friendly,0,Cash,0,0, ,,,, ,,, ,,Japan,,"Materials, Financials","Mitsui & Co Ltd,Private Investor,Addventure Venture Capital Fund (Fund: Addventure III)",,,, ,N.A.,N.A., ,N.A.,, ,Moscow,Russia,RU,Retail & Whsle - Discretionary,Consumer Discretionary,E-Commerce Discretionary,Chefmarket.ru,, , , , , , , , , ,,,,,,,,,
,, ,128455097, ,2016-07-07,N/A,N/A,N/A,2017-02-22,,RUB,N/A,"Company Takeover, Cross Border","With no further information disclosed, this proposal has been withdrawn.On 07/07/2016, it was reported that Walgreens Boots Alliance Inc targets 100% of Pharmacy Chain 36.6 PJSC, according to Vedomosti, citing Alliance's CEO's conference call with investors. On 04/11/2016, it was reported tha...",Withdrawn,M&A,No, ,Friendly,0,Undisclosed,0,100,2016-07-07,On the Block,,, ,,, ,Deerfield,United States,US,Consumer Staples,Walgreens Boots Alliance Inc,312000,DRUG STORES,5912, ,N.A.,N.A., ,N.A.,, ,Moscow,Russia,RU,Retail & Wholesale - Staples,Consumer Staples,Retail - Consumer Staples,Pharmacy Chain 36.6 PJSC,, , , , , , , , , ,,,,,,,,,
,, ,128457053, ,2016-07-07,N/A,N/A,N/A,2017-01-06,,RUB,N/A,Company Takeover,"With no further information disclosed, this proposal has been withdrawn. On 08/02/2016, the Federal Antimonopoly Service approved the petition by CB Uniastrum Bank LLC to approve the proposed merger. On 07/07/2016, Vedomosti reported that Uniastrum Bank and Vostochny Port may merge.",Withdrawn,M&A,No, ,Friendly,0,Undisclosed,0,100,2016-07-07,Negotiation,,, ,,, ,Nakhodka,Russia,RU,Industrials,Vostochny Port,1701, ,N.A., ,N.A.,N.A., ,N.A.,, ,Moscow,Russia,RU,Banking,Financials,Banking,CB Uniastrum Bank LLC,, , , , , , , , , ,,,,,,,,,
,, ,128458811, ,2016-07-27,N/A,N/A,N/A, ,,RUB,N/A,"Cross Border, Additional Stake Purchase","Renova Holding Ltd announced the acquisition of International Financial Club OJSC. The  transaction was announced on 07/27/2016 and is currently pending. Financial terms of the transaction are undisclosed. On 07/07/2016, Vedmosti reported that Renova Holding Ltd may acquire another 19.71% sta...",Pending,INV,No, ,Friendly,0,Undisclosed,19.709999,19.709999,2016-07-07,,,, ,,, , ,Bahamas,BS,Financials,Renova Holding Ltd,, ,N.A., ,N.A.,N.A., ,N.A.,, ,Moscow,Russia,RU,Banking,Financials,Banking,International Financial Club OJSC,, , , , , , , , , ,,,,2016-07-27,,,,,
,, ,128717610, ,2016-07-13,N/A,N/A,N/A,2016-07-13,,RUB,N/A,Minority Purchase,Delo Group acquired a minority stake in Mirogroup OOO. The transaction was completed on 7/13/2016. Financial terms of the transaction are undisclosed.,Completed,INV,No, ,Friendly,0,Undisclosed,0,50, ,,,, ,,, ,Moscow,Russia,RU,Industrials,Delo Group,, ,N.A., ,N.A.,N.A., ,N.A.,, ,St. Petersburg,Russia,RU,Industrial Services,Industrials,Engineering & Construction,Mirogroup OOO,, , , , , , , , , ,,,,,,,,,
,, ,128786570, ,2016-07-14,6.2,6.2,6.2 Mln,2016-07-14,,USD,6.2,"Venture Capital, Private Equity, Minority Purchase, Additional Stake Purchase, Series C / 3",A consortium led by Sistema Venchur Kepital AO acquired a minority stake in YouDo OOO. The transaction was  completed on 07/14/2016.,Completed,INV,No, ,Friendly,0,Cash,0,0, ,,,, ,,, ,,Russia,,"Financials, Financials, Financials","Private Investor,Flint Capital LLC (Fund: Flint Capital Fund),United Capital Partners Advisory OOO (Fund: United Capital Partners Private Equity Fund II LP),Sistema Venchur Kepital AO",,,, ,N.A.,N.A., ,N.A.,, ,Moscow,Russia,RU,Software & Tech Services,Technology,Software,YouDo OOO,, , , , , , , , , ,,,,,,,,,
,White & Case LLP, ,128906494, ,2016-08-08,143.93,717.91,550.0 Mln,2016-09-07,,ILS,717.91,"Cross Border, Management Buyout, Majority Purchase",On 07/18/2016 Africa Israel announced that it is in talks with trustees and representative of debt holders to formulate an agreed framework to sell its entire holding in AFI Development to Lev Leviev.,Completed,M&A,No, ,Friendly,2193.355957,Cash,0,64.879997,2016-07-18,Negotiation,,, ,,, ,,Russia,,N.A.,Management Group,,,,N.A.,N.A.,Israel,IL,Consumer Discretionary,Africa Israel Investments Ltd, ,Moscow,Russia,RU,Real Estate,Real Estate,Real Estate Owners & Developers,AFI Development PLC,, ,0.28,5,2.37,0.15,1,17.92,8.49,0.53,,,,,,,,,
,, ,128916226, ,2016-06-28,46.5,46.5,3000.0 Mln,2016-06-28,,RUB,46.5,"Private Equity, Minority Purchase",A consortium led by CB Uniastrum Bank LLC acquired a minority stake in Orient Express Bank PJSC. The transaction was completed on 6/28/2016.,Completed,INV,No, ,Friendly,0,Cash,0,0, ,,,, ,Gazprombank,, ,,Russia,,"Financials, Financials","CB Uniastrum Bank LLC,Baring Vostok Capital Partners Ltd/Russia (Fund: Baring Vostok Private Equity Fund IV LP)",,,, ,0213,N.A., ,N.A.,, ,Moskva,Russia,RU,Banking,Financials,Banking,Orient Express Bank PJSC,1109,HOGS, , , , , , , , ,,,,,,,,,
,, ,129021102, ,2016-07-20,N/A,N/A,N/A,2017-12-31,,USD,N/A,"Additional Stake Purchase, Minority Purchase",Novatek PJSC acquired a minority stake in Yamal LNG OAO. The transaction was announced on 7/20/2016 and completed on 12/31/2017. Financial terms of the transaction are undisclosed.,Completed,INV,No, ,Friendly,0,Cash,0,0, ,,,, ,,, ,Moscow,Russia,RU,Energy,Novatek PJSC,18404, ,N.A., ,1311,N.A., ,N.A.,, ,Vostochno-yubileynoye Gkm,Russia,RU,Oil & Gas,Energy,Oil & Gas Supply Chain,Yamal LNG OAO,,CRUDE PETR/NG, , , , , , , , ,,,,,,,,,
,, ,129564412, ,2016-07-29,2500,2500,2500.0 Mln,2017-01-29,,USD,2500,"Cross Border, Minority Purchase","With no further information disclosed, this proposal has been withdrawn. On 07/29/2016, It was reported that E.ON SE is considering the sale of its 25% stake in Yuzhno Russkoye Gas which is valued at approximately 2,500.00M to a potential buyer, according to people familiar with the matter.",Withdrawn,INV,No, ,Friendly,0,Cash,0,25,2016-07-29,,,, ,,, ,,British Virgin Islands,,N.A.,Potential Buyer,,,,4900,N.A.,Germany,DE,Utilities,E.ON SE,ELEC/GAS SRVCS,Stavropol,Russia,RU,Oil & Gas,Energy,Oil & Gas Supply Chain,Yuzhno Russkoye Gas,, , , , , , , , , ,,,,,,,,,
,, ,129564514, ,2016-07-29,1026.44,1026.44,920.0 Mln,2017-01-31,,EUR,1026.44,"Cross Border, Asset Sale","On 07/29/2016, Reuters reported that Eon‚Äôs power-plant and energy-trading unit Uniper might put up for sale stakes in gas pipelines Opal, BBL, Transitgas at combined EUR 920.00M. With no further information, this deal has been withdrawn.",Withdrawn,AST,No, ,Friendly,0,Cash,0,100,2016-07-29,,,, ,,, ,,Russia,,N.A.,Potential Buyer,,,,4900,,Germany,DE,Utilities,E.ON SE,ELEC/GAS SRVCS,,Russia,,Oil & Gas,Energy,Oil & Gas Supply Chain,Opal & BBL & Transitgas Pipelines,,, , , , , , , , ,,,,,,,,,
,, ,129633653, ,2016-09-01,N/A,N/A,N/A,2016-09-01,,RUB,N/A,Company Takeover,MegaFon PJSC acquired ER-Telecom ZAO. The transaction was completed on 9/1/2016. Financial terms of the transaction are undisclosed.,Completed,M&A,No, ,Friendly,0,Undisclosed,0,100,2016-08-01,,,, ,,, ,Sankt-peterburg,Russia,RU,Communications,MegaFon PJSC,, ,N.A., ,N.A.,N.A., ,N.A.,, ,Moscow,Russia,RU,Telecommunications,Communications,Telecommunications,ER-Telecom ZAO,, , , , , , , , , ,,,,,,,,,
,, ,129964460, ,2016-08-04,N/A,N/A,N/A,2016-08-04,,EUR,N/A,"Cross Border, Asset Sale",Kesko Oyj sold Sport-goods stores/Russia to Unnamed Buyer. The transaction was completed on 8/4/2016. Financial terms of the transaction are undisclosed.,Completed,AST,No, ,Friendly,0,Cash,0,100, ,,,, ,,, ,,Russia,,N.A.,Unnamed Buyer,,,,N.A.,,Finland,FI,Consumer Staples,Kesko Oyj, ,,Russia,,Consumer Discretionary Products,Consumer Discretionary,Leisure Products,Sport-goods stores/Russia,,, , , , , , , , ,,,,,,,,,
,Minter Ellison, ,130237590, ,2016-08-02,N/A,N/A,N/A,2016-08-02,,AUD,N/A,"Cross Border, Asset Sale",Skyland Petroleum Group Ltd acquired Oil & gas asset/Siberia. The transaction was completed on 8/2/2016. Financial terms of the transaction are undisclosed.,Completed,AST,No, ,Friendly,0,Cash,0,100, ,,,, ,,, ,Sydney,Cayman Islands,AU,Consumer Discretionary,Skyland Petroleum Group Ltd,, ,N.A., ,,N.A., ,N.A.,, ,,Russia,,Oil & Gas,Energy,Oil & Gas Supply Chain,Oil & gas asset/Siberia,,, , , , , , , , ,,,,,,,,,
,, ,130410551, ,2016-08-15,N/A,N/A,N/A,2017-02-15,,RUB,N/A,Company Takeover,"With no further information disclosed, this proposal has been withdrawn. On 08/15/2016, Vedomosti reported that Pharmacy Chain 36.6 PJSC considers both merging assets and acquiring Rosta Group ZAO.",Withdrawn,M&A,No, ,Friendly,0,Undisclosed,0,100,2016-08-15,Negotiation,,, ,,, ,Moscow,Russia,RU,Consumer Staples,Pharmacy Chain 36.6 PJSC,, ,N.A., ,5122,N.A., ,N.A.,, ,Moscow,Russia,RU,Health Care,Health Care,Medical Equipment & Devices,Rosta Group ZAO,,DRUGS/SUNDRIES, , , , , , , , ,,,,,,,,,
,, ,130479099, ,2016-08-16,N/A,N/A,N/A,2017-02-16,,RUB,N/A,Minority Purchase,"With no further information disclosed, this proposal has been withdrawn. On 08/16/2016, It was reported that United Grain Co OJSC won approval for a 49% stake purchase in Novorossyisk Grain Plant PJSC, citing an official decision. Financial terms of the possible purchase were undisclosed.",Withdrawn,INV,No, ,Friendly,0,Undisclosed,0,49,2016-08-16,Strategic Alt Review,,, ,,, ,Moscow,Russia,RU,Industrials,Obyedinennaya Zernovaya Kompaniya AO,, ,N.A., ,N.A.,N.A., ,N.A.,, ,Novorossiysk,Russia,RU,Consumer Staple Products,Consumer Staples,Food,Novorossiyskiy Kombinat Khleboproduktov PAO,668, , , , , , , , , ,,,,,,,,,
,, ,130647328, ,2016-08-19,N/A,N/A,N/A,2017-02-19,,RUB,N/A,"Majority Purchase, Additional Stake Purchase","On 08/19/2016, Kommersant business daily reported that Russian businessman Musa Bazhayev plans to raise his stake in AKB Finprombank PAO to 90%. With no further information, the deal was withdrawn on 02/19/2017.",Withdrawn,M&A,No, ,Friendly,0,Cash,0,0,2016-08-19,,,, ,,, ,,Russia,,N.A.,Private Investor,,,, ,N.A.,N.A., ,N.A.,, ,Moscow,Russia,RU,Banking,Financials,Banking,Financial-Industrial Bank,241, , , , , , , , , ,,,,,,,,,
VTB Capital,, ,130898240, ,2016-12-09,N/A,N/A,N/A,2016-12-09,,EUR,N/A,"Company Takeover, Cross Border","On 08/25/2016, RBC reported that Safmar Group is in talks to acquire Eldorado Group from PPF Group NV.",Completed,M&A,No, ,Friendly,0,Undisclosed,0,100,2016-08-25,Negotiation,,, ,,, ,Moscow,Russia,RU,Financials,Safmar Group Inc,, ,N.A.,N.A.,N.A.,Netherlands,NL,Financials,PPF Group NV, , ,Russia,RU,Retail & Whsle - Discretionary,Consumer Discretionary,Retail - Discretionary,Eldorado Group,, , , , , , , , , ,,,,,,,,,
,, ,130920158, ,2016-08-25,N/A,N/A,N/A, ,,RUB,N/A,"Option Agreement, Company Takeover, Cross Border",Stans Energy Corp announced the acquisition of Pervomayskiy GOK LLC. The transaction was announced on 8/25/2016 and is currently pending. Financial terms of the transaction are undisclosed.,Pending,M&A,No, ,Friendly,0,Undisclosed,0,100, ,,,, ,,, ,Toronto,Canada,CA,Materials,Stans Energy Corp,,"ROLLING, DRAW",3350, ,N.A.,N.A., ,N.A.,, ,Pervomayskiy,Russia,RU,Materials,Materials,Metals & Mining,Pervomayskiy GOK LLC,, , , , , , , , , ,,,,,,,,,
,, ,130969846, ,2016-08-26,N/A,N/A,N/A,2016-08-26,,RUB,N/A,Majority Purchase,VK IPJSC acquired GeekBrains. The transaction was completed on 8/26/2016. Financial terms of the transaction are undisclosed.,Completed,M&A,No, ,Friendly,0,Undisclosed,0,0, ,,,, ,,, ,Sankt-peterburg,Russia,RU,Communications,VK IPJSC,,AMUSEMENT SVC,7999, ,N.A.,N.A., ,N.A.,, ,Moscow,Russia,RU,Media,Communications,Internet Media & Services,GeekBrains,, , , , , , , , , ,,,,,,,,,
,, ,131111295, ,2016-08-30,N/A,N/A,N/A,2016-08-30,,RUB,N/A,Company Takeover,Gazprom Neft PJSC acquired Chukotaerosbyt LLC. The transaction was completed on 8/30/2016. Financial terms of the transaction are undisclosed.,Completed,M&A,No, ,Friendly,0,Undisclosed,0,100, ,,,, ,,, ,Moscow,Russia,RU,Energy,Gazprom Neft PJSC,,PETROL REFINNG,2911, ,N.A.,N.A., ,N.A.,, ,Ugolnyye Kopi,Russia,RU,Industrial Services,Industrials,Transportation & Logistics,Chukotaerosbyt LLC,, , , , , , , , , ,,,,,,,,,
,, ,131280728, ,2016-09-01,N/A,N/A,N/A,2017-03-01,,USD,N/A,"Cross Border, Asset Sale","On 09/01/2016, RBC newspaper reported that McDonald's Corp is to sell unit that runs 13 restaurants in Volga and Ural in Russia to Kairat Boranbayev. With no further information, this deal was withdrawn on 03/1/2017.",Withdrawn,AST,No, ,Friendly,0,Cash,0,100,2016-09-01,Negotiation,,, ,,, ,,Kazakhstan,,N.A.,Private Investor,,,,5812,,United States,US,Consumer Discretionary,McDonald's Corp,EATING PLACE,,Russia,,Consumer Discretionary Services,Consumer Discretionary,Leisure Facilities & Services,13 Restaurants/Russia,,, , , , , , , , ,,,,,,,,,
,, ,131499047, ,2016-09-05,N/A,N/A,N/A,2016-10-25,,USD,N/A,Asset Sale,MD Medical Group Investments PLC announced the acquisition of Neo-Clinic/Tyumen. The transaction was announced on 9/5/2016 and terminated on 10/25/2016. Financial terms of the transaction are undisclosed.,Terminated,AST,No, ,Friendly,0,Cash,0,100, ,,,, ,,, ,Moscow,Russia,RU,Health Care,MD Medical Group Investments PLC,13388, ,N.A., ,,N.A., ,N.A.,, ,,Russia,,Health Care,Health Care,Health Care Facilities & Svcs,Neo-Clinic/Tyumen,,, , , , , , , , ,,,,N/A,,,,,
,, ,131572908, ,2015-12-17,0.05,0.05,98.0/sh.,2016-02-01,,RUB,0.04,"Mandatory Offer, Company Takeover, Additional Stake Purchase, Tender Offer, Going Private",KBK Cheryomushki OAO acquired Pecar OAO for RUB 3.25M. The transaction was announced on 12/17/2015 and completed on 2/1/2016.,Completed,M&A,No, ,Friendly,0,Cash,99.669998,0.33, ,,,, ,,, ,Moscow,Russia,RU,Consumer Staples,KBK Cheryomushki OAO,, ,N.A., ,N.A.,N.A., ,N.A.,, ,Saint Petersburg,Russia,RU,Consumer Staple Products,Consumer Staples,Food,Pecar OAO,22, ,1.17, ,27.81,1.11,1.17, ,27.81,1.11,,,,,,,,,
,, ,131854737, ,2016-08-05,2.28,2.28,149.53 Mln,2016-12-31,,RUB,2.28,"Company Takeover, Cross Border",China COSCO Shipping Corp Ltd sold COSCO Russia Ltd to COSCO SHIPPING Holdings Co Ltd for RUB 149.53M. The transaction was announced on 8/5/2016 and completed on 12/31/2016.,Completed,M&A,No, ,Friendly,0,Cash,0,100, ,,,, ,,, ,Shanghai,China,CN,Industrials,COSCO SHIPPING Holdings Co Ltd,32768, ,N.A.,N.A.,N.A.,China,CN,Industrials,China COSCO Shipping Corp Ltd, ,Saint Petersburg,Russia,RU,Industrial Services,Industrials,Transportation & Logistics,COSCO Russia Ltd,, , , , , , , , , ,2016-12-31,,,,,,,,
,, ,132058072, ,2016-09-16,N/A,N/A,N/A,2016-12-31,,RUB,N/A,"Private Placement, Cross Border, Minority Purchase",R Stahl AG acquired a minority stake in Zavod Goreltekh OOO/Saint Petersburg. The transaction was announced on 9/16/2016 and completed on 12/31/2016. Financial terms of the transaction are undisclosed.,Completed,INV,No, ,Friendly,0,Cash,0,25, ,,,, ,,, ,Waldenburg,Germany,DE,Industrials,R Stahl AG,1589, ,N.A., ,5084,N.A., ,N.A.,, , ,Russia,RU,Industrial Services,Industrials,Industrial Support Services,Zavod Goreltekh OOO/Saint Petersburg,,INDL MACH/EQUI, , , , , , , , ,,,,,,,,,
,,,132179310, ,2016-07-27,N/A,N/A,,2016-09-20,,RUB,N/A,,,Completed,SPIN,,,,0,,0,0,,,,,,,,, ,, ,Communications,Shareholders, , , ,N.A.,N.A.,Russia,RU,N.A.,MegaFon PJSC, , ,Russia,RU,N.A.,N.A.,N.A.,First Tower Co JSC,, , , , , , , , , ,,,,,,,,,
,, ,132180222, ,2016-09-20,N/A,N/A,N/A,2016-09-20,,RUB,N/A,Company Takeover,Private Investor acquired Morton-RSO. The transaction was completed on 9/20/2016. Financial terms of the transaction are undisclosed.,Completed,M&A,No, ,Friendly,0,Cash,0,100, ,,,, ,,, ,,Russia,,N.A.,Private Investor,,,, ,1629,N.A., ,N.A.,, ,Moscow,Russia,RU,Industrial Services,Industrials,Engineering & Construction,Morton-RSO,,HVY CONSTR NEC, , , , , , , , ,,,,,,,,,
,, ,132232562, ,2016-09-20,N/A,N/A,N/A, ,,RUB,N/A,Minority Purchase,Private Investor announced the acquisition of a minority stake in Morton-Invest OOO. The transaction was announced on 9/20/2016 and is currently pending. Financial terms of the transaction are undisclosed.,Pending,INV,No, ,Friendly,0,Undisclosed,0,0, ,,,, ,,, ,,Russia,,N.A.,Private Investor,,,, ,6531,N.A., ,N.A.,, ,N.A,Russia,RU,Real Estate,Real Estate,Real Estate Services,Morton-Invest OOO,,REAL EST AGENT, , , , , , , , ,,,,,,,,,
,, ,132237530, ,2016-09-21,4,4,4.0 Mln,2016-09-21,,USD,4,"Venture Capital, Cross Border, Private Equity, Minority Purchase, Series A / 1",A consortium led by Korea Investment Holdings Co Ltd acquired a minority stake in Value In Technology Asia Pte Ltd. The transaction was completed on 9/21/2016.,Completed,INV,No, ,Friendly,0,Cash,0,0, ,,,, ,,, ,,South Korea,,"Financials, Financials","Korea Investment Holdings Co Ltd,Kakao Ventures Corp",,,, ,N.A.,N.A., ,N.A.,, , ,Russia,ID,Software & Tech Services,Technology,Software,Value In Technology Asia Pte Ltd,, , , , , , , , , ,,,,,,,,,
,, ,132364027, ,2016-09-23,N/A,N/A,N/A,2017-03-23,,USD,N/A,"Company Takeover, Cross Border","On 09/23/2016 Kommersant reported that Global Payments is seeking to sell United Card Service JSC. With no further information, this proposal has been withdrawn on 03/23/2017.",Withdrawn,M&A,No, ,Friendly,0,Undisclosed,0,100,2016-09-23,On the Block,,, ,,, ,,Russia,,N.A.,Potential Buyer,,,,7389,6726,United States,US,Financials,Global Payments Inc,BUSINESS SVC,N.A,Russia,RU,Financial Services,Financials,Specialty Finance,KOKK AO,,INVEST OFF NEC, , , , , , , , ,,,,,,,,,
,Herbert Smith Fr, ,132471549, ,2016-08-02,40,40,40.0 Mln,2016-08-02,,USD,40,Minority Purchase,Da Vinci Capital OOO acquired a minority stake in Softline Group. The transaction was completed on 8/2/2016.,Completed,INV,No, ,Friendly,0,Cash,0,0, ,,,, ,,, ,Moscow,Russia,RU,Financials,Da Vinci Capital OOO,, ,N.A., ,N.A.,N.A., ,N.A.,, ,Moscow,Russia,RU,Software & Tech Services,Technology,IT Services,Softline Group,, , , , , , , , , ,,,,,,,,,
,, ,132788337, ,2016-05-25,N/A,N/A,N/A,2016-05-25,,DKK,N/A,"Company Takeover, Cross Border, Management Buyout",Egmont International Holding A/S sold AO Egmont Russia Ltd to Management Group. The transaction was completed on 5/25/2016. Financial terms of the transaction are undisclosed.,Completed,M&A,No, ,Friendly,0,Undisclosed,0,100, ,,,Baker McKenzie, ,,, ,,Russia,,N.A.,Management Group,,,,6719,N.A.,Denmark,DK,Communications,Egmont International Holding A/S,HOLDING CO NEC, ,Russia,RU,Media,Communications,Publishing & Broadcasting,AO Egmont Russia Ltd,, , , , , , , , , ,,,,,,,,,
,, ,133130734, ,2016-10-06,N/A,N/A,N/A,2016-10-06,,RUB,N/A,Company Takeover,QIWI plc acquired Plati Potom OOO. The transaction was completed on 10/6/2016. Financial terms of the transaction are undisclosed.,Completed,M&A,No, ,Friendly,0,Undisclosed,0,100, ,,,, ,,, ,Nicosia,Russia,CY,Financials,QIWI plc,162,BUSINESS SVC,7389, ,N.A.,N.A., ,N.A.,, , ,Russia,RU,Financial Services,Financials,Specialty Finance,Plati Potom OOO,, , , , , , , , , ,,,,,,,,,
,Skadden Arps, ,133159108, ,2016-09-20,N/A,N/A,N/A,2016-09-20,,RUB,N/A,Company Takeover,Private Investor acquired Morton OOO. The transaction was completed on 9/20/2016. Financial terms of the transaction are undisclosed.,Completed,M&A,No, ,Friendly,0,Cash,0,100, ,,,, ,,, ,,Russia,,N.A.,Private Investor,,,, ,1629,N.A., ,N.A.,, ,N.A,Russia,RU,Industrial Services,Industrials,Engineering & Construction,Morton OOO,,HVY CONSTR NEC, , , , , , , , ,,,,,,,,,
,Baker McKenzie, ,133263572, ,2016-10-10,45.54,45.54,N/A,2016-10-20,,RUB,N/A,"Company Takeover, Cross Border",A consortium led by Mondi Ltd acquired Beepack LLC for RUB 2825.00M. The transaction was announced on 10/10/2016 and completed on 10/20/2016.,Completed,M&A,No, ,Friendly,0,Undisclosed,0,100, ,,,, ,,, ,,United Kingdom,,"Materials, Materials","Mondi Ltd,Mondi PLC",,,, ,N.A.,N.A., ,N.A.,, ,Lebedyan,Russia,RU,Materials,Materials,Containers & Packaging,Beepack LLC,, , , , , , , , , ,,,,,,,,,
JP Morgan,Cleary Gottlieb, ,133836914, ,2016-10-26,181.15,181.15,11400.0 Mln,2016-11-30,,RUB,181.15,"Cross Border, Asset Sale","On 10/26/2016, Lenta Ltd entered into an agreement to purchase Kesko OYJ's grocery trade operations in Russia for RUB 11,000.00M. On 10/21/2016, it was reported that Kesko OYJ was in negotiation with Lenta Ltd  to dispose its grocery trade operations in Russia.",Completed,AST,No, ,Friendly,0,Cash,0,100,2016-10-21,Negotiation,Goldman Sachs,, ,,, ,Saint Petersburg,Russia,RU,Consumer Staples,Lenta International Co PJSC,66700,NONWEAVE FAB,2297,N.A.,,Finland,FI,Consumer Staples,Kesko Oyj, ,,Russia,,Retail & Wholesale - Staples,Consumer Staples,Wholesale - Consumer Staples,Grocery trade operations/Russia,,, , , , , , , , ,,,,2016-11-30,,,,2016-10-26,
,, ,134124590, ,2016-10-26,20,20,20.0 Mln,2016-10-26,,USD,20,"Venture Capital, Private Equity, Minority Purchase, Additional Stake Purchase, Financing Round",A consortium led by Baring Vostok Capital Partners Ltd/Russia acquired a minority stake in Busfor LLC. The transaction was completed on 10/26/2016.,Completed,INV,No, ,Friendly,0,Cash,0,0, ,,,, ,,, ,,Russia,,"Financials, Financials, Financials","Baring Vostok Capital Partners Ltd/Russia (Fund: Baring Vostok Private Equity Fund V LP),Elbrus Capital OOO (Fund: Elbrus Capital Fund I LP),Inventure Partners",,,, ,N.A.,N.A., ,N.A.,, ,Moscow,Russia,RU,Media,Communications,Internet Media & Services,Busfor LLC,, , , , , , , , , ,,,,,,,,,
,, ,134180043, ,2016-10-31,589.73,589.73,3706.41/sh.,2017-03-01,,RUB,640.93,"Mandatory Offer, Additional Stake Purchase, Tender Offer","On 10/31/2016, Rosneft PJSC submitted a mandatory offer for the acquisition of Bashneft PJSC's ordinary shares from its minority stockholders accounting for 37.52% of the shares outstanding. The maximum amount of Rosneft liabilities within the mandatory offer will not exceed RUB 206,000.00M. ...",Completed,INV,No, ,Friendly,0,Cash,62.48,6.82,2016-10-28,,,, ,,, ,Moscow,Russia,RU,Energy,Rosneft Oil Co PJSC,302100, ,N.A., ,N.A.,N.A., ,N.A.,, ,Ufa,Russia,RU,Oil & Gas,Energy,Oil & Gas Supply Chain,Bashneft PJSC,, ,2.24,4.52,0.94,1,2.24,4.52,0.94,1,,,,2016-11-29,,,,,
,, ,134255225, ,2016-10-31,N/A,N/A,N/A,2016-12-20,,RUB,N/A,Company Takeover,PIK Group PJSC acquired Morton OOO. The transaction was announced on 10/31/2016 and completed on 12/20/2016. Financial terms of the transaction are undisclosed.,Completed,M&A,No, ,Friendly,0,Undisclosed,0,100, ,,,, ,,, ,Moscow,Russia,RU,Real Estate,PIK Group PJSC,, ,N.A., ,1629,N.A., ,N.A.,, ,N.A,Russia,RU,Industrial Services,Industrials,Engineering & Construction,Morton OOO,,HVY CONSTR NEC, , , , , , , , ,,,,,,,,,
,, ,134270046, ,2016-06-30,N/A,N/A,N/A,2016-06-30,,USD,N/A,"Private Placement, Additional Stake Purchase",Tatneft PJSC acquired Bank ZENIT PJSC. The transaction was completed on 6/30/2016. Financial terms of the transaction are undisclosed.,Completed,INV,No, ,Friendly,0,Cash,14.6,34.279999, ,,,, ,,, ,Tatarstan,Russia,RU,Energy,Tatneft PJSC,, ,N.A., ,N.A.,N.A., ,N.A.,, ,Moscow,Russia,RU,Banking,Financials,Banking,Bank ZENIT PJSC,2518, , , , , , , , , ,,,,,,,,,
,, ,134271192, ,2016-06-30,N/A,N/A,N/A,2016-10-28,,USD,N/A,"Mandatory Offer, Majority Purchase, Additional Stake Purchase, Tender Offer",Tatneft PJSC acquired Bank ZENIT PJSC. The transaction was announced on 6/30/2016 and completed on 10/28/2016. Financial terms of the transaction are undisclosed.,Completed,M&A,No, ,Friendly,425.311096,Cash,48.790001,1.61, ,,,, ,,, ,Tatarstan,Russia,RU,Energy,Tatneft PJSC,, ,N.A., ,N.A.,N.A., ,N.A.,, ,Moscow,Russia,RU,Banking,Financials,Banking,Bank ZENIT PJSC,2518, ,-80.36, ,-45.44,-5.37,-79.06, ,-44.7,-5.28,,,,,,,,,
,, ,134507182, ,2016-11-02,N/A,N/A,N/A,2017-05-17,,USD,N/A,"Cross Border, Majority Purchase","On 11/17/2016, it was reported that The Russian Direct Investment Fund and its partners are thinking of acquiring a controlling stake in container freight operator TransContainer, citing people familiar with the matter. On 11/02/2016, Interfax reported that Globaltrans would be potentially in...",Withdrawn,M&A,No, ,Friendly,0,Undisclosed,0,0,2016-11-02,,,, ,,, ,Abu Dhabi,Cyprus,AE,Industrials,Globaltrans Investment PLC,, ,N.A., ,N.A.,N.A., ,N.A.,, ,Moscow,Russia,RU,Industrial Services,Industrials,Transportation & Logistics,Center for Cargo Container Traffic TransContainer PJSC,, , , , , , , , , ,,,,,,,,,
,, ,134672272, ,2016-11-03,N/A,N/A,N/A,2016-11-03,,RUB,N/A,"Company Takeover, Cross Border",Havas SA acquired NPO Lemz OAO. The transaction was completed on 11/3/2016. Financial terms of the transaction are undisclosed.,Completed,M&A,No, ,Friendly,0,Undisclosed,0,100, ,,,, ,,, ,Puteaux,France,FR,Communications,Havas SA,, ,N.A., ,3812,N.A., ,N.A.,, ,Moscow,Russia,RU,Industrial Products,Industrials,Aerospace & Defense,NPO Lemz OAO,,SEARCH/NAVIG, , , , , , , , ,,,,,,,,,
,, ,134848994, ,2016-11-08,120.97,120.97,7700.0 Mln,2016-11-08,,RUB,120.97,"Majority Purchase, Additional Stake Purchase",Sistema PJSFC acquired MTS-Bank PAO for RUB 7700.00M. The transaction was completed on 11/8/2016.,Completed,M&A,No, ,Friendly,0,Cash,45.799999,26.07, ,,,, ,,, ,Moscow,Russia,RU,Communications,Sistema PJSFC,,PHONE NO  RADI,4813, ,N.A.,N.A., ,N.A.,, ,Moscow,Russia,RU,Banking,Financials,Banking,MTS-Bank PAO,, , , , , , , , , ,,,,,,,,,
,, ,134911481, ,2016-11-09,N/A,N/A,N/A,2017-05-09,,EUR,N/A,"Cross Border, Minority Purchase","On 11/09/2016, it was reported that PPF Group NV is looking for buyers for 12.92% in Polymetal International Plc. With no further information, the deal was withdrawn on 05/09/2017.",Withdrawn,INV,No, ,Friendly,0,Undisclosed,0,12.92,2016-11-09,On the Block,,, ,,, ,,Russia,,N.A.,Potential Buyer,,,,N.A.,N.A.,Netherlands,NL,Financials,PPF Group NV, ,G.astana,Russia,KZ,Materials,Materials,Metals & Mining,Solidcore Resources PLC,3884, , , , , , , , , ,,,,,,,,,
,, ,134973414, ,2016-11-10,N/A,N/A,N/A,2017-08-15,,EUR,N/A,"Cross Border, Asset Sale","On 02/15/2017, Strategy Head reported that Inter RAO isn‚Äôt in talks with Enel Russia on buying it's assets. On 11/10/2016, Vedomosti newspaper reported Inter RAO is considering purchase of Enel Russia assets, citing 3 unidentified people familiar with situation. With no further information,...",Withdrawn,AST,No, ,Friendly,0,Cash,0,100,2016-11-10,Negotiation,,, ,,, ,Moscow,Russia,RU,Utilities,Inter RAO UES PJSC,634,ELECTRIC SVC,4911,4911,,Italy,IT,Utilities,Enel SpA,ELECTRIC SVC,,Russia,,Utilities,Utilities,Electric Utilities,Enel Russian assets,,, , , , , , , , ,,,,,,,,,
,Norton Rose, ,135100749, ,2016-11-14,N/A,N/A,N/A,2016-11-14,,RUB,N/A,"Majority Purchase, Additional Stake Purchase",VTB Bank PJSC acquired Irrico Ltd. The transaction was completed on 11/14/2016. Financial terms of the transaction are undisclosed.,Completed,M&A,No, ,Friendly,0,Undisclosed,34,32, ,,,, ,,, ,Moscow,Russia,RU,Financials,VTB Bank PJSC,, ,N.A., ,N.A.,N.A., ,N.A.,, , ,Russia,RU,Financial Services,Financials,Asset Management,Irrico Ltd,, , , , , , , , , ,,,,,,,,,
,, ,135446874, ,2016-11-17,34.96,34.96,N/A,2017-09-03,,RUB,N/A,"Company Takeover, Additional Stake Purchase","On 03/03/2017, it was reported that Rostelecom PJSC received approval from its directors for the acquisition of a 49.9% stake in LLC Data Storage Centra, also known as SafeData. The deal is worth about RUB 2,260.00M. On 11/17/2016, Kommersant reported that Rostelecom PJSC is weighing to buy o...",Withdrawn,M&A,No, ,Friendly,0,Undisclosed,50.099998,49.900002,2016-11-17,,,, ,,, ,Moscow,Russia,RU,Communications,Rostelecom PJSC,,PHONE NO  RADI,4813, ,7374,N.A., ,N.A.,, ,Warwick,Russia,US,Software & Tech Services,Technology,Software,SafeData LLC,,DATA PROCESS, , , , , , , , ,,,,,,,,,
,, ,135732602, ,2016-11-23,24,60,24.0 Mln,2016-12-20,,USD,60,"Cross Border, Majority Purchase",Sun Pharmaceutical Industries Ltd acquired Biosintez OAO for USD 60.00M. The transaction was announced on 11/23/2016 and completed on 12/20/2016.,Completed,M&A,No, ,Friendly,36,Cash,0,85.099998, ,,,, ,,, ,Mumbai,India,IN,Health Care,Sun Pharmaceutical Industries Ltd,21514, ,N.A., ,N.A.,N.A., ,N.A.,, ,Penza,Russia,RU,Health Care,Health Care,Biotech & Pharma,Biosintez OAO,938, ,1.84, ,0.61,0.44,4.19, ,1.39,1,,,,,,,,,
,, ,135807528, ,2016-11-24,N/A,N/A,N/A, ,,RUB,N/A,"Company Takeover, Cross Border",TS Trans Siberia Co Ltd announced the acquisition of Perm Airport. The transaction was announced on 11/24/2016 and is currently pending. Financial terms of the transaction are undisclosed.,Pending,M&A,No, ,Friendly,0,Undisclosed,0,100, ,,,, ,,, ,Nicosia,Cyprus,CY,Financials,TS Trans Siberia Co Ltd,, ,N.A., ,N.A.,N.A., ,N.A.,, , ,Russia,RU,Industrial Services,Industrials,Transportation & Logistics,Perm Airport,, , , , , , , , , ,,,,,,,,,
,, ,135816316, ,2016-11-25,N/A,N/A,N/A,2017-05-25,,RUB,N/A,"Company Takeover, Squeeze Out, Additional Stake Purchase","On 11/25/2016, Kommersant newspaper reported that Ural Mining and Metallurgical Co OJSC is preparing mandatory squeeze out at Chelyabinsk Zinc Plant PJSC. With no further information, the deal was withdrawn on 05/25/2017.",Withdrawn,M&A,No, ,Friendly,0,Undisclosed,95.5,4.5,2016-11-25,Negotiation,,, ,,, ,Verkhnyaya Pyshma,Russia,RU,Materials,Ural Mining and Metallurgical Co OJSC,, ,N.A., ,N.A.,N.A., ,N.A.,, ,Chelyabinsk,Russia,RU,Materials,Materials,Metals & Mining,Chelyabinsk Zinc Plant PJSC,1771, , , , , , , , , ,,,,,,,,,
,, ,135876669, ,2016-11-26,N/A,N/A,N/A,2017-05-26,,RUB,N/A,Company Takeover,"On 11/26/2016, Reuters reported that RAO UES PJSC and China Huadian Corp are keen to buy Enel Russia PJSC. With no further information, the deal was withdrawn on 05/26/2017.",Withdrawn,M&A,No, ,Friendly,24800.53906,Undisclosed,0,100,2016-11-26,On the Block,,, ,,, ,,Russia,,N.A.,Potential Buyer,,,, ,N.A.,N.A., ,N.A.,, ,Moscow,Russia,RU,Utilities,Utilities,Electric Utilities,EL5-ENERO PJSC,, ,-0.8, ,-0.35,-0.29, , , , ,,,,,,,,,
,, ,136033626, ,2016-11-30,N/A,N/A,N/A,2017-05-30,,RUB,N/A,Company Takeover,"On 11/30/2016, Kommersant reported that CB Uniastrum Bank LLC's main owner Artem Avetisyan may buy Sviaz Bank OAO, citing people familiar with the matter. With no further information, this deal has been withdrawn on 05/30/2017.",Withdrawn,M&A,No, ,Friendly,33576,Cash,0,100,2016-11-30,,,, ,,, ,,Russia,,N.A.,Private Investor,,,, ,N.A.,N.A., ,N.A.,, ,Moscow,Russia,RU,Banking,Financials,Banking,Sviaz Bank OAO,, ,-2.54, ,-0.88,-0.09, , , , ,,,,,,,,,
,, ,136037310, ,2016-11-30,3,3,3.0 Mln,2016-11-30,,USD,3,"Venture Capital, Private Equity, Minority Purchase, Seed",Finstar Financial Group acquired a minority stake in StoneBird Inc. The transaction was completed on 11/30/2016.,Completed,INV,No, ,Friendly,0,Cash,0,0, ,,,, ,,, ,Moscow,Russia,RU,Financials,Finstar Financial Group,,HOLDING CO NEC,6719, ,N.A.,N.A., ,N.A.,, ,MIAMI,Russia,US,Media,Communications,Advertising & Marketing,StoneBird Inc,, , , , , , , , , ,,,,,,,,,
,, ,136058262, ,2016-11-30,N/A,N/A,N/A,2017-08-30,,USD,N/A,Minority Purchase,"ON 11/30/2016, it was reported that Mikhail Prokhorov had hired Allen & Co. to find a potential buyer for it stake in the Brooklyn Nets. With no further information, this deal has been withdrawn on 08/30/17",Withdrawn,INV,No, ,Friendly,0,Undisclosed,0,0,2016-11-30,Strategic Alt Review,,Allen & Co, ,,, ,,British Virgin Islands,,N.A.,Potential Buyer,,,, ,7941,N.A., ,N.A.,, ,Brooklyn,Russia,US,Consumer Discretionary Services,Consumer Discretionary,Leisure Facilities & Services,Brooklyn Nets,,SPORTS CLUB, , , , , , , , ,,,,,,,,,
,, ,136063266, ,2016-11-30,N/A,N/A,N/A,2016-12-31,,RUB,N/A,Minority Purchase,Rostec State Corp announced the acquisition of a minority stake in Proekt Technika Corp. The transaction was announced on 11/30/2016 and is expected to be completed by 12/31/2016. Financial terms of the transaction are undisclosed.,Pending,INV,No, ,Friendly,0,Undisclosed,0,25, ,,,, ,,, ,Moscow,Russia,RU,Industrials,Rostec State Corp,200,MISC INVSTRS,6799, ,N.A.,N.A., ,N.A.,, ,Moscow,Russia,RU,Industrial Products,Industrials,Aerospace & Defense,Proekt Technika Corp,, , , , , , , , , ,,,,,,,,,
,, ,136143692, ,2016-03-20,N/A,N/A,N/A,2016-03-20,,USD,N/A,"Company Takeover, Cross Border",Arconic Inc/PA sold AMR AO to Lainen CJSC. The transaction was completed on 3/20/2016. Financial terms of the transaction are undisclosed.,Completed,M&A,No, ,Friendly,0,Undisclosed,0,100, ,,,White & Case LLP, ,,, ,Domodedovo,Russia,RU,Unclassifiable,Lainen CJSC,, ,N.A.,3350,3334,United States,US,Industrials,Arconic Inc/PA,"ROLLING, DRAW", ,Russia,RU,Materials,Materials,Metals & Mining,AMR AO,,ALUMINUM PROD, , , , , , , , ,,,,,,,,,
VTB Capital,, ,136367705, ,2016-11-24,41.17,41.17,N/A,2016-11-24,,USD,41.17,"Company Takeover, Cross Border",Allianz SE sold Rosno MS OAO to VTB Bank PJSC for USD 41.17M. The transaction was completed on 11/24/2016.,Completed,M&A,No, ,Friendly,0,Undisclosed,0,100, ,,,White & Case LLP, ,,, ,Moscow,Russia,RU,Financials,VTB Bank PJSC,, ,N.A.,6411,N.A.,Germany,DE,Financials,Allianz SE,INS AGENT/BROK,N.A,Russia,RU,Insurance,Financials,Insurance,Rosno MS OAO,, , , , , , , , , ,,,,,,,,,
,, ,136380431, ,2016-12-05,11.38,11.38,N/A,2016-12-05,,USD,10.61,Majority Purchase,Solidcore Resources PLC acquired Saum Mining Co LLC for USD 11.38M. The transaction was completed on 12/5/2016.,Completed,M&A,No, ,Friendly,0,Stock,0,80, ,,,,1.12069 Mln Sh,,, ,G.astana,Russia,KZ,Materials,Solidcore Resources PLC,3884, ,N.A., ,N.A.,N.A., ,N.A.,, ,Ivdel,Russia,RU,Materials,Materials,Metals & Mining,Saum Mining Co LLC,, , , , , , , , , ,,,,,,,,,
KPMG Corp Fin,, ,136404981, ,2016-07-15,N/A,N/A,N/A,2016-07-15,,RUB,N/A,Minority Purchase,Unipro PJSC acquired a minority stake in OAO NATEK Invest-Energo. The transaction was completed on 7/15/2016. Financial terms of the transaction are undisclosed.,Completed,INV,No, ,Friendly,0,Undisclosed,0,50, ,,,, ,,, ,Moscow,Russia,RU,Utilities,Unipro PJSC,4355, ,N.A., ,N.A.,N.A., ,N.A.,, , ,Russia,RU,Utilities,Utilities,Electric Utilities,OAO NATEK Invest-Energo,, , , , , , , , , ,,,,,,,,,
,, ,136432515, ,2016-12-02,N/A,N/A,N/A,2016-12-02,,RUB,N/A,Company Takeover,Steklonit OAO acquired Tverstekloplastik OAO. The transaction was completed on 12/2/2016. Financial terms of the transaction are undisclosed.,Completed,M&A,No, ,Friendly,0,Undisclosed,0,100, ,,,, ,,, , ,Russia,RU,Materials,Steklonit OAO,448,BRDWVN SYN MIL,2221, ,1629,N.A., ,N.A.,, ,N.A,Russia,RU,Industrial Services,Industrials,Engineering & Construction,Tverstekloplastik OAO,,HVY CONSTR NEC, , , , , , , , ,,,,,,,,,
,, ,136749292, ,2016-12-12,2.3,2.3,2.3 Mln,2016-12-12,,USD,2.3,"Venture Capital, Cross Border, Private Equity, Minority Purchase, Financing Round",A consortium led by Private Investor acquired a minority stake in Wallarm Inc USA. The transaction was completed on 12/12/2016.,Completed,INV,No, ,Friendly,0,Cash,0,0, ,,,, ,,, ,,Unknown,,"Financials, Financials","Private Investor,Partech International Inc (Fund: Partech Entrepreneur II),Gagarin Capital Partners",,,, ,N.A.,N.A., ,N.A.,, ,San Francisco,Russia,US,Software & Tech Services,Technology,Software,Wallarm Inc USA,, , , , , , , , , ,,,,,,,,,
,, ,136815421, ,2016-12-08,2,2,2.0 Mln,2016-12-08,,USD,2,"Venture Capital, Private Equity, Minority Purchase, Additional Stake Purchase, Series B / 2",A consortium led by AYR-Financial acquired a minority stake in Geosteering Technologies Ltd. The transaction was completed on 12/13/2016.,Completed,INV,No, ,Friendly,0,Cash,0,0, ,,,, ,,, ,,Russia,,"Financials, Financials, Financials, Financials","Russian Venture Co OJSC,Phystech Ventures,AYR-Financial,North Energy Ventures",,,, ,N.A.,N.A., ,N.A.,, ,Saint-Petersburg,Russia,RU,Software & Tech Services,Technology,Software,Geosteering Technologies Ltd,, , , , , , , , , ,,,,,,,,,
Morgan Stanley,Cleary Gottlieb, ,136889630, ,2016-12-14,N/A,N/A,N/A,2017-01-31,,RUB,N/A,"Cross Border, Private Equity, Minority Purchase",Silk Road Fund Co Ltd acquired a minority stake in Sibur Holding PAO. The transaction was announced on 12/14/2016 and completed on 1/31/2017. Financial terms of the transaction are undisclosed.,Completed,INV,No, ,Friendly,0,Cash,0,10,2016-12-14,Preliminary Offer,,, ,Gazprombank,Herbert Smith Fr, ,Beijing,China,CN,Financials,Silk Road Fund Co Ltd,, ,N.A., ,1311,N.A., ,N.A.,, ,Moscow,Russia,RU,Oil & Gas,Energy,Oil & Gas Supply Chain,Sibur Holding PAO,,CRUDE PETR/NG, , , , , , , , ,,,,2017-01-11,,,,,
,, ,136895222, ,2016-12-14,726.08,670.6,7.0/sh.,2017-04-14,,USD,670.6,Majority Purchase,Safmar Group Inc acquired M.Video PJSC for USD 670.60M. The transaction was announced on 12/14/2016 and completed on 4/14/2017.,Completed,M&A,No, ,Friendly,-55.488159,Cash,0,57.700001, ,,,, ,,, ,Moscow,Russia,RU,Financials,Safmar Group Inc,, ,N.A., ,N.A.,N.A., ,N.A.,, ,Moscow,Russia,RU,Retail & Whsle - Discretionary,Consumer Discretionary,Retail - Discretionary,M.Video PJSC,, ,5.56,8.82,0.48,0.89,5.32,8.43,0.46,0.85,,,,,,,,,
VTB Capital,, ,136895240, ,2016-12-14,310.32,310.32,7.0/sh.,2017-07-26,,USD,310.32,"Mandatory Offer, Company Takeover, Additional Stake Purchase, Tender Offer",Safmar Group Inc acquired M.Video PJSC for USD 310.32M. The transaction was announced on 12/14/2016 and completed on 7/26/2017.,Completed,M&A,No, ,Friendly,0,Cash,57.700001,24.66, ,,,, ,,, ,Moscow,Russia,RU,Financials,Safmar Group Inc,, ,N.A., ,N.A.,N.A., ,N.A.,, ,Moscow,Russia,RU,Retail & Whsle - Discretionary,Consumer Discretionary,Retail - Discretionary,M.Video PJSC,, ,5.56,8.82,0.48,0.89,5.56,8.82,0.48,0.89,,,,2017-03-31,,,,,
,Jones Day, ,136996854, ,2016-09-12,N/A,N/A,N/A,2016-09-12,,RUB,N/A,"Company Takeover, Cross Border",Ravago SA acquired Pentaplast OOO. The transaction was completed on 9/12/2016. Financial terms of the transaction are undisclosed.,Completed,M&A,No, ,Friendly,0,Undisclosed,0,100, ,,,, ,,, ,Luxembourg,Luxembourg,LU,Industrials,Ravago SA,3340, ,N.A., ,3089,N.A., ,N.A.,, , ,Russia,RU,Industrial Products,Industrials,Industrial Intermediate Prod,Pentaplast OOO,,PLASTIC PROD, , , , , , , , ,,,,,,,,,
,, ,137074203, ,2016-12-16,N/A,N/A,N/A,2016-12-16,,RUB,N/A,"Company Takeover, Cross Border",Fella Technology Solutions Pvt Ltd acquired LifePad. The transaction was completed on 12/16/2016. Financial terms of the transaction are undisclosed.,Completed,M&A,No, ,Friendly,0,Cash,0,100, ,,,, ,,, ,Gurgaon,India,IN,Real Estate,Fella Technology Solutions Pvt Ltd,, ,N.A., ,N.A.,N.A., ,N.A.,, , ,Russia,IN,Consumer Discretionary Products,Consumer Discretionary,Home & Office Products,LifePad,, , , , , , , , , ,,,,,,,,,
,Dentons, ,137161933, ,2016-12-19,N/A,N/A,N/A,2017-06-19,,USD,N/A,Minority Purchase,"On 08/18/2017 the Federal Antimonopoly Service approved the acquisition by Otkritie of RGS Holding and RGS Assets. On 12/19/2016, it was reported that Otkritie Holding JSC will acquire Rosgosstrakh PJSC to create a private financial group in Russia, according to people familiar with the matte...",Withdrawn,INV,No, ,Friendly,0,Undisclosed,0,31.9,2016-12-19,,,, ,,, ,Moscow,Russia,RU,Financials,Bank Otkritie Financial Corp PJSC,38284, ,N.A., ,6399,N.A., ,N.A.,, , ,Russia,RU,Insurance,Financials,Insurance,Rosgosstrakh PJSC,11508,INS CARRIERS, , , , , , , , ,,,,2017-08-18,,,,,
,, ,137265936, ,2016-12-20,N/A,N/A,N/A,2017-06-20,,USD,N/A,Majority Purchase,"On 12/20/2016 Vedomosti reported that the owners of O'Key Group SA  are in talks to sell their stake. With no further information, the deal was withdrawn on 06/20/17.",Withdrawn,M&A,No, ,Friendly,0,Undisclosed,0,0,2016-12-20,Negotiation,,, ,,, ,,Russia,,N.A.,Potential Buyer,,,, ,N.A.,N.A., ,N.A.,, ,Moscow,Russia,RU,Retail & Wholesale - Staples,Consumer Staples,Retail - Consumer Staples,O'Key Group SA,19000, , , , , , , , , ,,,,,,,,,
Lincoln Int LLC,Akin Gump Straus, ,137356604, ,2016-12-21,N/A,N/A,N/A,2016-12-21,,RUB,N/A,"Private Equity, Minority Purchase",UFG Asset Management acquired a minority stake in Masha & the Bear. The transaction was completed on 12/21/2016. Financial terms of the transaction are undisclosed.,Completed,INV,No, ,Friendly,0,Cash,0,25, ,Preliminary Offer,,, ,,, ,Moscow,Russia,RU,Financials,UFG Asset Management,, ,N.A., ,N.A.,N.A., ,N.A.,, ,Moscow,Russia,RU,Media,Communications,Entertainment Content,Masha & the Bear,, , , , , , , , , ,,,,,,,,,
,Cms Legal, ,137374316, ,2016-07-28,N/A,N/A,N/A,2016-07-28,,EUR,N/A,"Cross Border, Asset Sale",De Agostini SpA sold Business unit/Russia to Unnamed Buyer. The transaction was completed on 7/28/2016. Financial terms of the transaction are undisclosed.,Completed,AST,No, ,Friendly,0,Cash,0,100, ,,,, ,,, ,,Russia,,N.A.,Unnamed Buyer,,,,N.A.,,Italy,IT,Financials,De Agostini SpA, ,,Russia,,N.A.,N.A.,N.A.,Business unit/Russia,,, , , , , , , , ,,,,,,,,,
BofA ML/Morgan Stanley/Sberbank CIB,Cleary Gottlieb/Mourant Ozannes/White & Case LLP, ,137552471, ,2016-12-23,640,640,640.0 Mln,2017-02-09,,USD,640,"Cross Border, Minority Purchase","On 12/23/2016, MegaFon PJSC announced the acquisition of a15.176% stake in Mail.Ru Group Ltd. On 11/16/2016 MegaFon PJSC announced that it was in talks with the shareholders of a Mail.Ru Group Ltd regarding a possible stake sale.",Completed,INV,Yes, ,Friendly,0,Cash,0,15.176,2016-12-23,Negotiation,,Akin Gump Straus, ,,, ,Sankt-peterburg,Russia,RU,Communications,MegaFon PJSC,, ,N.A.,N.A.,7999,British Virgin Islands,VG,Industrials,USM Holdings Ltd, ,Sankt-peterburg,Russia,RU,Media,Communications,Internet Media & Services,VK IPJSC,,AMUSEMENT SVC,1.74,19.63,6.79,1.42,1.74,19.63,6.79,1.42,2017-01-20,,,,,,2017-02-06,2017-01-23,
,, ,137555279, ,2016-12-23,N/A,N/A,N/A,2016-12-23,,EUR,N/A,"Cross Border, Asset Sale, Private Equity, Real Estate",Commerz Real AG sold Junghof plaza to a consortium led by FGI Frankfurter Gewerbeimmobilien GmbH. The transaction was completed on 12/23/2016.,Completed,AST,No, ,Friendly,0,Cash,0,100, ,,,Goodwin Procter, ,,, ,,Germany,,"Financials, Industrials","FGI Frankfurter Gewerbeimmobilien GmbH,Prudential Real Estate Investors (Fund: PRISA III Fund LP)",,,,6799,,Germany,DE,Financials,Commerz Real AG,MISC INVSTRS,,Russia,,Real Estate,Real Estate,Real Estate Owners & Developers,Junghof plaza,,, , , , , , , , ,,,,,,,,,
,, ,137555543, ,2016-12-23,6.5,6.5,6.5 Mln,2017-02-28,,USD,6.5,Asset Sale,AFI Development PLC acquired Plaza Spa Kislovodsk hotel for USD 6.50M. The transaction was announced on 12/23/2016 and completed on 2/28/2017.,Completed,AST,No, ,Friendly,0,Cash,0,50, ,,,, ,,, ,Moscow,Russia,RU,Real Estate,AFI Development PLC,, ,N.A., ,,N.A., ,N.A.,, ,,Russia,,Real Estate,Real Estate,Real Estate Owners & Developers,Plaza Spa Kislovodsk hotel,,, , , , , , , , ,,,,,,,,,
,, ,137745530, ,2016-12-28,N/A,N/A,N/A,2016-12-28,,USD,N/A,"Company Takeover, Cross Border",TCS Group Holding PLC acquired Vkarmane OOO. The transaction was completed on 12/28/2016. Financial terms of the transaction are undisclosed.,Completed,M&A,No, ,Friendly,0,Cash,0,100, ,,,, ,,, ,Vladivostok,Russia,RU,Financials,TCS Group Holding PLC,64857, ,N.A., ,N.A.,N.A., ,N.A.,, ,N.A,Russia,RU,Software & Tech Services,Technology,Software,Vkarmane OOO,, , , , , , , , , ,,,,,,,,,
,Hogan Lovells US, ,137763482, ,2016-07-01,N/A,N/A,N/A,2016-12-01,,RUB,N/A,"Company Takeover, Cross Border",Alvogen Group Inc acquired Dolphin LLC. The transaction was announced on 7/1/2016 and completed on 12/1/2016. Financial terms of the transaction are undisclosed.,Completed,M&A,No, ,Friendly,0,Undisclosed,0,100, ,,,, ,,, ,Morristown,United States,US,Health Care,Alvogen Group Inc,2300,HOLDING CO NEC,6719, ,N.A.,N.A., ,N.A.,, , ,Russia,RU,Retail & Wholesale - Staples,Consumer Staples,Retail - Consumer Staples,Dolphin LLC,, , , , , , , , , ,,,,,,,,,
,Orrick Herringtn, ,138040240, ,2016-12-16,N/A,N/A,N/A,2016-12-16,,EUR,N/A,"Cross Border, Asset Sale",Nexans SA sold Nexans Russian business to Impex Electro. The transaction was completed on 12/16/2016. Financial terms of the transaction are undisclosed.,Completed,AST,No, ,Friendly,0,Cash,0,100, ,,Rothschild & Co,, ,,, , ,Russia,RU,Financials,Impex Electro,, ,N.A.,N.A.,,France,FR,Industrials,Nexans SA, ,,Russia,,Industrial Products,Industrials,Electrical Equipment,Nexans Russian business,,, , , , , , , , ,,,,,,,,,
,, ,138543020, ,2017-01-11,N/A,N/A,N/A,2017-01-11,,RUB,N/A,"Company Takeover, Cross Border, Additional Stake Purchase",LVMH Moet Hennessy Louis Vuitton SE acquired Ile de Beaute JSC. The transaction was completed on 1/11/2017. Financial terms of the transaction are undisclosed.,Completed,M&A,No, ,Friendly,0,Undisclosed,65,35, ,,,, ,,, ,Paris,France,FR,Consumer Discretionary,LVMH Moet Hennessy Louis Vuitton SE,211000, ,N.A., ,N.A.,N.A., ,N.A.,, ,Moscow,Russia,RU,Retail & Whsle - Discretionary,Consumer Discretionary,Retail - Discretionary,Ile de Beaute JSC,, , , , , , , , , ,,,,,,,,,
,, ,138632312, ,2017-01-12,168.3,168.3,10000.0 Mln,2017-06-20,,RUB,167.5,"Cross Border, Asset Sale",Fosun International Ltd acquired Voentorg shopping & office center for RUB 10000.00M. The transaction was announced on 1/12/2017 and completed on 6/20/2017.,Completed,AST,No, ,Friendly,0,Cash,0,100,2017-01-12,,,, ,,Freshfields, ,Shanghai,China,CN,Materials,Fosun International Ltd,103900, ,N.A., ,,N.A., ,N.A.,, ,,Russia,,Real Estate,Real Estate,Real Estate Owners & Developers,Voentorg shopping & office center,,, , , , , , , , ,,,,,,,,,
,, ,138762810, ,2017-01-16,0.67,0.67,40.0 Mln,2017-01-16,,RUB,0.67,"Private Equity, Minority Purchase",CommIT Capital Ltd acquired a minority stake in Transportniye Informatsionnie Tekhnologii OOO. The transaction was completed on 1/16/2017.,Completed,INV,No, ,Friendly,0,Cash,0,25, ,,,, ,,, ,London,Russia,GB,Financials,CommIT Capital Ltd,, ,N.A., ,N.A.,N.A., ,N.A.,, , ,Russia,RU,Software & Tech Services,Technology,Software,Transportniye Informatsionnie Tekhnologii OOO,, , , , , , , , , ,,,,,,,,,
,, ,138898820, ,2017-01-19,N/A,N/A,N/A,2017-07-19,,USD,N/A,Company Takeover,"Without further information,this deal has been withdrawn.On 10/31/2017, Kommersant newspaper reported that VTB Bank PJSC agreed on deal with biggest shareholders of Zapsibcombank PAO, citing unidentified people familiar with talks. On 01/19/2017, Vedomosti reported that VTB resumed talks on b...",Withdrawn,M&A,No, ,Friendly,0,Undisclosed,0,100,2017-01-19,Negotiation,,, ,,, ,Moscow,Russia,RU,Financials,VTB Bank PJSC,, ,N.A., ,N.A.,N.A., ,N.A.,, ,Tyumen,Russia,RU,Banking,Financials,Banking,Zapsibcombank PAO,1138, , , , , , , , , ,,,,,,,,,
,, ,138898856, ,2017-01-19,N/A,N/A,N/A,2017-07-19,,USD,N/A,Company Takeover,"On 01/19/2017, Vedomosti reported that VTB Bank was approaching to SKB-Bank for possible purchase, citing people familiar. With no further information, this deal has been withdrawn on 07/19/2017.",Withdrawn,M&A,No, ,Friendly,0,Undisclosed,0,100,2017-01-19,Negotiation,,, ,,, ,Moscow,Russia,RU,Financials,VTB Bank PJSC,, ,N.A., ,N.A.,N.A., ,N.A.,, ,Yekaterinburg,Russia,RU,Banking,Financials,Banking,SKB-Bank PAO,2558, , , , , , , , , ,,,,,,,,,
,, ,138962686, ,2017-01-20,82.2,82.2,77.0 Mln,2017-04-26,,EUR,83.74,"Cross Border, Asset Sale, Private Equity, Real Estate, PE Seller",Northern Horizon Capital Oy sold Three commercial properties/St Petersburg to Raven Property Group Ltd for EUR 77.00M. The transaction was announced on 1/20/2017 and completed on 4/26/2017.,Completed,AST,No, ,Friendly,0,Cash,0,100, ,,,, ,,, ,St. Peter Port,Guernsey,GG,Real Estate,Raven Property Group Ltd,183, ,N.A.,N.A.,,Finland,FI,Financials,Northern Horizon Capital Oy, ,,Russia,,Real Estate,Real Estate,Real Estate Owners & Developers,Three commercial properties/St Petersburg,,, , , , , , , , ,,,,,,,,,
,, ,138965638, ,2017-01-20,26.74,26.74,N/A,2017-07-19,,RUB,N/A,Company Takeover,"With no further information, the deal has been withdrawn on 07/19/2017.On 01/20/2016, TeleGeography reported that ER-Telecom ZAO, a subsidiary of Perm Financial and Industrial Group OOO, aims to buy 100% in Novotelecom OOO for a price between RUB 1,000.00M to 1,600.00M.",Withdrawn,M&A,No, ,Friendly,0,Undisclosed,0,100, ,,,, ,,, ,Perm,Russia,RU,Financials,Perm Financial and Industrial Group OOO,, ,N.A., ,N.A.,N.A., ,N.A.,, ,Moscow,Russia,RU,Telecommunications,Communications,Telecommunications,Novotelecom OOO,, , , , , , , , , ,,,,2017-01-20,,,,,
,, ,138966808, ,2017-01-20,20,20,20.0 Mln,2017-02-14,,USD,20,"Venture Capital, Cross Border, Private Equity, Minority Purchase, Additional Stake Purchase, Financing Round",A consortium led by Baring Vostok Capital Partners Ltd/Russia acquired a minority stake in Revo Tekhnologii OOO & Sorsdata OOO. The transaction was announced on 1/20/2017 and completed on 2/14/2017.,Completed,INV,No, ,Friendly,0,Cash,0,0, ,,,, ,,, ,,Russia,,"Financials, Financials","Baring Vostok Capital Partners Ltd/Russia (Fund: Baring Vostok Private Equity Fund V LP),VEF Ltd",,,, ,,N.A., ,N.A.,, ,,Russia,,"Financial Services, Software & Tech Services","Financials, Technology","Specialty Finance, Software","Revo Tekhnologii OOO,Sorsdata OOO",,, , , , , , , , ,,,,,,,,,
,, ,139013643, ,2017-01-22,0.08,0.08,0.1 Mln, ,,AUD,0.08,"Cross Border, Asset Sale",A consortium led by Heron Resources Ltd announced the sale of Siberia gold tenements & rights to Ora Banda Mining Ltd for AUD 0.10M. The transaction was announced on 1/22/2017 and is currently pending.,Pending,AST,No, ,Friendly,0,Cash,0,100, ,,,, ,,, ,West Perth,Australia,AU,Materials,Ora Banda Mining Ltd,,METAL ORES NEC,1099,,,Australia,,"Materials, Materials","Heron Resources Ltd,Ardea Resources Ltd",,,Russia,,Materials,Materials,Metals & Mining,Siberia gold tenements & rights,,, , , , , , , , ,,,,,,,,,
,, ,139028367, ,2017-01-23,N/A,N/A,N/A, ,,RUB,N/A,Company Takeover,Enforta Ltd announced the acquisition of Infoset OOO. The transaction was announced on 1/23/2017 and is currently pending. Financial terms of the transaction are undisclosed.,Pending,M&A,No, ,Friendly,0,Undisclosed,0,100, ,,,, ,,, ,Moscow,Russia,RU,Communications,Enforta Ltd,, ,N.A., ,5719,N.A., ,N.A.,, ,N.A,Russia,RU,Retail & Whsle - Discretionary,Consumer Discretionary,Retail - Discretionary,Infoset OOO,,HOMEFURN STORE, , , , , , , , ,,,,,,,,,
,, ,139170242, ,2017-01-25,N/A,N/A,N/A,2017-01-25,,USD,N/A,Asset Sale,Ros Agro PLC acquired Slaughterhouse/Ussuriysk. The transaction was completed on 1/25/2017. Financial terms of the transaction are undisclosed.,Completed,AST,No, ,Friendly,0,Cash,0,100, ,,,, ,,, ,Tambov,Russia,RU,Consumer Staples,Ros Agro PLC,29781, ,N.A., ,,N.A., ,N.A.,, ,,Russia,,Consumer Staple Products,Consumer Staples,Food,Slaughterhouse/Ussuriysk,,, , , , , , , , ,,,,,,,,,
,Ellex, ,139410335, ,2017-01-30,N/A,N/A,N/A, ,,EUR,N/A,"Cross Border, Minority Purchase",Inbank AS announced the acquisition of a minority stake in Coop Pank AS. The transaction was announced on 1/30/2017 and is currently pending. Financial terms of the transaction are undisclosed.,Pending,INV,No, ,Friendly,0,Undisclosed,0,25, ,,,, ,,, ,Tallinn,Estonia,EE,Financials,Inbank AS,449, ,N.A., ,6159,N.A., ,N.A.,, ,Tallinn,Russia,EE,Banking,Financials,Banking,Coop Pank AS,452,MISC BUS CRED, , , , , , , , ,,,,,,,,,
,, ,139438763, ,2016-06-24,N/A,N/A,N/A,2016-06-24,,RUB,N/A,"Asset Sale, Private Equity, Majority Purchase, PE Seller",Baring Vostok Capital Partners Ltd/Russia sold majority stake in Russian & international pay-TV businesses to Natsionalnaya Media Gruppa ZAO. The transaction was announced on 6/27/2016 and completed on 6/9/2016.,Completed,AST,No, ,Friendly,0,Cash,0,80, ,,,White & Case LLP, ,,, , ,Russia,RU,Financials,Natsionalnaya Media Gruppa ZAO,,LOAN BROKERS,6163,N.A.,,United Kingdom,RU,Financials,Baring Vostok Capital Partners Ltd/Russia, ,,Russia,,Media,Communications,Entertainment Content,Russian & international pay-TV businesses,,, , , , , , , , ,,,,,,,,,
,, ,139783758, ,2017-02-02,N/A,N/A,N/A,2017-02-02,,RUB,N/A,Minority Purchase,Private Investor acquired a minority stake in Tulski Patronny Zavod OAO. The transaction was completed on 2/2/2017. Financial terms of the transaction are undisclosed.,Completed,INV,No, ,Friendly,0,Undisclosed,0,46.175999, ,,,, ,,, ,,Russia,,N.A.,Private Investor,,,, ,3483,N.A., ,N.A.,, ,N.A,Russia,RU,Industrial Products,Industrials,Aerospace & Defense,Tulski Patronny Zavod OAO,,AMMUNITION, , , , , , , , ,,,,,,,,,
,, ,139845595, ,2017-02-03,N/A,N/A,N/A,2017-02-03,,RUB,N/A,Majority Purchase,Amalgam Rail Investment Ltd acquired Brunswick Rail Ltd. The transaction was completed on 2/3/2017. Financial terms of the transaction are undisclosed.,Completed,M&A,No, ,Friendly,0,Undisclosed,0,0, ,,,Baker Botts, ,,, , ,Russia,RU,Financials,Amalgam Rail Investment Ltd,, ,N.A., ,N.A.,N.A., ,N.A.,, ,Moscow,Russia,RU,Financial Services,Financials,Specialty Finance,Brunswick Rail Ltd,, , , , , , , , , ,,,,2017-03-13,,,,,
,Dla Piper Llp, ,139908893, ,2017-02-06,N/A,N/A,N/A,2017-02-06,,HRK,N/A,"Cross Border, Asset Sale",Jadran Galenski Laboratorij dd sold Russian skin care and womens healthcare products portfolio to Les Laboratoires Servier SAS. The transaction was completed on 2/6/2017. Financial terms of the transaction are undisclosed.,Completed,AST,No, ,Friendly,0,Cash,0,100, ,,,, ,,, ,Suresnes Cedex,France,FR,Health Care,Les Laboratoires Servier SAS,269,PHARM PREPS,2834,2834,,Croatia,HR,Health Care,Jadran Galenski Laboratorij dd,PHARM PREPS,,Russia,,Consumer Staple Products,Consumer Staples,Household Products,Russian skin care and womens healthcare products portfolio,,, , , , , , , , ,,,,,,,,,
,, ,139988361, ,2017-02-07,N/A,N/A,N/A,2017-02-07,,RUB,N/A,Majority Purchase,Private Investor acquired Tekhnologii Teplichnovo Rosta OOO. The transaction was completed on 2/7/2017. Financial terms of the transaction are undisclosed.,Completed,M&A,No, ,Friendly,0,Cash,0,80, ,,,, ,,, ,,Russia,,N.A.,Private Investor,,,, ,N.A.,N.A., ,N.A.,, ,Moscow,Russia,RU,Consumer Staple Products,Consumer Staples,Food,Tekhnologii Teplichnovo Rosta OOO,, , , , , , , , , ,,,,,,,,,
,, ,140209597, ,2017-02-06,187.38,157.6,N/A,2017-08-06,,RUB,N/A,"Company Takeover, Cross Border","On 02/06/2017 Kommersant reported that Charoen Pokphand Foods PCL is in talks to acquire Ostankinsky Meat-Processing Enterprise OJSC. With no further information, the deal was withdrawn on 08/06/2017.",Withdrawn,M&A,No, ,Friendly,-1755.930054,Undisclosed,0,100,2017-02-06,Negotiation,,, ,,, ,Bangkok,Thailand,TH,Consumer Staples,Charoen Pokphand Foods PCL,, ,N.A., ,N.A.,N.A., ,N.A.,, ,Moscow,Russia,RU,Consumer Staple Products,Consumer Staples,Food,Ostankinsky Meat-Processing Enterprise OJSC,5230, ,1.52, , ,1.38,1.28, , ,1.16,,,,,,,,,
KPMG Corp Fin,, ,140287918, ,2017-02-13,184,184,184.0 Mln,2017-05-22,,USD,184,"Cross Border, Asset Sale",Black Earth Farming Ltd sold Russian operations/Black Earth Farming to Volgo-DonSelkhozInvest LLC for USD 184.00M. The transaction was announced on 2/13/2017 and completed on 5/22/2017.,Completed,AST,No, ,Friendly,0,Cash,0,100, ,,VTB Capital,Roschier, ,,, , ,Russia,RU,Consumer Staples,Volgo-DonSelkhozInvest LLC,, ,N.A.,N.A.,,Sweden,RU,Consumer Staples,Black Earth Farming Ltd, ,,Russia,,Consumer Staple Products,Consumer Staples,Food,Russian operations/Black Earth Farming,,, , , , , , , , ,,,,,,,,,
,, ,140413675, ,2017-02-15,N/A,N/A,N/A, ,,RUB,N/A,Company Takeover,Ruscon Ltd announced the acquisition of Smart Logistics Group. The transaction was announced on 2/15/2017 and is currently pending. Financial terms of the transaction are undisclosed.,Pending,M&A,No, ,Friendly,0,Undisclosed,0,100, ,,,, ,,, ,Moscow,Russia,RU,Industrials,Ruscon Ltd,, ,N.A., ,N.A.,N.A., ,N.A.,, ,Moscow,Russia,RU,Industrial Services,Industrials,Transportation & Logistics,Smart Logistics Group,, , , , , , , , , ,,,,,,,,,
,, ,140652957, ,2017-02-21,100,100,100.0 Mln,2017-08-21,,USD,100,"Cross Border, Asset Sale","On 02/21/2017, Kommersant reoprted that Yum! Brands hired PwC to sell up to 180 Russian KFC restaurants to franchisees by end-2018. The sale may raise at least USD 100.00M. With no further information, this deal has been withdrawn on 08/21/17.",Withdrawn,AST,No, ,Friendly,0,Cash,0,100,2017-02-21,On the Block,PwC,, ,,, ,,Russia,,N.A.,Potential Buyer,,,,5812,,United States,US,Consumer Discretionary,Yum! Brands Inc,EATING PLACE,,Russia,,Consumer Discretionary Services,Consumer Discretionary,Leisure Facilities & Services,180 Russian KFC restaurants,,, , , , , , , , ,,,,,,,,,
,, ,140656869, ,2017-02-21,160,160,160.0 Mln,2017-08-21,,USD,160,"Cross Border, Asset Sale","On 02/21/2017, Vedomosti reported that Hines submitted bid to buy 91k square-meter building in center of Russia‚Äôs St. Petersburg with offices, parking and Stockmann mall. The deal is worth at least USD 160.00M. With no further information, this deal has been withdrawn on 08/21/2017.",Withdrawn,AST,No, ,Friendly,0,Cash,0,100,2017-02-21,,,, ,,, ,Houston,United States,US,Real Estate,Hines Global REIT Inc,,REITS,6798, ,,N.A., ,N.A.,, ,,Russia,,Real Estate,Real Estate,Real Estate Owners & Developers,Nevsky Center shopping mall,,, , , , , , , , ,,,,,,,,,
,, ,140728482, ,2017-02-22,5,5,5.0 Mln,2017-02-22,,USD,5,"Venture Capital, Private Equity, Minority Purchase, Financing Round",A consortium led by Larnabel Ventures acquired a minority stake in Banuba Development Co Ltd. The transaction was completed on 2/22/2017.,Completed,INV,No, ,Friendly,0,Cash,0,0, ,,,, ,,, ,,Russia,,"Financials, Financials","Larnabel Ventures,VP Capital Ltd (Fund: VP Capital Fund I)",,,, ,N.A.,N.A., ,N.A.,, ,Wan Chai,Russia,HK,Software & Tech Services,Technology,Software,Banuba Development Co Ltd,, , , , , , , , , ,,,,,,,,,
,Cms Legal, ,140955261, ,2017-03-05,1850,1850,1850.0 Mln,2017-09-30,,USD,1850,"Cross Border, Minority Purchase","On 03/05/2017, Uniper SE announced that it has reached an agreement with OMV AG to sell its shares in OJSC Severneftegazprom and Gazprom YRGM Development valued at USD 1,850.00M. The transaction was announced on 03/05/2017 and is expected to be completed by 12/31/2017.  As of announcement dat...",Completed,INV,No, ,Friendly,0,Cash,0,0,2017-02-27,On the Block,Deutsche Bank,Latham & Watkins, ,,, ,Vienna,Austria,AT,Energy,OMV AG,15936, ,N.A.,N.A.,,Germany,DE,Utilities,Uniper SE, ,,Russia,,"Oil & Gas, Oil & Gas","Energy, Energy","Oil & Gas Supply Chain, Oil & Gas Supply Chain","Severneftegazprom OAO,Gazprom YRGM Development ZAO",,, , , , , , , , ,2017-11-16,,,,2017-11-16,,,,
,, ,141065412, ,2017-02-28,90.62,90.62,N/A,2017-10-16,,RUB,N/A,Minority Purchase,On 02/28/2017 shareholder Yevgeny Giner announced that TNS Energo is seeking to sell a 25% stake to Technopromexport.,Completed,INV,No, ,Friendly,0,Undisclosed,0,25, ,,,, ,,, ,Moscow,Russia,RU,Industrials,Rostec State Corp,200,MISC INVSTRS,6799, ,3533,N.A., ,N.A.,, ,Moscow,Russia,RU,Utilities,Utilities,Electric Utilities,TNS Energos PJSC,186,OIL FIELD MACH,3.23,9.17,2.96,1.26,3.23,9.17,2.96,1.26,,,,,,,,,
KPMG Corp Fin,, ,141425551, ,2017-03-02,N/A,N/A,N/A, ,,RUB,N/A,Asset Sale,Novaport OOO announced the acquisition of 2 Russian airports. The transaction was announced on 3/2/2017 and is currently pending. Financial terms of the transaction are undisclosed.,Pending,AST,No, ,Friendly,0,Cash,0,100, ,,,, ,,, ,Moscow,Russia,RU,Industrials,Novaport OOO,, ,N.A., ,,N.A., ,N.A.,, ,,Russia,,Real Estate,Real Estate,Real Estate Owners & Developers,2 Russian airports,,, , , , , , , , ,,,,,,,,,
,A&O Shearman LLP, ,141510180, ,2017-07-21,N/A,N/A,N/A,2019-02-01,,USD,N/A,"Cross Border, Majority Purchase","A consortium led by Management Group announced the sale of Eurasia Drilling Co Ltd  to Schlumberger Ltd. The transaction was announced on 07/21/2017 and terminated  on 02/01/2019. Financial terms of the transaction are undisclosed. On 04/18/2018, Vedomosti¬†reported that Schlumberger Ltd seek...",Terminated,M&A,No, ,Friendly,0,Undisclosed,0,49,2017-03-06,On the Block,,, ,Xenon Capital,Skadden Arps, ,Houston,United States,US,Energy,SLB Ltd,109000,OIL/NG SVS NEC,1389,,N.A.,Unknown,,Unclassifiable,"Management Group,Burned Sun Ltd",,Nicosia,Russia,CY,Oil & Gas,Energy,Oil & Gas Services & Equip,Eurasia Drilling Co Ltd,17765, , , , , , , , , ,,,,2018-05-11,,,,,
,, ,141568082, ,2017-03-07,946.55,946.55,55000.0 Mln,2017-03-07,,RUB,946.55,Minority Purchase,VTB Bank PJSC acquired a minority stake in RusHydro PJSC. The transaction was completed on 3/7/2017.,Completed,INV,No, ,Friendly,0,Cash,0,13, ,,,, ,VTB Capital,, ,Moscow,Russia,RU,Financials,VTB Bank PJSC,, ,N.A., ,N.A.,N.A., ,N.A.,, ,Moscow,Russia,RU,Utilities,Utilities,Electric Utilities,RusHydro PJSC,, ,0.65,5.75,1.14,0.43,0.65,5.75,1.14,0.43,,,,,,,,,
,, ,141885768, ,2017-03-11,17.47,17.47,71.0 Mln, ,,PLN,17.47,Majority Purchase,Asseco Poland SA announced the sale of Er-Stail Softlab AO to Private Investor for PLN 71.00M. The transaction was announced on 3/11/2017 and is currently pending.,Pending,M&A,No, ,Friendly,0,Cash,0,51, ,,,, ,,, ,,Poland,,N.A.,Private Investor,,,,N.A.,7372,Poland,PL,Technology,Asseco Poland SA, ,Moscow,Russia,RU,Software & Tech Services,Technology,Software,Er-Stail Softlab AO,,PREPAKG SOFTW, , , , , , , , ,,,,,,,,,
,, ,142148869, ,2017-03-16,140.86,140.86,17.42/sh.,2018-02-06,,RUB,98.87,"Company Takeover, Cross Border, Additional Stake Purchase","On 06/27/2017, Vedomosti reported that En+ Group, controlled by Eurosibenergo, will offer to buy out Irkutskenergo minority shareholders at RUB 17.42/shr. On 03/16/2017, Vedomosti reported that Russia's central bank filed a claim demanding EuroSibEnergo OJSC0, jointly owned by Eurosibenergo P...",Withdrawn,M&A,No, ,Friendly,0,Cash,90.199997,9.8,2017-03-16,Preliminary Offer,,, ,,, , ,Cyprus,CY,Unclassifiable,En+ Holding Ltd,2,INVEST OFF NEC,6726, ,N.A.,N.A., ,N.A.,, ,Irkutsk,Russia,RU,Utilities,Utilities,Electric Utilities,Irkutskenergo PJSC,, ,2,2.83,0.62,0.54,2,2.83,0.62,0.54,,,,,,,,,
Gazprombank,, ,142420388, ,2017-01-23,N/A,N/A,N/A,2017-01-23,,RUB,N/A,Company Takeover,MAKS M AO acquired Strahovaya Kompaniya Astro Volga Med AO. The transaction was completed on 1/23/2017. Financial terms of the transaction are undisclosed.,Completed,M&A,No, ,Friendly,0,Undisclosed,0,100, ,,,, ,,, , ,Russia,RU,Financials,MAKS M AO,, ,N.A., ,N.A.,N.A., ,N.A.,, , ,Russia,RU,Insurance,Financials,Insurance,Strahovaya Kompaniya Astro Volga Med AO,, , , , , , , , , ,,,,,,,,,
,Ellex, ,142623076, ,2017-03-20,N/A,N/A,N/A,2017-03-20,,EEK,N/A,"Cross Border, Private Equity, Majority Purchase",Santa Monica Networks AS sold Santa Monica Networks AS to Livonia Partners. The transaction was completed on 3/20/2017. Financial terms of the transaction are undisclosed.,Completed,M&A,No, ,Friendly,0,Cash,0,0, ,,PwC,, ,,COBALT, ,Tallinn,Estonia,EE,Financials,Livonia Partners,,MISC INVSTRS,6799,7379,7379,Estonia,EE,Technology,Santa Monica Networks AS,COMPU REL SVC, ,Russia,EE,"Software & Tech Services, Software & Tech Services","Technology, Technology","IT Services, IT Services",Santa Monica Networks AS,32,COMPU REL SVC, , , , , , , , ,,,,,,,,,
,, ,142691474, ,2017-03-27,N/A,N/A,N/A, ,,EUR,N/A,"Company Takeover, Cross Border",Sz Regionoil Holdings Ltd announced the sale of Sladkovsko-Zarechnoe Ltd to Dolmer Enterprises ltd. The transaction was announced on 3/27/2017 and is currently pending. Financial terms of the transaction are undisclosed.,Pending,M&A,No, ,Friendly,0,Undisclosed,0,100, ,,,, ,,, , ,Cyprus,CY,Energy,Dolmer Enterprises ltd,, ,N.A.,N.A.,N.A.,Cyprus,CY,Financials,Sz Regionoil Holdings Ltd, ,Orenburg,Russia,RU,Oil & Gas,Energy,Oil & Gas Supply Chain,Sladkovsko-Zarechnoe Ltd,, , , , , , , , , ,,,,,,,,,
,, ,142735316, ,2017-03-27,N/A,N/A,N/A,2018-01-03,,EUR,N/A,"Cross Border, Asset Sale","On 07/03/2017 the Federal Antimonopoly Agency approved a 25% stake sale in Repsol's Khanty Mansiysk assets. On 03/27/2017, it was reported that Gazprom Neft PAO is in the talks to buy 50% of Repsol SA upstream assets in Khanty-Mansiysk, according to people familiar with the matter. Financial ...",Withdrawn,AST,No, ,Friendly,0,Cash,0,25,2017-03-27,Negotiation,,, ,,, ,Moscow,Russia,RU,Energy,Gazprom Neft PJSC,,PETROL REFINNG,2911,2911,,Spain,ES,Energy,Repsol SA,PETROL REFINNG,,Russia,,Oil & Gas,Energy,Oil & Gas Supply Chain,Khanty-Mansiysk district assets/Repsol SA,,, , , , , , , , ,,,,2017-07-03,,,,,
,, ,142771025, ,2017-03-24,2.1,2.1,2.1 Mln,2018-02-09,,USD,2.1,"Cross Border, Majority Purchase",Anhui Anli Material Technology Co Ltd acquired Anli Rus LLC for USD 2.10M. The transaction was announced on 3/24/2017 and completed on 2/9/2018.,Completed,M&A,No, ,Friendly,0,Cash,0,51, ,,,, ,,, ,Hefei,China,CN,Consumer Discretionary,Anhui Anli Material Technology Co Ltd,3329,LEATHER NEC,3199, ,N.A.,N.A., ,N.A.,, , ,Russia,RU,Consumer Discretionary Products,Consumer Discretionary,Apparel & Textile Products,Anli Rus LLC,, , , , , , , , , ,,,,,,,,,
,, ,142928098, ,2017-03-30,N/A,N/A,N/A,2017-03-30,,RUB,N/A,Minority Purchase,United Wagon Co PJSC acquired a minority stake in First Heavy Haul Co JSC. The transaction was completed on 3/30/2017. Financial terms of the transaction are undisclosed.,Completed,INV,No, ,Friendly,0,Undisclosed,0,19.9, ,,,, ,,, ,Moscow,Russia,RU,Industrials,United Wagon Co PJSC,, ,N.A., ,N.A.,N.A., ,N.A.,, , ,Russia,RU,Industrial Products,Industrials,Transportation Equipment,First Heavy Haul Co JSC,, , , , , , , , , ,,,,,,,,,
,, ,143177415, ,2017-04-03,3,3,3.0 Mln,2017-04-03,,USD,3,"Venture Capital, Private Equity, Minority Purchase, Financing Round",Bank St Petersburg PJSC acquired a minority stake in OneTwoTrip/Russia. The transaction was completed on 4/3/2017.,Completed,INV,No, ,Friendly,0,Cash,0,0, ,,,, ,,, ,St Petersburg,Russia,RU,Financials,Bank St Petersburg PJSC,4407, ,N.A., ,N.A.,N.A., ,N.A.,, , ,Russia,RU,Industrial Services,Industrials,Transportation & Logistics,OneTwoTrip/Russia,, , , , , , , , , ,,,,,,,,,
,, ,143531610, ,2017-04-07,85.16,98.29,4872.0 Mln,2017-04-28,,RUB,98.85,Company Takeover,Cherkizovo Group PJSC acquired Napko OOO for RUB 5623.00M. The transaction was announced on 4/7/2017 and completed on 4/28/2017.,Completed,M&A,No, ,Friendly,751,Cash,0,100, ,,,, ,,, ,Moscow,Russia,RU,Consumer Staples,Cherkizovo Group PJSC,842, ,N.A., ,N.A.,N.A., ,N.A.,, ,Moscow,Russia,RU,Consumer Staple Products,Consumer Staples,Food,Napko OOO,, , , , , , , , , ,,,,,,,,,
,, ,143555070, ,2016-08-26,N/A,N/A,N/A,2016-08-26,,RUB,N/A,Company Takeover,ER-Telecom ZAO acquired Westcall Telecommunications ZAO. The transaction was completed on 8/26/2016. Financial terms of the transaction are undisclosed.,Completed,M&A,No, ,Friendly,0,Undisclosed,0,100, ,,,, ,,, ,Moscow,Russia,RU,Communications,ER-Telecom ZAO,, ,N.A., ,N.A.,N.A., ,N.A.,, ,Moscow,Russia,RU,Telecommunications,Communications,Telecommunications,Westcall Telecommunications ZAO,, , , , , , , , , ,,,,,,,,,
VTB Capital,, ,143701123, ,2017-04-11,700.8,700.8,40000.0 Mln,2017-04-11,,RUB,700.8,"Company Takeover, Cross Border",Siberian Energy Group Inc sold Kondaneftegaz LLC to Rosneft Oil Co PJSC for RUB 40000.00M. The transaction was completed on 4/11/2017.,Completed,M&A,No, ,Friendly,0,Cash,0,100, ,,,, ,,, ,Moscow,Russia,RU,Energy,Rosneft Oil Co PJSC,302100, ,N.A.,1381,N.A.,United States,US,Energy,Siberian Energy Group Inc,DRILL OIL/GA,Kurgan,Russia,RU,Oil & Gas,Energy,Oil & Gas Supply Chain,Kondaneftegaz LLC,, , , , , , , , , ,,,,2017-04-11,,,,,
,, ,143816735, ,2017-04-13,2000,2000,N/A,2017-10-13,,USD,N/A,"Cross Border, Minority Purchase","On 04/13/2017, RIA Novosti reported that Fosun International Ltd agreed to buy 20-25% of Polyus PJSC for up to USD 2,000.00M, citing materials for Russia-Chinese inter government commission. With no further information, this deal has been withdrawn on 10/13/2017.",Withdrawn,INV,No, ,Friendly,0,Undisclosed,0,25,2017-04-13,On the Block,,, ,,, ,Shanghai,China,CN,Materials,Fosun International Ltd,103900, ,N.A., ,1041,N.A., ,N.A.,, ,Moscow,Russia,RU,Materials,Materials,Metals & Mining,Polyus PJSC,7,GOLD ORE, , , ,1.35, , , ,1.35,,,,,,,,,
,, ,143821751, ,2017-04-13,N/A,N/A,N/A,2017-04-13,,RUB,N/A,Minority Purchase,Russian Aluminium OOO acquired a minority stake in Skad Liteino-Mekhanicheski Zavod OOO. The transaction was completed on 4/13/2017. Financial terms of the transaction are undisclosed.,Completed,INV,No, ,Friendly,0,Undisclosed,0,0, ,,,, ,,, ,Moscow,Russia,RU,Materials,Russian Aluminium OOO,,ALUMINUM PROD,3334, ,3714,N.A., ,N.A.,, ,N.A,Russia,RU,Consumer Discretionary Products,Consumer Discretionary,Automotive,Skad Liteino-Mekhanicheski Zavod OOO,,VEHICLE PARTS, , , , , , , , ,,,,,,,,,
,, ,143934757, ,2017-04-18,N/A,N/A,N/A, ,,USD,N/A,Majority Purchase,Sberbank of Russia PJSC announced the acquisition of Sibmost OJSC. The transaction was announced on 4/18/2017 and is currently pending. Financial terms of the transaction are undisclosed.,Pending,M&A,No, ,Friendly,0,Undisclosed,0,51, ,,,, ,,, ,Moscow,Russia,RU,Financials,Sberbank of Russia PJSC,289721,NATL COML BANK,6021, ,N.A.,N.A., ,N.A.,, ,Novosibirsk,Russia,RU,Industrial Services,Industrials,Engineering & Construction,Sibmost OJSC,, , , , , , , , , ,,,,2017-04-18,,,,,
,, ,143937187, ,2017-04-18,N/A,N/A,N/A,2017-04-18,,RUB,N/A,Company Takeover,Protek PJSC acquired Rafarma ZAO. The transaction was completed on 4/18/2017. Financial terms of the transaction are undisclosed.,Completed,M&A,No, ,Friendly,0,Undisclosed,0,100, ,,,, ,,, ,Moscow,Russia,RU,Consumer Staples,Protek PJSC,18250, ,N.A., ,N.A.,N.A., ,N.A.,, ,Moscow,Russia,RU,Health Care,Health Care,Biotech & Pharma,Rafarma ZAO,, , , , , , , , , ,,,,,,,,,
,, ,144002788, ,2017-04-19,N/A,N/A,N/A,2017-10-19,,RUB,N/A,Minority Purchase,"On 04/08/2017 Firrma reported that Da Vinci Capital were planning to acquire a minority stake in Ulmart Holdings. Negotiations are expected to be completed by 06/30/2017. With no further information, the deal was withdrawn on 10/19/2017",Withdrawn,INV,No, ,Friendly,0,Undisclosed,0,0,2017-04-19,Negotiation,,, ,,, ,Moscow,Russia,RU,Financials,Da Vinci Capital OOO,, ,N.A., ,N.A.,N.A., ,N.A.,, ,St Petersburg,Russia,RU,Retail & Whsle - Discretionary,Consumer Discretionary,E-Commerce Discretionary,Ulmart Holding,, , , , , , , , , ,,,,,,,,,
,Sullivan Cromwel, ,144131022, ,2018-04-12,N/A,N/A,N/A,2018-04-12,,USD,N/A,Minority Purchase,"On 10/27/2017, it is reported that Joe Tsai, Executive Vice Chairman of Alibaba Group Holding Ltd, has agreed to buy a 49% minority stake in the Brooklyn Net. The deal values the National Basketball Association club at a record USD 2,300.00M and values the transaction at USD 1,125.00M, accord...",Completed,INV,No, ,Friendly,0,Cash,0,49,2017-04-21,On the Block,,, ,,, ,,British Virgin Islands,,N.A.,Private Investor,,,, ,7941,N.A., ,N.A.,, ,Brooklyn,Russia,US,Consumer Discretionary Services,Consumer Discretionary,Leisure Facilities & Services,Brooklyn Nets,,SPORTS CLUB, , , , , , , , ,,,,,,,,,
,, ,144136086, ,2017-04-21,N/A,N/A,N/A,2017-10-21,,RUB,N/A,Asset Sale,"On 04/21/2017, it is reported that Novatek PJSC is in talks to buy Upstream assets for an undisclosed sum. With no further information, the deal was withdrawn on 10/21/2017",Withdrawn,AST,No, ,Friendly,0,Cash,0,100,2017-04-21,Negotiation,,, ,,, ,Moscow,Russia,RU,Energy,Novatek PJSC,18404, ,N.A., ,,N.A., ,N.A.,, ,,Russia,,Oil & Gas,Energy,Oil & Gas Supply Chain,Upstream assets/Russia,,, , , , , , , , ,,,,,,,,,
,, ,144277237, ,2017-04-25,N/A,N/A,N/A,2018-06-01,,USD,N/A,"Cross Border, Asset Sale",Yum! Brands Inc sold 18 Pizza Hut restaurants/Russia to AmRest Holdings SE. The transaction was announced on 4/25/2017 and completed on 6/1/2018. Financial terms of the transaction are undisclosed.,Completed,AST,No, ,Friendly,0,Cash,0,100, ,,,, ,,, ,Madrid,Poland,ES,Consumer Discretionary,AmRest Holdings SE,, ,N.A.,5812,,United States,US,Consumer Discretionary,Yum! Brands Inc,EATING PLACE,,Russia,,Consumer Discretionary Services,Consumer Discretionary,Leisure Facilities & Services,18 Pizza Hut restaurants/Russia,,, , , , , , , , ,,,,,,,,,
,Herbert Smith Fr, ,144437711, ,2017-04-27,200,200,200.0 Mln,2017-10-17,,USD,200,"Option Agreement, Cross Border, Minority Purchase",Mitsui & Co Ltd acquired a minority stake in R-Farm AO. The transaction was announced on 4/27/2017 and completed on 10/17/2017.,Completed,INV,No, ,Friendly,0,Cash,0,10, ,,,, ,,Morgan Lewis, ,Tokyo,Japan,JP,Materials,Mitsui & Co Ltd,55463,PETR PROD NEC,5172, ,5912,N.A., ,N.A.,, ,Moscow,Russia,RU,Retail & Wholesale - Staples,Consumer Staples,Retail - Consumer Staples,R-Farm AO,,DRUG STORES, , , , , , , , ,,,,,,,,,
,, ,144439325, ,2017-04-27,N/A,N/A,N/A,2017-04-27,,RUB,N/A,Majority Purchase,United Co RUSAL International acquired Skad Liteino-Mekhanicheski Zavod OOO. The transaction was completed on 4/27/2017. Financial terms of the transaction are undisclosed.,Completed,M&A,No, ,Friendly,0,Undisclosed,0,66.699997, ,,,, ,,, ,Moscow,Russia,RU,Materials,United Co RUSAL International,50895, ,N.A., ,3714,N.A., ,N.A.,, ,N.A,Russia,RU,Consumer Discretionary Products,Consumer Discretionary,Automotive,Skad Liteino-Mekhanicheski Zavod OOO,,VEHICLE PARTS, , , , , , , , ,,,,,,,,,
,, ,144553248, ,2017-03-30,N/A,N/A,N/A,2017-03-30,,RUB,N/A,"Private Equity, Minority Purchase",Russian Direct Investment Fund Management Co acquired a minority stake in Infovotch JSC. The transaction was completed on 3/30/2017. Financial terms of the transaction are undisclosed.,Completed,INV,No, ,Friendly,0,Cash,0,0, ,,,, ,,, ,Moscow,Russia,RU,Financials,Russian Direct Investment Fund Management Co,, ,N.A., ,N.A.,N.A., ,N.A.,, ,Moscow,Russia,RU,Software & Tech Services,Technology,Software,Infovotch JSC,, , , , , , , , , ,,,,,,,,,
,, ,144775699, ,2017-05-02,18,18,18.0 Mln, ,,USD,18,"Company Takeover, Additional Stake Purchase",VK IPJSC announced the acquisition of Site-Aggregator OOO for USD 18.00M. The transaction was announced on 5/2/2017 and is currently pending.,Pending,M&A,No, ,Friendly,0,Cash,9.91,90.089996, ,,,, ,,, ,Sankt-peterburg,Russia,RU,Communications,VK IPJSC,,AMUSEMENT SVC,7999, ,N.A.,N.A., ,N.A.,, ,Moscow,Russia,RU,Software & Tech Services,Technology,Software,Site-Aggregator OOO,, , , , , , , , , ,,,,,,,,,
,, ,145552786, ,2017-05-16,N/A,N/A,N/A,2017-11-16,,CHF,N/A,"Cross Border, Asset Sale","On 05/16/2017, the Board of Governors of the TITAN Foundation for Sustainable Growth approved the sale of up to 50% Stake of Its Oil Refinery in the Russia to raise capital for its expansion plans. With no further information, the deal was withdrawn on 11/16/2017.",Withdrawn,AST,No, ,Friendly,0,Cash,0,50,2017-05-16,,,, ,,, ,,British Virgin Islands,,N.A.,Potential Buyer,,,,N.A.,,Switzerland,CH,Industrials,TITAN Foundation for Sustainable Growth, ,,Russia,,Oil & Gas,Energy,Oil & Gas Supply Chain,Titan Foundation oil refinery,,, , , , , , , , ,,,,,,,,2017-05-16,
,, ,145836037, ,2016-03-02,N/A,N/A,N/A,2016-03-02,,RUB,N/A,Majority Purchase,Gazprom Neft PJSC acquired Nova Brit OOO. The transaction was completed on 3/2/2016. Financial terms of the transaction are undisclosed.,Completed,M&A,No, ,Friendly,0,Undisclosed,0,75, ,,,, ,,, ,Moscow,Russia,RU,Energy,Gazprom Neft PJSC,,PETROL REFINNG,2911, ,N.A.,N.A., ,N.A.,, ,Moscow,Russia,RU,Materials,Materials,Chemicals,Nova Brit OOO,, , , , , , , , , ,,,,,,,,,
,, ,145836715, ,2016-07-13,N/A,N/A,N/A,2016-07-13,,RUB,N/A,Company Takeover,Gazprom Neft PJSC acquired Gruppa Kompaniy Rospolikhim OOO. The transaction was completed on 7/13/2016. Financial terms of the transaction are undisclosed.,Completed,M&A,No, ,Friendly,0,Undisclosed,0,100, ,,,, ,,, ,Moscow,Russia,RU,Energy,Gazprom Neft PJSC,,PETROL REFINNG,2911, ,N.A.,N.A., ,N.A.,, ,N.A,Russia,RU,Materials,Materials,Chemicals,Gruppa Kompaniy Rospolikhim OOO,, , , , , , , , , ,,,,,,,,,
,Cms Legal, ,146103372, ,2017-05-26,N/A,N/A,N/A,2017-05-26,,RUB,N/A,Majority Purchase,Sberbank of Russia PJSC acquired DokDoka OOO. The transaction was completed on 5/26/2017. Financial terms of the transaction are undisclosed.,Completed,M&A,No, ,Friendly,0,Undisclosed,0,80, ,On the Block,,, ,,Dla Piper Llp, ,Moscow,Russia,RU,Financials,Sberbank of Russia PJSC,289721,NATL COML BANK,6021, ,N.A.,N.A., ,N.A.,, , ,Russia,RU,Media,Communications,Internet Media & Services,DokDoka OOO,, , , , , , , , , ,,,,,,,,,
,, ,146235712, ,2017-05-30,44.15,44.15,N/A,2017-11-30,,RUB,N/A,Company Takeover,"On 05/30/2017, Vedomosti reported that Rostelecom PJSC is considering the acquistion of 100% stake in Avantel ZAO for about RUB 2500.00M, according to people familiar. With no further information, deal was withdrawn on 11/30/2017",Withdrawn,M&A,No, ,Friendly,0,Undisclosed,0,100,2017-05-30,On the Block,,, ,,, ,Moscow,Russia,RU,Communications,Rostelecom PJSC,,PHONE NO  RADI,4813, ,4813,N.A., ,N.A.,, ,Barnaul,Russia,RU,Telecommunications,Communications,Telecommunications,Avantel ZAO,,PHONE NO  RADI, , , , , , , , ,,,,,,,,,
,, ,146235766, ,2017-05-30,N/A,N/A,N/A,2017-11-30,,RUB,N/A,Company Takeover,"On 05/30/2017, RNS reported that X5 Retail Group NV is in discussion to acquire 100% stake in Monetka OOO for an undisclosed consideration, citing people familiar with. With no further information, deal was withdrawn on 11/30/2017",Withdrawn,M&A,No, ,Friendly,0,Undisclosed,0,100,2017-05-30,Negotiation,,, ,,, ,Amsterdam,Russia,NL,Consumer Staples,X5 Retail Group NV,498525, ,N.A., ,5147,N.A., ,N.A.,, ,N.A,Russia,RU,Consumer Staple Products,Consumer Staples,Food,Monetka OOO,,MEAT & PROD, , , , , , , , ,,,,,,,,,
,, ,146236222, ,2017-05-30,176.6,176.6,10000.0 Mln,2017-06-27,,RUB,169.1,"Private Placement, Minority Purchase, Additional Stake Purchase",Tatneft PJSC acquired a minority stake in AK BARS Bank PJSC. The transaction was announced on 5/30/2017 and completed on 6/27/2017.,Completed,INV,No, ,Friendly,0,Cash,0,0, ,,,, ,,, ,Tatarstan,Russia,RU,Energy,Tatneft PJSC,, ,N.A., ,N.A.,N.A., ,N.A.,, ,Kazan,Russia,RU,Banking,Financials,Banking,AK BARS Bank PJSC,4924, , , , , , , , , ,,,,,,,,,
,, ,146470758, ,2017-06-01,2.5,2.5,2.5 Mln,2017-06-01,,USD,2.5,"Venture Capital, Cross Border, Private Equity, Minority Purchase, Seed",A consortium led by Innovation Development Center ANO & Draper Associates LP acquired a minority stake in Global Energy Transmission Corp. The transaction was completed on 06/01/2017.,Completed,INV,No, ,Friendly,0,Cash,0,0, ,,,, ,,, ,,United States,,"Financials, Financials","Draper Associates LP (Fund: Draper Associates V LP),Innovation Development Center ANO",,,, ,N.A.,N.A., ,N.A.,, , ,Russia,RU,Renewable Energy,Energy,Renewable Energy,Global Energy Transmission Corp,, , , , , , , , , ,,,,,,,,,
,, ,146656507, ,2017-06-05,N/A,N/A,N/A,2017-12-04,,RUB,N/A,"Cross Border, Private Equity, Minority Purchase","With no further information, the transaction has been withdrawn. On 06/05/2017, Vedomosti reported that Eduard Khudainatov was considering the sale of its 25% stake in Nezavisimaya Neftegazovaya Kompaniya AO to Qatar Investment Authority.",Withdrawn,INV,No, ,Friendly,0,Cash,0,25,2017-06-05,Negotiation,,, ,,, ,Doha,Qatar,QA,Financials,Qatar Investment Authority,, ,N.A., ,N.A.,N.A., ,N.A.,, ,Moscow,Russia,RU,Oil & Gas,Energy,Oil & Gas Supply Chain,Nezavisimaya Neftegazovaya Kompaniya AO,, , , , , , , , , ,,,,,,,,,
,, ,146734822, ,2017-04-28,N/A,N/A,N/A, ,,RUB,N/A,"Cross Border, Majority Purchase",ChinaNetCenter Co announced the acquisition of CDN-VIDEO LLC. The transaction was announced on 4/28/2017 and is currently pending. Financial terms of the transaction are undisclosed.,Pending,M&A,No, ,Friendly,0,Undisclosed,0,70, ,,,, ,VTB Capital,, ,Shanghai,China,CN,Technology,ChinaNetCenter Co,1654,PRGRMNG SVC,7371, ,N.A.,N.A., ,N.A.,, ,Moscow,Russia,RU,Software & Tech Services,Technology,IT Services,CDN-VIDEO LLC,, , , , , , , , , ,,,,,,,,,
,, ,146735176, ,2017-06-06,5,5,5.0 Mln,2017-06-06,,USD,5,"Venture Capital, Cross Border, Private Equity, Minority Purchase, Series B / 2",A consortium led by Private Investor acquired a minority stake in New Medicine Ltd/The. The transaction was completed on 6/6/2017.,Completed,INV,No, ,Friendly,0,Cash,0,0, ,,,, ,,, ,,Russia,,"Communications, Financials","Private Investor,Nebius Group NV,Baring Vostok Capital Partners Ltd/Russia (Fund: Baring Vostok Private Equity Fund V LP)",,,, ,N.A.,N.A., ,N.A.,, ,Moscow,Russia,RU,Health Care,Health Care,Health Care Facilities & Svcs,New Medicine Ltd/The,, , , , , , , , , ,,,,,,,,,
,, ,146778119, ,2017-06-07,29.01,29.01,1655.0 Mln,2017-10-02,,RUB,28.58,"Option Agreement, Cross Border, Asset Sale",AmRest Holdings SE acquired 21 KFC Restaurants for RUB 1655.00M. The transaction was announced on 6/7/2017 and completed on 10/2/2017.,Completed,AST,No, ,Friendly,0,Cash,0,100, ,,,, ,,, ,Madrid,Poland,ES,Consumer Discretionary,AmRest Holdings SE,, ,N.A., ,,N.A., ,N.A.,, ,,Russia,,Consumer Discretionary Services,Consumer Discretionary,Leisure Facilities & Services,21 KFC Restaurants,,, , , , , , , , ,,,,,,,,,
,, ,146879232, ,2017-06-08,N/A,N/A,N/A,2017-12-31,,USD,N/A,"Company Takeover, Cross Border","Al Mirqab Capital SPC sold ChumpassnefteDobycha LLC to LUKOIL PJSC. The transaction was announced on 06/08/2017 and completed on 12/31/2017. Financial terms of the transaction are undisclosed. On 06/08/2017, Reuters reported that Lukoil was planning to buy Chumpassneftedobychato form Al Mirqa...",Completed,M&A,No, ,Friendly,0,Undisclosed,0,99.999001,2017-06-08,,,, ,,, ,Moscow,Russia,RU,Energy,LUKOIL PJSC,, ,N.A.,N.A.,1311,British Virgin Islands,VG,Financials,Al Mirqab Capital SPC, , ,Russia,RU,Oil & Gas,Energy,Oil & Gas Supply Chain,ChumpassnefteDobycha OOO,,CRUDE PETR/NG, , , , , , , , ,,,,,,,,,
,, ,147080897, ,2017-06-13,694.24,694.24,28.0/sh., ,,USD,694.24,"Majority Purchase, Tender Offer",Bank Otkritie Financial Corp PJSC announced the acquisition of QIWI plc for USD 694.24M. The transaction was announced on 6/13/2017 and is currently pending.,Pending,M&A,No, ,Friendly,0,Cash,0,55, ,,,, ,Rothschild & Co,Skadden Arps, ,Moscow,Russia,RU,Financials,Bank Otkritie Financial Corp PJSC,38284, ,N.A., ,7389,N.A., ,N.A.,, ,Nicosia,Russia,CY,Financial Services,Financials,Specialty Finance,QIWI plc,162,BUSINESS SVC,3.61,14.59,4.02,1.81,3.61,14.59,4.02,1.81,,,,,,,,,
,, ,147096005, ,2017-06-13,158,158,158.0 Mln, ,,USD,158,"Cross Border, Majority Purchase",UVGK Holdings Ltd announced the sale of Nezhdaninskoye Gold Mine to Pallavicino Holdings Ltd for USD 158.00M. The transaction was announced on 6/13/2017 and is currently pending.,Pending,M&A,No, ,Friendly,0,Cash,0,82.339996, ,,,, ,,, , ,Cyprus,CY,Materials,Pallavicino Holdings Ltd,, ,N.A.,N.A.,N.A.,Cyprus,CY,Materials,UVGK Holdings Ltd, ,N.A,Russia,RU,Materials,Materials,Metals & Mining,Nezhdaninskoye Gold Mine,, , , , , , , , , ,,,,,,,,,
,, ,147141899, ,2017-06-14,N/A,N/A,N/A,2017-06-14,,RUB,N/A,"Cross Border, Majority Purchase",Ugol Kazkahstana TOO acquired Interconsulting OOO. The transaction was completed on 6/14/2017. Financial terms of the transaction are undisclosed.,Completed,M&A,No, ,Friendly,0,Cash,0,64, ,,,, ,,, , ,Kazakhstan,KZ,Consumer Discretionary,Ugol Kazkahstana TOO,, ,N.A., ,N.A.,N.A., ,N.A.,, ,Rostov-On-Don,Russia,RU,Materials,Materials,Metals & Mining,Interconsulting OOO,, , , , , , , , , ,,,,,,,,,
,, ,147205448, ,2017-06-15,N/A,N/A,N/A,2017-06-15,,RUB,N/A,"Cross Border, Majority Purchase",Bonafarm Zrt acquired Agroprodukt ZAO. The transaction was completed on 6/15/2017. Financial terms of the transaction are undisclosed.,Completed,M&A,No, ,Friendly,0,Undisclosed,0,0, ,,,, ,,, ,Budapest,Hungary,HU,Financials,Bonafarm Zrt,,CONSULTING SVC,8742, ,2048,N.A., ,N.A.,, , ,Russia,RU,Consumer Staple Products,Consumer Staples,Food,Agroprodukt ZAO,,PRPAR FEED NEC, , , , , , , , ,,,,,,,,,
,, ,147295644, ,2017-06-16,N/A,N/A,N/A,2017-06-16,,USD,N/A,"Cross Border, Minority Purchase",MOL Hungarian Oil & Gas PLC sold a minority stake in Karpovskiy Severniy LLP to KazMunaiGas Exploration Production JSC. The transaction was completed on 6/16/2017. Financial terms of the transaction are undisclosed.,Completed,INV,No, ,Friendly,0,Cash,0,49, ,,,, ,,, ,Astana,Kazakhstan,KZ,Energy,KazMunaiGas Exploration Production JSC,, ,N.A.,5541,N.A.,Hungary,HU,Energy,MOL Hungarian Oil & Gas PLC,GASOLINE/SVC, ,Russia,KZ,Oil & Gas,Energy,Oil & Gas Supply Chain,Karpovskiy Severniy LLP,, , , , , , , , , ,,,,,,,,,
VTB Capital,, ,147299442, ,2017-05-26,N/A,N/A,N/A,2017-06-16,,RUB,N/A,Majority Purchase,"On 05/26/2017, Rambler reported that Sokol Proyekt AO had received approval from the Federal Anti-monopoly Agency for the acquisition of a 65.43% stake in RBC PJSC and a 80.463% stake in RBK Online OOO. This transaction was completed on 06/16/2017.",Completed,M&A,No, ,Friendly,0,Undisclosed,0,65.099998,2017-05-26,,,, ,,, , ,Russia,RU,Industrials,ESN Group,, ,N.A., ,N.A.,N.A., ,N.A.,, ,Moscow,Russia,RU,Financial Services,Financials,Specialty Finance,RBC PJSC,, , , , , , , , , ,,,,2017-05-26,,,,,
,, ,147369736, ,2017-05-30,N/A,N/A,N/A,2017-06-19,,USD,N/A,"Company Takeover, Cross Border",Iron Mountain Inc sold Iron Mountain CIS LLC & Iron Mountain Ukraine LLC to OSG Rekordz Menedzment Tsentr OOO. The transaction was announced on 5/30/2017 and completed on 6/19/2017. Financial terms of the transaction are undisclosed.,Completed,M&A,No, ,Friendly,0,Undisclosed,0,100, ,,,, ,,, ,Moscow,Russia,RU,Industrials,OSG Rekordz Menedzment Tsentr OOO,,LIBRARY,8231,6798,,United States,US,Real Estate,Iron Mountain Inc,REITS,,Russia,,"Software & Tech Services, Software & Tech Services","Technology, Technology","IT Services, IT Services","Iron Mountain CIS LLC,Iron Mountain Ukraine LLC",,, , , , , , , , ,,,,,,,,,
,, ,147565473, ,2017-06-22,8,8,8.0 Mln,2017-06-22,,USD,8,"Venture Capital, Cross Border, Private Equity, Minority Purchase, Seed",A consortium led by A&NN Capital Fund Management Ltd acquired a minority stake in iCanDeliver.ru. The transaction was completed on 6/22/2017.,Completed,INV,No, ,Friendly,0,Cash,0,0, ,,,, ,,, ,,Russia,,"Financials, Financials, Financials","A&NN Capital Fund Management Ltd,Inventure Partners,Amereus Group",,,, ,N.A.,N.A., ,N.A.,, , ,Russia,RU,Industrial Services,Industrials,Transportation & Logistics,iCanDeliver.ru,, , , , , , , , , ,,,,,,,,,
,, ,147891602, ,2017-06-28,18.2,18.2,N/A,2017-10-19,,EUR,N/A,"Company Takeover, Cross Border",Link Mobility Group ASA acquired Comvision Rusland for EUR 16.00M. The transaction was announced on 6/28/2017 and completed on 10/19/2017.,Completed,M&A,No, ,Friendly,0,Cash,0,100, ,,,, ,,Norton Rose, ,Oslo,Norway,NO,Technology,Link Mobility Group ASA,649, ,N.A., ,N.A.,N.A., ,N.A.,, ,Moscow,Russia,RU,Tech Hardware & Semiconductors,Technology,Technology Hardware,Comvision Rusland,, , , , , , , , , ,,,,,,,,,
VTB Capital,, ,148359608, ,2017-07-05,615.48,1286.24,280.0/sh.,2017-07-17,,RUB,1301.7,"Majority Purchase, Additional Stake Purchase",Private Investor acquired PIK Group PJSC for RUB 77297.85M. The transaction was announced on 7/5/2017 and completed on 7/17/2017.,Completed,M&A,No, ,Friendly,40310,Cash,30.02,20, ,,,, ,,, ,,Russia,,N.A.,Private Investor,,,, ,N.A.,N.A., ,N.A.,, ,Moscow,Russia,RU,Real Estate,Real Estate,Real Estate Owners & Developers,PIK Group PJSC,, ,3,55.94,10.79,1.12,3.66,68.14,13.14,1.37,,,,2017-07-17,,,,,
,, ,148359632, ,2017-07-05,785.01,785.01,290.7/sh.,2017-10-16,,RUB,823.22,"Mandatory Offer, Cross Border, Additional Stake Purchase, Tender Offer","Benolita Holdings Ltd announced the acquisition of PIK Group PJSC for RUB 95,964.88M. The transaction was announced on 07/05/2017 and the tender offer will close on 10/05/2017. Benolita Holdings Ltd is owned by Sergei Gordeev.",Completed,INV,No, ,Friendly,0,Cash,50.02,24.57, ,,,, ,,, , ,Cyprus,CY,Financials,Benolita Holdings Ltd,, ,N.A., ,N.A.,N.A., ,N.A.,, ,Moscow,Russia,RU,Real Estate,Real Estate,Real Estate Owners & Developers,PIK Group PJSC,, ,3.12,58.08,11.2,1.17,3.12,58.08,11.2,1.17,,,,2017-07-17,,,,,
,, ,148375670, ,2017-07-05,N/A,N/A,N/A,2017-07-05,,USD,N/A,"PE Buyout, Company Takeover, Cross Border, Private Equity",A consortium led by Private Investor sold Novy Potok ZAO to S-Group Capital Management Ltd. The transaction was completed on 7/5/2017. Financial terms of the transaction are undisclosed.,Completed,M&A,No, ,Friendly,0,Cash,0,100, ,,,, ,,, ,Moscow,Russia,RU,Financials,S-Group Capital Management Ltd,, ,N.A.,,8742,Russia,,Financials,"Private Investor,United Business Angels Ltd",,Kaliningrad,Russia,RU,Industrial Services,Industrials,Commercial Support Services,Novy Potok ZAO,,CONSULTING SVC, , , , , , , , ,,,,,,,,,
,, ,148661813, ,2017-09-08,15.29,15.29,7.775/sh., ,,RUB,10.64,"Mandatory Offer, Additional Stake Purchase, Tender Offer","On 09/08/2017, ESN Group announced to acquire 30.81% stakes in RBC PJSC for RUB 875.86M. On 07/11/2017 Interfax reported that ESN Group had submitted a mandatory offer to the Russian Central Bank for the acquisition of RBC PJSC.",Pending,INV,No, ,Friendly,0,Cash,65.099998,30.809999,2017-07-11,Preliminary Offer,,, ,,, , ,Russia,RU,Industrials,ESN Group,, ,N.A., ,N.A.,N.A., ,N.A.,, ,Moscow,Russia,RU,Financial Services,Financials,Specialty Finance,RBC PJSC,, , ,3.18,0.51,0.74, ,3.18,0.51,0.74,,,,,,,,,
,, ,148717394, ,2017-07-12,200.2,200.2,1300.0/sh.,2017-08-31,,RUB,200.2,"Cross Border, Minority Purchase",Prosperity Capital Management SICAV - Russian Prosperity Fund Luxembourg sold a minority stake in Cherkizovo Group PJSC to Private Investor. The transaction was announced on 7/12/2017 and completed on 8/31/2017.,Completed,INV,No, ,Friendly,0,Cash,0,21, ,,,, ,,Skadden Arps, ,,Russia,,N.A.,Private Investor,,,, ,N.A.,Luxembourg,LU,N.A.,Prosperity Capital Management SICAV - Russian Prosperity Fund Luxembourg, ,Moscow,Russia,RU,Consumer Staple Products,Consumer Staples,Food,Cherkizovo Group PJSC,842, ,0.99,3.74,0.66,0.49,0.99,3.74,0.66,0.49,,,,,,,,,
,, ,148717478, ,2017-07-12,753.12,1408.16,1300.0/sh., ,,RUB,1025.73,"Company Takeover, Additional Stake Purchase, Tender Offer","On 07/12/2017, Cherkizovo Group PJSC announced that its controlling shareholder will make a mandatory tender offer to all shareholders of Cherkizovo Group PJSC upon the completion of the initial purchase of 21% stake in the company. As at the date of this announcement, this is the largest dea...",Pending,M&A,No, ,Friendly,39271.10938,Cash,21,79, ,,,, ,,, ,,Romania,,N.A.,Private Investor,,,, ,N.A.,N.A., ,N.A.,, ,Moscow,Russia,RU,Consumer Staple Products,Consumer Staples,Food,Cherkizovo Group PJSC,842, ,1.04,4.47,0.67,0.52,1.75,7.54,1.14,0.88,,,,,,,,,
,, ,148723262, ,2017-07-12,N/A,N/A,N/A,2017-07-12,,RUB,N/A,"Company Takeover, Additional Stake Purchase",Gruppa Kompaniy Renova AO acquired Akado Holding AO. The transaction was completed on 7/12/2017. Financial terms of the transaction are undisclosed.,Completed,M&A,No, ,Friendly,0,Undisclosed,75,25, ,,,, ,,, ,Moscow,Russia,RU,Financials,Gruppa Kompaniy Renova AO,, ,N.A., ,N.A.,N.A., ,N.A.,, ,Moscow,Russia,RU,Telecommunications,Communications,Telecommunications,Akado Holding AO,, , , , , , , , , ,,,,,,,,,
,, ,148859196, ,2017-07-14,N/A,N/A,N/A,2017-07-24,,RUB,N/A,Company Takeover,"Interfax reported on 07/24/2017 that due to a change in market conditions, the negotiations were suspended. On 07/14/2017, it was reported that Solnechnye Produkty OOO and Yug Rusi OOO might merge as per antitrust approval for the deal by the Federal Monopoly Service.",Withdrawn,M&A,No, ,Friendly,0,Undisclosed,0,100,2017-07-14,,,, ,,, ,Moscow,Russia,RU,Consumer Staples,Solnechnye Produkty OOO,,GRAIN/BEANS,5153, ,N.A.,N.A., ,N.A.,, ,Rostov-na-Donu,Russia,RU,Consumer Staple Products,Consumer Staples,Food,Yug Rusi OOO,, , , , , , , , , ,,,,2017-07-14,,,,,
,, ,148903504, ,2017-07-17,8,8,8.0 Mln,2018-04-24,,USD,8,Asset Sale,Solidcore Resources PLC acquired Nezhdaninskoye Gold Mine for USD 8.00M. The transaction was announced on 7/17/2017 and completed on 4/24/2018.,Completed,AST,No, ,Friendly,0,Cash,17.700001,7, ,,,, ,,, ,G.astana,Russia,KZ,Materials,Solidcore Resources PLC,3884, ,N.A., ,N.A.,N.A., ,N.A.,, ,N.A,Russia,RU,Materials,Materials,Metals & Mining,Nezhdaninskoye Gold Mine,, , , , , , , , , ,,,,,,,,,
,, ,148904080, ,2017-07-17,0,0,7.15/sh.,2017-09-11,,PLN,0,"Minority Purchase, Additional Stake Purchase, Tender Offer",Seneal International Agency Ltd acquired a minority stake in Exillon Energy PLC. The transaction was announced on 7/17/2017 and completed on 9/11/2017.,Completed,INV,No, ,Friendly,0,Cash,29.99,0.0014, ,,,, ,,, , ,Russia,RU,Energy,Seneal International Agency Ltd,, ,N.A., ,N.A.,N.A., ,N.A.,, ,Moscow,Russia,RU,Oil & Gas,Energy,Oil & Gas Supply Chain,Exillon Energy PLC,468, ,0.68,4.45,2.48,0.58,0.68,4.45,2.48,0.58,,,,,,,,,
,, ,148904158, ,2017-07-17,156.41,156.41,10.0 Mln,2018-11-29,,USD,156.41,"Option Agreement, Cross Border, Asset Sale, Additional Stake Purchase",Pallavicino Holdings Ltd sold Nezhdaninskoye Gold Mine to Solidcore Resources PLC for USD 156.41M. The transaction was announced on 7/17/2017 and completed on 11/29/2018.,Completed,AST,No, ,Friendly,0,Cash and Stock,24.700001,75.300003, ,,,,13.48658 Mln Sh,,, ,G.astana,Russia,KZ,Materials,Solidcore Resources PLC,3884, ,N.A.,N.A.,N.A.,Cyprus,CY,Materials,Pallavicino Holdings Ltd, ,N.A,Russia,RU,Materials,Materials,Metals & Mining,Nezhdaninskoye Gold Mine,, , , , , , , , , ,,,,,,,,,
,, ,149203098, ,2017-07-21,2.8,2.8,2.8 Mln,2017-07-21,,USD,2.8,"Venture Capital, Private Equity, Minority Purchase, Financing Round",Internet Initiatives Development Fund acquired a minority stake in Playkey. The transaction was completed on 7/21/2017.,Completed,INV,No, ,Friendly,0,Cash,0,0, ,,,, ,,, ,Moscow,Russia,RU,Financials,Internet Initiatives Development Fund,, ,N.A., ,N.A.,N.A., ,N.A.,, , ,Russia,RU,Software & Tech Services,Technology,IT Services,Playkey,, , , , , , , , , ,,,,,,,,,
,, ,149340563, ,2017-07-30,3.5,3.5,3.5 Mln,2017-07-30,,USD,3.5,"Venture Capital, Cross Border, Private Equity, Minority Purchase, Financing Round, Additional Stake Purchase",Mitsui & Co Ltd acquired a minority stake in Chefmarket.ru. The transaction was completed on 7/30/2017.,Completed,INV,No, ,Friendly,0,Cash,0,0, ,,,, ,,, ,Tokyo,Japan,JP,Materials,Mitsui & Co Ltd,55463,PETR PROD NEC,5172, ,N.A.,N.A., ,N.A.,, ,Moscow,Russia,RU,Retail & Whsle - Discretionary,Consumer Discretionary,E-Commerce Discretionary,Chefmarket.ru,, , , , , , , , , ,,,,,,,,,
,, ,149559919, ,2017-06-02,N/A,N/A,N/A, ,,USD,N/A,"Cross Border, Private Equity, Minority Purchase","On 11/01/2017, Russian Direct Investment Fund announced CEF Advisory Beijing Co Ltd will invest in Eurasia Drilling Co Ltd. On 06/02/2017, Russian Direct Investment Fund announced to invest in Eurasia Drilling Co Ltd. On 03/07/2016, DealStreetAsia reported that a consortium comprised of the R...",Pending,INV,No, ,Friendly,0,Cash,0,16.1,2017-03-07,,,, ,,Skadden Arps, ,,China,,"Financials, Financials, Financials, Financials","China Investment Corp,Russian Direct Investment Fund Management Co (Fund: Russia-China Investment Fund),Mubadala Investment Co PJSC,CEF Advisory Beijing Co Ltd",,,, ,N.A.,N.A., ,N.A.,, ,Nicosia,Russia,CY,Oil & Gas,Energy,Oil & Gas Services & Equip,Eurasia Drilling Co Ltd,17765, , , , , , , , , ,,,,,,,,,
,COBALT, ,149884635, ,2017-08-02,N/A,N/A,N/A,2017-08-01,,EUR,N/A,"Company Takeover, Cross Border",Cramo Oyj sold Cramo SIA & Cramo Kaliningrad OOO to Storent Investments AS. The transaction was announced on 8/2/2017 and completed on 8/1/2017. Financial terms of the transaction are undisclosed.,Completed,M&A,No, ,Friendly,0,Undisclosed,0,100, ,,,, ,,, ,Riga,Latvia,LV,Financials,Storent Investments AS,, ,N.A.,N.A.,,Finland,FI,Industrials,Cramo Oyj, ,,Latvia,,Industrial Services,Industrials,Industrial Support Services,"Cramo SIA,Cramo Kaliningrad OOO",,, , , , , , , , ,,,,,,,,,
,Baker McKenzie, ,150040651, ,2017-08-04,6.26,6.26,375.0 Mln,2017-11-03,,RUB,6.34,"Company Takeover, Cross Border",Tata Consumer Products Ltd sold Santi OOO & Tea Trade LLC to a consortium led by Skodnya Grand Ltd for RUB 375.00M. The transaction was announced on 8/4/2017 and completed on 11/3/2017.,Completed,M&A,No, ,Friendly,0,Cash,0,100, ,,,Herbert Smith Fr, ,,, ,,Russia,,"Industrials, Consumer Staples","Skodnya Grand Ltd,Coffee Pack LLC",,,,N.A.,,India,IN,Consumer Staples,Tata Consumer Products Ltd, ,,Russia,,"Consumer Staple Products, Consumer Staple Products","Consumer Staples, Consumer Staples","Beverages, Beverages","Santi OOO,Tea Trade LLC",,, , , , , , , , ,,,,,,,,,
VTB Capital,, ,150363079, ,2017-08-11,503.89,503.89,N/A, ,,USD,503.89,"Cross Border, Minority Purchase","On 08/11/2017, Dimosenco Holdings Co Ltd announced the sale of a minority stake in United Co RUSAL PLC to Zonoville Investments Ltd. On 02/06/2017, Vedomosti and Kommersant reported that SUAL Partners Ltd might not buy a stake in United Co RUSAL PLC. On 10/27/2016, Vedomosti reported Sual Par...",Pending,INV,No, ,Friendly,0,Undisclosed,0,7, ,,,, ,,, , ,Cyprus,CY,Financials,Zonoville Investments Ltd,, ,N.A.,N.A.,N.A.,Cyprus,CY,Financials,Dimosenco Holdings Co Ltd, ,Moscow,Russia,RU,Materials,Materials,Metals & Mining,United Co RUSAL International,50895, ,1.88,4.26,0.86,0.48,1.88,4.26,0.86,0.48,,,,,,,,,
,Squire Patton, ,150386395, ,2017-07-06,N/A,N/A,N/A,2017-07-06,,RUB,N/A,Company Takeover,NPF Blagosostoyanie acquired Renaissance Insurance Group Ltd. The transaction was completed on 7/6/2017. Financial terms of the transaction are undisclosed.,Completed,M&A,No, ,Friendly,0,Undisclosed,0,100, ,,,, ,Sputnik Group,Skadden Arps, ,Moscow,Russia,RU,Financials,NPF Blagosostoyanie,,TRUST/FOUNDATN,6733, ,6399,N.A., ,N.A.,, ,Moscow,Russia,RU,Insurance,Financials,Insurance,Renaissance Insurance Group Ltd,,INS CARRIERS, , , , , , , , ,,,,,,,,,
Barclays,Norton Rose, ,150391987, ,2017-08-11,N/A,N/A,N/A,2018-04-03,,EUR,N/A,"Cross Border, Asset Sale",Anheuser-Busch InBev SA/NV sold Russian & Ukraine operations to Anadolu Efes Biracilik Ve Malt Sanayii AS. The transaction was announced on 8/11/2017 and completed on 4/3/2018. Financial terms of the transaction are undisclosed.,Completed,AST,No, ,Friendly,0,Cash,0,50, ,,Lazard Ltd,Cleary Gottlieb/Linklaters, ,,, ,Istanbul,Turkey,TR,Consumer Staples,Anadolu Efes Biracilik Ve Malt Sanayii AS,15885, ,N.A.,2082,,Belgium,BE,Consumer Staples,Anheuser-Busch InBev SA/NV,MALT BEVERAGES,,Russia,,Retail & Wholesale - Staples,Consumer Staples,Wholesale - Consumer Staples,Russian & Ukraine operations,,, , , , , , , , ,,,,,,,,,
,, ,150433739, ,2017-08-14,N/A,N/A,N/A,2018-02-10,,CNY,N/A,"Cross Border, Majority Purchase","With no further information, the deal has been withdrawn on 02/10/2018. On 08/14/2017, it is reported that Russian state corporation Rostec has filed an application to acquire 80%share in Kirov Tire Plant, citing Interfax report.",Withdrawn,M&A,No, ,Friendly,0,Undisclosed,0,80,2017-08-14,,,, ,,, ,Moscow,Russia,RU,Industrials,Rostec State Corp,200,MISC INVSTRS,6799,2869,N.A.,China,CN,Materials,China National Chemical Corp Ltd,ORG CHEM NEC,Kirov,Russia,RU,Consumer Discretionary Products,Consumer Discretionary,Automotive,Tyre Enterprise AMTEL-POVOLZHYE,17, , , , , , , , , ,,,,,,,,,
,, ,150448673, ,2017-05-03,N/A,N/A,N/A,2017-04-30,,RUB,N/A,"Private Equity, Majority Purchase",UFG Private Equity/Russia acquired RuTaxi-Saturn. The transaction was announced on 5/3/2017 and completed on 4/30/2017. Financial terms of the transaction are undisclosed.,Completed,M&A,No, ,Friendly,0,Cash,0,0, ,,,, ,,, ,Moscow,Russia,RU,Financials,UFG Private Equity/Russia,,MISC INVSTRS,6799, ,N.A.,N.A., ,N.A.,, , ,Russia,RU,Software & Tech Services,Technology,Software,RuTaxi-Saturn,, , , , , , , , , ,,,,,,,,,
,, ,150449063, ,2016-08-30,N/A,N/A,N/A,2016-08-30,,RUB,N/A,"Private Equity, Minority Purchase",UFG Asset Management acquired a minority stake in E-COM LLC. The transaction was completed on 8/30/2016. Financial terms of the transaction are undisclosed.,Completed,INV,No, ,Friendly,0,Cash,0,0, ,,,, ,,, ,Moscow,Russia,RU,Financials,UFG Asset Management,, ,N.A., ,N.A.,N.A., ,N.A.,, , ,Russia,RU,Software & Tech Services,Technology,Software,E-COM LLC,, , , , , , , , , ,,,,,,,,,
,, ,150493346, ,2017-08-15,14.91,14.91,12.7 Mln,2017-09-25,,EUR,14.91,"Company Takeover, Cross Border",Perrigo Co PLC sold Blackburn OAO to Alvogen Inc for EUR 12.70M. The transaction was announced on 8/15/2017 and completed on 9/25/2017.,Completed,M&A,No, ,Friendly,0,Cash,0,100, ,,,, ,,, ,Morristown,United States,US,Health Care,Alvogen Inc,, ,N.A.,2834,N.A.,Ireland,IE,Health Care,Perrigo Co PLC,PHARM PREPS,Michurinsk,Russia,RU,Industrial Services,Industrials,Commercial Support Services,Blackburn OAO,2, , , , , , , , , ,,,,,,,,,
,, ,150748745, ,2017-08-21,341.71,341.71,289.0 Mln,2018-02-17,,EUR,341.71,"Cross Border, Asset Sale","With no further information, the deal has been withdrawn on 02/17/2018. On 08/21/2017, Vedomosti reported that Atrium European Real Estate Ltd is looking to sell its Russian assets for about EUR 289.00M, according to people familiar with the matter.",Withdrawn,AST,No, ,Friendly,0,Cash,0,100,2017-08-21,On the Block,,, ,,, ,,British Virgin Islands,,N.A.,Potential Buyer,,,,N.A.,,Netherlands,JE,Real Estate,Atrium European Real Estate Ltd, ,,Russia,,Real Estate,Real Estate,Real Estate Owners & Developers,Portfolio of real estate/Russia,,, , , , , , , , ,,,,,,,,,
,, ,151310784, ,2017-08-31,N/A,N/A,N/A, ,,USD,N/A,"Cross Border, Minority Purchase",First Heartland Jusan Bank JSC announced the acquisition of a minority stake in Plus Bank PJSC. The transaction was announced on 8/31/2017 and is currently pending. Financial terms of the transaction are undisclosed.,Pending,INV,No, ,Friendly,0,Undisclosed,0,0, ,,,, ,,, ,Almaty,Kazakhstan,KZ,Financials,First Heartland Jusan Bank JSC,, ,N.A., ,N.A.,N.A., ,N.A.,, ,Omsk,Russia,RU,Banking,Financials,Banking,Plus Bank PJSC,700, , , , , , , , , ,,,,,,,,,
,Morgan Lewis, ,151583462, ,2017-07-19,N/A,N/A,N/A,2017-07-19,,RUB,N/A,"Company Takeover, Cross Border",A consortium led by Hearst Corp/The acquired Rosrabota.ru. The transaction was completed on 7/19/2017. Financial terms of the transaction are undisclosed.,Completed,M&A,No, ,Friendly,0,Undisclosed,0,100, ,,,, ,,, ,,United States,,"Communications, Communications","Hearst Corp/The,Hearst Shkulev Media OOO",,,, ,N.A.,N.A., ,N.A.,, ,Novosibirsk,Russia,RU,Media,Communications,Internet Media & Services,Rosrabota.ru,, , , , , , , , , ,,,,,,,,,
,, ,151692804, ,2017-09-07,175.4,175.4,10000.0 Mln, ,,RUB,N/A,"Private Placement, Cross Border, Minority Purchase",Lunaray Investments Ltd announced the acquisition of a minority stake in Concern Rossium LLC. The transaction was announced on 9/7/2017 and is currently pending.,Pending,INV,No, ,Friendly,0,Cash,0,9.9, ,,,, ,,, ,Limassol,Cyprus,CY,Financials,Lunaray Investments Ltd,, ,N.A., ,N.A.,N.A., ,N.A.,, ,Odintsovo,Russia,RU,Financial Services,Financials,Asset Management,Concern Rossium LLC,, , , , , , , , , ,,,,,,,,,
,, ,151734222, ,2017-09-06,N/A,N/A,N/A,2017-09-06,,RUB,N/A,"Company Takeover, Cross Border",Clever Devices Ltd/US acquired Maior OOO. The transaction was completed on 9/6/2017. Financial terms of the transaction are undisclosed.,Completed,M&A,No, ,Friendly,0,Undisclosed,0,100, ,,,, ,,, ,Woodbury,United States,US,Technology,Clever Devices Ltd/US,64,ELEC COMP NEC,3679, ,3714,N.A., ,N.A.,, ,N.A,Russia,RU,Consumer Discretionary Products,Consumer Discretionary,Automotive,Maior OOO,,VEHICLE PARTS, , , , , , , , ,,,,,,,,,
China Intl Cap/VTB Capital,, ,151793041, ,2017-09-08,N/A,N/A,N/A,2018-05-04,,USD,N/A,"Cross Border, Private Equity, Minority Purchase","A consortium led by Glencore PLC announced the sale of a minority stake in Rosneft Oil Co PJSC to CEFC International Equity Investment Co Ltd. The transaction was announced on 09/08/2017 and is currently pending. At the time of the announcement, it is the largest MA deal between Chinese and R...",Terminated,INV,No, ,Friendly,0,Cash,0,14.16, ,,,, ,,, , ,China,CN,Financials,China Huaxin International Equity Investment Co Ltd,, ,N.A.,,N.A.,Switzerland,,"Materials, Financials","Glencore PLC,Qatar Investment Authority",,Moscow,Russia,RU,Oil & Gas,Energy,Oil & Gas Supply Chain,Rosneft Oil Co PJSC,302100, , , , , , , , , ,,,,,,,,,
,, ,151931240, ,2017-09-07,5,5,5.0 Mln,2017-09-07,,USD,5,"Venture Capital, Private Equity, Minority Purchase, Series A / 1, Cross Border",LETA Group ZAO acquired a minority stake in inDriver International Inc. The transaction was completed on 9/7/2017.,Completed,INV,No, ,Friendly,0,Cash,0,0, ,,,, ,,, ,Moscow,Russia,RU,Financials,LETA Group ZAO,, ,N.A., ,N.A.,N.A., ,N.A.,, ,Mountain View,Russia,US,Media,Communications,Internet Media & Services,inDriver International Inc,, , , , , , , , , ,,,,,,,,,
,, ,151974405, ,2017-09-13,N/A,N/A,N/A,2018-06-11,,RUB,N/A,"Cross Border, Minority Purchase","With no further information on this proposal, the transaction has been withdrawn On 10/22/2017, FT reported that Qatar‚Äôs sovereign wealth fund is in talks to join CEFC China Energy and Glencore in taking a stake in EN+, citing people familiar with the matter. On 09/13/2017, Deal Street Asia...",Withdrawn,INV,No, ,Friendly,0,Undisclosed,0,0,2017-09-13,Strategic Alt Review,,, ,,, , ,China,CN,Financials,China Huaxin International Equity Investment Co Ltd,, ,N.A., ,N.A.,N.A., ,N.A.,, ,Kaliningrad,Russia,RU,Materials,Materials,Metals & Mining,EN+ Group International PJSC,90064, , , , , , , , , ,,,,,,,,,
,Cleary Gottlieb, ,151978365, ,2017-06-01,N/A,N/A,N/A,2017-06-01,,RUB,N/A,"Company Takeover, Squeeze Out, Cross Border, Additional Stake Purchase, Tender Offer",Owens Corning acquired OSV Steklovolokno OAO. The transaction was completed on 6/1/2017. Financial terms of the transaction are undisclosed.,Completed,M&A,No, ,Friendly,0,Undisclosed,88,12, ,,,, ,,, ,Toledo,United States,US,Materials,Owens Corning,25000,MINERAL PROD,3290, ,3229,N.A., ,N.A.,, ,Gus-Khrustalny,Russia,RU,Materials,Materials,Containers & Packaging,OSV Steklovolokno OAO,,GLASS PRESS/BL, , , , , , , , ,,,,,,,,,
,, ,152118007, ,2017-09-15,N/A,N/A,N/A,2018-03-15,,USD,N/A,"Cross Border, Private Equity, Minority Purchase",A consortium led by DP World Ltd/United Arab Emirates announced the acquisition of a minority stake in Far-Eastern Shipping Co PLC. Financial terms of the transaction are undisclosed.,Withdrawn,INV,No, ,Friendly,0,Undisclosed,0,0,2017-09-15,Strategic Alt Review,,, ,,, ,,United Arab Emirates,,"Industrials, Financials","DP World Ltd/United Arab Emirates,Russian Direct Investment Fund Management Co",,,, ,N.A.,N.A., ,N.A.,, ,Moscow,Russia,RU,Industrial Services,Industrials,Transportation & Logistics,Far-Eastern Shipping Co PLC,, , , , , , , , , ,,,,2019-03-28,,,,,
,, ,152324498,2017-12-29,2017-08-11,N/A,N/A,N/A,2017-12-29,,RUB,N/A,"Company Takeover, Additional Stake Purchase",Sovlink LLC announced the acquisition of TGC-2 PJSC. The transaction was announced on 8/11/2017 and is expected to be completed by 12/29/2017. Financial terms of the transaction are undisclosed.,Pending,M&A,No, ,Friendly,0,Undisclosed,52.799999,47.200001, ,,,, ,,, ,Moscow,Russia,RU,Financials,Sovlink LLC,,SEC BROKER/DLR,6211, ,N.A.,N.A., ,N.A.,, ,Yaroslavl,Russia,RU,Utilities,Utilities,Electric Utilities,TGC-2 PJSC,4829, , , , , , , , , ,,,,2017-08-11,,,,,
,, ,152500579, ,2017-09-21,N/A,N/A,N/A,2017-09-21,,USD,N/A,"Cross Border, Asset Sale",Key Energy Services Inc sold Well intervention business/Russia to Unnamed Buyer. The transaction was completed on 9/21/2017. Financial terms of the transaction are undisclosed.,Completed,AST,No, ,Friendly,0,Cash,0,100, ,,,, ,,, ,,Russia,,N.A.,Unnamed Buyer,,,,1381,,United States,US,Energy,Key Energy Services Inc,DRILL OIL/GA,,Russia,,Oil & Gas,Energy,Oil & Gas Supply Chain,Well intervention business/Russia,,, , , , , , , , ,,,,,,,,,
,Yulchon, ,152567141, ,2016-06-17,25.13,25.13,29468.0 Mln,2017-05-31,,KRW,26.31,"Company Takeover, Cross Border",CJ CheilJedang Corp acquired CJ Raviollo Rus for KRW 29468.00M. The transaction was announced on 6/17/2016 and completed on 5/31/2017.,Completed,M&A,No, ,Friendly,0,Cash,0,100, ,,,, ,PwC,, ,Seoul,South Korea,KR,Consumer Staples,CJ CheilJedang Corp,, ,N.A., ,2032,N.A., ,N.A.,, ,Sankt-peterburg,Russia,RU,Consumer Staple Products,Consumer Staples,Food,CJ Raviollo Rus,,CANNED SPECLTY, , , , , , , , ,,,,,,,,,
,Herbert Smith Fr, ,152589293, ,2017-09-11,22.92,22.92,1310.0 Mln,2018-06-28,,RUB,20.82,"Private Placement, Minority Purchase",Mitsubishi Corp acquired a minority stake in Yuniklo Rus OOO. The transaction was announced on 9/11/2017 and completed on 6/28/2018.,Completed,INV,No, ,Friendly,0,Cash,0,25, ,,,, ,,, ,Chiyoda-Ku,Japan,JP,Consumer Staples,Mitsubishi Corp,63037, ,N.A., ,5651,N.A., ,N.A.,, , ,Russia,RU,Retail & Whsle - Discretionary,Consumer Discretionary,Retail - Discretionary,Yuniklo Rus OOO,,FAMILY STORE, , , , , , , , ,,,,,,,,,
,, ,152642600, ,2018-03-05,N/A,N/A,N/A,2018-03-05,,USD,N/A,"Cross Border, Majority Purchase","On 03/05/2018 it was announced that the O1 Group has sold its O1 Properties Ltd to Laysa Group, the company says in emailed statement. On 09/26/2017 RBC reported that China Vanke Co Ltd was said to buy controlling stake in O1 Properties Ltd from O1 Group Ltd with USD 4,240.00M citing unidenti...",Completed,M&A,No, ,Friendly,0,Undisclosed,0,100,2017-09-26,Negotiation,,, ,,, , ,Russia,RU,Communications,Zheleznodorozhnoe Reklamnoe Agentstvo Laisa ZAO,,ADVERT AGENCY,7311,N.A.,N.A.,Cyprus,CY,Financials,O1 Group Ltd, ,Moscow,Russia,RU,Real Estate,Real Estate,Real Estate Services,O1 Properties Ltd,, , , , , , , , , ,,,,,,,,,
,, ,152778825, ,2017-06-30,N/A,N/A,N/A,2017-06-30,,RUB,N/A,"Cross Border, Minority Purchase",Mitsui & Co Ltd acquired a minority stake in CarPrice.ru. The transaction was completed on 6/30/2017. Financial terms of the transaction are undisclosed.,Completed,INV,No, ,Friendly,0,Undisclosed,0,25, ,,,, ,,Dentons, ,Tokyo,Japan,JP,Materials,Mitsui & Co Ltd,55463,PETR PROD NEC,5172, ,N.A.,N.A., ,N.A.,, ,Moscow,Russia,RU,Media,Communications,Internet Media & Services,CarPrice.ru,, , , , , , , , , ,,,,,,,,,
,, ,152903737, ,2017-09-29,N/A,N/A,N/A,2017-12-11,,USD,N/A,Company Takeover,"On 12/11/2017,  Magnitogorsk Iron & Steel Works PJSC announced that they completed the acquisition of Lysva Metallurgical Co. On 09/29/2017, Kommersant reported that Magnitogorsk Iron & Steel Works PJSC is considering to buy Lysva Metallurgical Co, citing people with knowledge.",Completed,M&A,No, ,Friendly,7.590425,Undisclosed,0,100,2017-09-29,,,, ,,, ,Magnitogorsk,Russia,RU,Materials,Magnitogorsk Iron & Steel Works PJSC,, ,N.A., ,N.A.,N.A., ,N.A.,, ,Perm,Russia,RU,Consumer Discretionary Products,Consumer Discretionary,Home & Office Products,Lysva Metallurgical Plant,842, ,-0.69,-1.6,-0.25,-0.33, , , , ,,,,,,,,,
,, ,153061565, ,2017-10-02,N/A,N/A,N/A,2017-12-27,,RUB,N/A,Minority Purchase,ITERA Group OOO acquired a minority stake in New Stream Group OOO. The transaction was announced on 10/2/2017 and completed on 12/27/2017. Financial terms of the transaction are undisclosed.,Completed,INV,No, ,Friendly,0,Undisclosed,0,50, ,,,, ,,, ,Moscow,Russia,RU,Energy,ITERA Group OOO,, ,N.A., ,N.A.,N.A., ,N.A.,, ,Moscow,Russia,RU,Oil & Gas,Energy,Oil & Gas Supply Chain,New Stream Group OOO,, , , , , , , , , ,,,,,,,,,
,, ,153201860, ,2017-10-03,10.72,10.72,620.0 Mln,2017-10-03,,RUB,10.72,Majority Purchase,Mobile TeleSystems PJSC acquired Oblachny Retail LLC for RUB 620.00M. The transaction was completed on 10/3/2017.,Completed,M&A,No, ,Friendly,0,Cash,0,50.82, ,,,, ,,, ,Moscow,Russia,RU,Communications,Mobile TeleSystems PJSC,60388, ,N.A., ,N.A.,N.A., ,N.A.,, , ,Russia,RU,Software & Tech Services,Technology,Software,Oblachny Retail LLC,, , , , , , , , , ,,,,,,,,,
,, ,153280935, ,2017-09-27,N/A,N/A,N/A,2017-10-27,,RUB,N/A,"Company Takeover, Additional Stake Purchase",Promsvyazbank PJSC announced the acquisition of Bank Vozrozhdenie PJSC. The transaction was announced on 9/27/2017 and terminated on 10/27/2017. Financial terms of the transaction are undisclosed.,Terminated,M&A,No, ,Friendly,0,Stock,52.75,47.25, ,,,,8200.0 Aqr sh./Tgt sh.,,, ,Moscow,Russia,RU,Financials,Promsvyazbank PJSC,,MISC BUS CRED,6159, ,6029,N.A., ,N.A.,, ,Moscow,Russia,RU,Banking,Financials,Banking,Bank Vozrozhdenie PJSC,,COML BANK NEC, , , , , , , , ,,,,,,,,,
,, ,153280989, ,2017-10-04,N/A,N/A,N/A,2018-04-03,,RUB,N/A,Company Takeover,"With no further information the deal has been withdrawn on 04/03/2018. On 10/04/2017, it was reported that 3 Russian Companies are interested in bidding for Aviakompaniya Vim-Avia OOO, according to Deputy Prime Minister Arkady Dvorkovich.",Withdrawn,M&A,No, ,Friendly,0,Undisclosed,0,100,2017-10-04,On the Block,,, ,,, ,,British Virgin Islands,,N.A.,Potential Buyer,,,, ,4512,N.A., ,N.A.,, ,Moscow,Russia,RU,Industrial Services,Industrials,Transportation & Logistics,Aviakompaniya Vim-Avia OOO,,SCHED AIR TRAN, , , , , , , , ,,,,,,,,,
,, ,153344346, ,2017-10-05,N/A,N/A,N/A,2018-04-03,,RUB,N/A,"Cross Border, Minority Purchase",".With no further information, the deal has been withdrawn on 04/03/2018",Withdrawn,INV,No, ,Friendly,0,Cash,0,0, ,,,, ,,, ,Riyadh,Saudi Arabia,SA,Financials,Saudi Agricultural and Livestock Investment Co,, ,N.A., ,N.A.,N.A., ,N.A.,, ,Rostov-On-Don,Russia,RU,Consumer Staple Products,Consumer Staples,Food,RZ Agro Holding Ltd,, , , , , , , , , ,,,,,,,,,
,, ,153482597, ,2017-10-07,1,1,1.0 Mln,2017-10-07,,USD,1,"Venture Capital, Cross Border, Private Equity, Minority Purchase, Seed",A consortium led by Private Investor acquired a minority stake in TalkBank. The transaction was completed on 10/7/2017.,Completed,INV,No, ,Friendly,0,Cash,0,0, ,,,, ,,, ,,Unknown,,Financials,"Private Investor,Internet Initiatives Development Fund",,,, ,N.A.,N.A., ,N.A.,, , ,Russia,RU,Software & Tech Services,Technology,Software,TalkBank,, , , , , , , , , ,,,,,,,,,
,, ,153632187, ,2017-10-11,10,10,10.0 Mln,2017-10-11,,USD,10,"Venture Capital, Private Equity, Minority Purchase, Financing Round",Exantech acquired a minority stake in Comino. The transaction was completed on 10/11/2017.,Completed,INV,No, ,Friendly,0,Cash,0,0, ,,,, ,,, , ,Russia,RU,Financials,Exantech,, ,N.A., ,N.A.,N.A., ,N.A.,, , ,Russia,RU,Tech Hardware & Semiconductors,Technology,Technology Hardware,Comino,, , , , , , , , , ,,,,,,,,,
,Hogan Lovells US, ,153646641, ,2017-08-22,N/A,N/A,N/A,2017-08-22,,RUB,N/A,"Company Takeover, Cross Border",Smurfit Kappa Group PLC acquired Kappa Rus AO/Moscow. The transaction was completed on 8/22/2017. Financial terms of the transaction are undisclosed.,Completed,M&A,No, ,Friendly,0,Undisclosed,0,100, ,,,, ,,, ,Dublin 4,Ireland,IE,Materials,Smurfit Kappa Group PLC,47000, ,N.A., ,N.A.,N.A., ,N.A.,, ,N.A,Russia,RU,Consumer Discretionary Products,Consumer Discretionary,Home & Office Products,Kappa Rus AO/Moscow,, , , , , , , , , ,,,,,,,,,
,, ,153774085, ,2017-10-13,N/A,N/A,N/A,2017-10-13,,RUB,N/A,"Cross Border, Minority Purchase",Dentsu Group Inc acquired a minority stake in Zenmico Trading Ltd. The transaction was completed on 10/13/2017. Financial terms of the transaction are undisclosed.,Completed,INV,No, ,Friendly,0,Undisclosed,0,0, ,,,, ,,, , ,Japan,JP,Communications,Dentsu Group Inc,67445, ,N.A., ,N.A.,N.A., ,N.A.,, ,Moscow,Russia,RU,Industrial Services,Industrials,Commercial Support Services,Zenmico Trading Ltd,, , , , , , , , , ,,,,,,,,,
,, ,153780883, ,2017-10-13,N/A,N/A,N/A,2017-10-13,,RUB,N/A,"Private Equity, Minority Purchase",Elbrus Capital OOO acquired a minority stake in Chefmarket.ru. The transaction was completed on 10/13/2017. Financial terms of the transaction are undisclosed.,Completed,INV,No, ,Friendly,0,Cash,0,0, ,,,, ,,, ,Moscow,Russia,RU,Financials,Elbrus Capital OOO,,MISC INVSTRS,6799, ,N.A.,N.A., ,N.A.,, ,Moscow,Russia,RU,Retail & Whsle - Discretionary,Consumer Discretionary,E-Commerce Discretionary,Chefmarket.ru,, , , , , , , , , ,,,,,,,,,
,, ,153843179, ,2017-09-22,N/A,N/A,N/A, ,,RUB,N/A,"Company Takeover, Cross Border",Frutarom Industries Ltd announced the acquisition of Proizvodstvennaya Kompaniya Maitre OOO. The transaction was announced on 9/22/2017 and is currently pending. Financial terms of the transaction are undisclosed.,Pending,M&A,No, ,Friendly,0,Undisclosed,0,100, ,,,, ,Lincoln Int LLC,, ,Hertzeliya Pituach,Israel,IL,Consumer Staples,Frutarom Industries Ltd,5223, ,N.A., ,N.A.,N.A., ,N.A.,, , ,Russia,RU,Retail & Wholesale - Staples,Consumer Staples,Wholesale - Consumer Staples,Proizvodstvennaya Kompaniya Maitre OOO,, , , , , , , , , ,,,,,,,,,
,, ,153847637, ,2017-10-16,N/A,N/A,N/A,2018-04-14,,RUB,N/A,Company Takeover,"With no further information, the deal has been withdrawn on 04/14/2018",Withdrawn,M&A,No, ,Friendly,0,Undisclosed,0,100, ,,,, ,,, ,Krasnodar,Russia,RU,Consumer Staples,Magnit PJSC,359, ,N.A., ,N.A.,N.A., ,N.A.,, , ,Russia,RU,Consumer Discretionary Services,Consumer Discretionary,Leisure Facilities & Services,Holiday Group of Cos,, , , , , , , , , ,,,,,,,,,
,, ,153860819, ,2017-10-16,N/A,N/A,N/A, ,,RUB,N/A,Company Takeover,Red Wings ZAO announced the acquisition of Aviakompaniya Smartavia AO. The transaction was announced on 10/16/2017 and is currently pending. Financial terms of the transaction are undisclosed.,Pending,M&A,No, ,Friendly,0,Undisclosed,0,100, ,,,, ,,, ,Moscow,Russia,RU,Industrials,Red Wings ZAO,, ,N.A., ,4512,N.A., ,N.A.,, ,Arkhangelsk,Russia,RU,Industrial Services,Industrials,Transportation & Logistics,Aviakompaniya Smartavia AO,,SCHED AIR TRAN, , , , , , , , ,,,,,,,,,
,, ,153907136, ,2017-10-17,N/A,N/A,N/A, ,,USD,N/A,"Cross Border, Majority Purchase, PE Seller",Coca-Cola Co/The announced the sale of Nidan Juices OJSC to Maxidom OOO. The transaction was announced on 10/17/2017 and is currently pending. Financial terms of the transaction are undisclosed.,Pending,M&A,No, ,Friendly,0,Cash,0,91.269997, ,,,, ,,, ,Saint Petersburg,Russia,RU,Consumer Discretionary,Maxidom OOO,, ,N.A.,2080,N.A.,United States,US,Consumer Staples,Coca-Cola Co/The,BEVERAGES,Moscow,Russia,RU,Consumer Staple Products,Consumer Staples,Beverages,Nidan Juices OJSC,, , , , , , , , , ,,,,,,,,,
,, ,153920396, ,2017-10-11,N/A,N/A,N/A,2017-10-11,,RUB,N/A,"Cross Border, Additional Stake Purchase",SovCo Capital Partners BV acquired RosEvroBank. The transaction was completed on 10/11/2017. Financial terms of the transaction are undisclosed.,Completed,INV,No, ,Friendly,0,Undisclosed,9.48,9.16, ,,,, ,Citi,, ,Hoofddorp,Netherlands,NL,Financials,SovCo Capital Partners BV,, ,N.A., ,6029,N.A., ,N.A.,, ,Moscow,Russia,RU,Banking,Financials,Banking,RosEvroBank,,COML BANK NEC, , , , , , , , ,,,,,,,,,
,Dla Piper Llp, ,153976359, ,2017-10-18,N/A,N/A,N/A,2018-01-10,,PKR,N/A,"Cross Border, Majority Purchase","On 10/18/2017, Savencia SA announced their intention of acquiring a majority stake in Belebey OAO. This deal was completed on 01/10/2018.",Completed,M&A,No, ,Friendly,0,Undisclosed,0,0,2017-10-17,,,, ,,, ,Viroflay,France,FR,Consumer Staples,Savencia SA,22680, ,N.A., ,2022,N.A., ,N.A.,, , ,Russia,RU,Consumer Staple Products,Consumer Staples,Food,Belebeevski Molochny Kombinat AO,,NATUR/PROC CHS, , , , , , , , ,,,,,,,,,
,, ,153984489, ,2017-10-18,N/A,N/A,N/A,2017-12-15,,RUB,N/A,Company Takeover,Magnit PJSC announced the acquisition of Edvard Tekhnolodzhi Konsalting OOO. The transaction was announced on 10/18/2017 and terminated on 12/15/2017. Financial terms of the transaction are undisclosed.,Terminated,M&A,No, ,Friendly,0,Undisclosed,0,100, ,,,, ,,, ,Krasnodar,Russia,RU,Consumer Staples,Magnit PJSC,359, ,N.A., ,N.A.,N.A., ,N.A.,, ,Novosibirsk,Russia,RU,Financial Services,Financials,Specialty Finance,Edvard Tekhnolodzhi Konsalting OOO,, , , , , , , , , ,,,,,,,,,
,, ,154248146, ,2017-10-24,N/A,N/A,N/A,2017-10-10,,USD,N/A,"Cross Border, Minority Purchase",Accles Holdings Ltd acquired a minority stake in IG Seismic Services PLC. The transaction was announced on 10/24/2017 and completed on 10/10/2017. Financial terms of the transaction are undisclosed.,Completed,INV,No, ,Friendly,0,Cash,0,25.83, ,,,, ,,, , ,Cyprus,CY,Financials,Accles Holdings Ltd,, ,N.A., ,N.A.,N.A., ,N.A.,, ,Moscow,Russia,RU,Oil & Gas,Energy,Oil & Gas Services & Equip,IG Seismic Services PLC,, , , , , , , , , ,,,,,,,,,
,, ,154628894, ,2017-10-31,1035.86,1035.86,514.0/sh.,2017-10-31,,RUB,1035.86,"Cross Border, Minority Purchase","Telia Co AB announced the sale of a minority stake in MegaFon PJSC to Gazprombank JSC. The transaction was announced on 10/31/2017 and is currently pending. As of announcement date, this is the largest ever acquisition of Gazprombank JSC.",Completed,INV,No, ,Friendly,0,Cash,0,19, ,,BofA ML/Citi/Morgan Stanley,Houthoff/White & Case LLP, ,,, ,Moscow,Russia,RU,Financials,Gazprombank JSC,,COML BANK NEC,6029,4813,N.A.,Sweden,SE,Communications,Telia Co AB,PHONE NO  RADI,Sankt-peterburg,Russia,RU,Telecommunications,Communications,Telecommunications,MegaFon PJSC,, ,3.01,2.47,0.89,0.57,3.01,2.47,0.89,0.57,,,,,,,,,
,Dentons, ,155037635, ,2017-11-06,87.59,87.59,5119.0 Mln,2017-11-28,RUB 1970.00,RUB,87.59,"Cross Border, Asset Sale",Sever LLC sold Logistics park/Moscow to Raven Property Group Ltd for RUB 5119.00M. The transaction was announced on 11/6/2017 and completed on 11/28/2017.,Completed,AST,No, ,Friendly,0,Cash,0,100, ,,,, ,,, ,St. Peter Port,Guernsey,GG,Real Estate,Raven Property Group Ltd,183, ,N.A.,N.A.,,United Kingdom,GB,Financials,Sever LLC, ,,Russia,,Real Estate,Real Estate,Real Estate Owners & Developers,Logistics park/Moscow,,, , , , , , , , ,,,,,,,,,
,, ,155171703, ,2018-01-15,N/A,N/A,N/A, ,,RUB,N/A,Additional Stake Purchase,"On 01/15/2018 the board of directors of Uralkali PJSC approved the sale of shares to UralChem Holding PLC. On 12/18/2017, the Federal Anti-Monopoly Agency approved the acquisition of a 9.99% stake in Uralkali. On 11/08/2017, Uralkari PJSC announced that they are weighing issue of 150m preferr...",Pending,INV,No, ,Friendly,0,Undisclosed,19.99,10,2017-11-08,Strategic Alt Review,,, ,,, ,Moscow,Russia,RU,Materials,UralChem Holding PLC,, ,N.A., ,N.A.,N.A., ,N.A.,, ,Berezniki,Russia,RU,Materials,Materials,Chemicals,Uralkali PJSC,13465, , , , , , , , , ,,,2018-08-02,2017-12-18,,,,,
,, ,155238828,2017-11-06,2016-09-21,3.06,3.06,0.420709 Mln,2017-11-30,,USD,3.06,"Company Takeover, Cross Border, Majority Purchase",A consortium led by Metalsib Group sold Sibzoloto Investments Ltd & LLC Davenda to Orsu Metals Corp for USD 3.06M. The transaction was announced on 9/21/2016 and completed on 11/30/2017.,Completed,M&A,No, ,Friendly,0,Cash and Stock,0,0, ,,,,146.6057 Mln Sh,,, ,London,United Kingdom,GB,Materials,Orsu Metals Corp,,METAL ORES NEC,1099,,,British Virgin Islands,,"Materials, Materials","Metalsib Group,OC Management Group",,,Russia,,"Materials, Materials","Materials, Materials","Metals & Mining, Metals & Mining","Sibzoloto Investments Ltd,LLC Davenda",,, , , , , , , , ,2017-12-01,,,,,,,,
VTB Capital,, ,155328427, ,2018-08-14,N/A,N/A,N/A,2018-10-02,,RUB,N/A,Majority Purchase,"On 08/14/2018, On VTB Bank PJSC annoucned that it had an agreement to acquire at least a 75% stake in Bank Vozrozhdenie PJSC for an undisclosed amount. 6/7/2018, Vedomosti reported that VTB Group may announce to acquire Bank Vozrozhdenie PJSC. On 3/28/2018 RBK reported that Bonum Capital was ...",Completed,M&A,No, ,Friendly,-11252,Undisclosed,0,85,2017-11-10,Strategic Alt Review,,, ,,Herbert Smith Fr, ,Moscow,Russia,RU,Financials,VTB Bank PJSC,, ,N.A., ,6029,N.A., ,N.A.,, ,Moscow,Russia,RU,Banking,Financials,Banking,Bank Vozrozhdenie PJSC,,COML BANK NEC,0.54, ,0.44,0.06,0.08, ,0.07,0.01,,,,,,,,,
,, ,155472728, ,2017-11-14,N/A,N/A,N/A,2018-05-13,,RUB,N/A,Minority Purchase,"With no further information, the deal has been withdrawn on 05/13/18. On 11/14/2017, it is reported that Vezet LLC is looking for potential investors to acquire a minority stake in the company. Potential investors include Mail.Ru Group Ltd & VimpelCom- Invest LLC, according to people familiar...",Withdrawn,INV,No, ,Friendly,0,Undisclosed,0,0,2017-11-14,On the Block,,, ,,, ,,British Virgin Islands,,N.A.,Potential Buyer,,,, ,N.A.,N.A., ,N.A.,, ,Voronezh,Russia,RU,Industrial Services,Industrials,Transportation & Logistics,Vezet LLC,, , , , , , , , , ,,,,,,,,,
,Hogan Lovells US, ,155677720, ,2017-11-17,N/A,N/A,N/A,2017-11-17,,RUB,N/A,Minority Purchase,Sberbank of Russia PJSC acquired a minority stake in Visionlabs OOO. The transaction was completed on 11/17/2017. Financial terms of the transaction are undisclosed.,Completed,INV,No, ,Friendly,0,Undisclosed,0,25.07, ,,,, ,,, ,Moscow,Russia,RU,Financials,Sberbank of Russia PJSC,289721,NATL COML BANK,6021, ,N.A.,N.A., ,N.A.,, ,Moscow,Russia,RU,Software & Tech Services,Technology,Software,Visionlabs OOO,, , , , , , , , , ,,,,,,,,,
,, ,155680360, ,2017-11-17,4.25,4.25,3.6 Mln, ,,EUR,4.16,"Cross Border, Minority Purchase",Euroins Insurance Group LCC announced the acquisition of a minority stake in Euroins RNO OOO. The transaction was announced on 11/17/2017 and is currently pending.,Pending,INV,No, ,Friendly,0,Cash,0,49, ,,,, ,,, ,Sofia,Bulgaria,BG,Financials,Euroins Insurance Group LCC,, ,N.A., ,N.A.,N.A., ,N.A.,, ,Smolensk,Russia,RU,Insurance,Financials,Insurance,Euroins RNO OOO,, , , , , , , , , ,,,,,,,,,
,, ,155692780, ,2015-02-02,2.1,2.1,2.1 Mln,2015-02-02,,USD,2.1,"Venture Capital, Private Equity, Minority Purchase, Additional Stake Purchase, Financing Round",A consortium led by Inventure Partners acquired a minority stake in Netology. The transaction was completed on 2/2/2015.,Completed,INV,No, ,Friendly,0,Cash,0,0, ,,,, ,,, ,,Russia,,"Financials, Financials","Inventure Partners,Flashpoint Venture Capital",,,, ,N.A.,N.A., ,N.A.,, ,Moskva,Russia,RU,Media,Communications,Internet Media & Services,Netology,, , , , , , , , , ,,,,,,,,,
,, ,155829093, ,2017-11-21,N/A,N/A,N/A,2017-11-21,,RUB,N/A,"Cross Border, Minority Purchase",Acmero Capital Ltd acquired a minority stake in Liga-Trans OOO. The transaction was completed on 11/21/2017. Financial terms of the transaction are undisclosed.,Completed,INV,No, ,Friendly,0,Undisclosed,0,50, ,,,, ,,, , ,Hong Kong,HK,Financials,Acmero Capital Ltd,, ,N.A., ,N.A.,N.A., ,N.A.,, ,Rostov-On-Don,Russia,RU,Industrial Services,Industrials,Transportation & Logistics,Liga-Trans OOO,, , , , , , , , , ,,,,,,,,,
,, ,155829261, ,2017-11-21,N/A,N/A,N/A,2018-05-20,,RUB,N/A,Asset Sale,"With no further information, the deal has been withdrawn on 05/20/18.On 11/21/2017, it was reported that Sveza Holdings Ltd is considering the acquisition of 100% stake in Tyumen veneer plant.",Withdrawn,AST,No, ,Friendly,0,Undisclosed,0,100,2017-11-21,,,, ,,, ,Cherepovets,Russia,RU,Financials,Severgroup CJSC,, ,N.A., ,,N.A., ,N.A.,, ,,Russia,,Materials,Materials,"Forestry, Paper & Wood Products",Tyumen Veneer plant/Russia,,, , , , , , , , ,,,,,,,,,
,, ,155843133, ,2017-11-21,N/A,N/A,N/A,2018-11-24,,EUR,N/A,"Company Takeover, Cross Border","With no further information the deal has been withdrawn on 11/24/2018. On 05/25/2018, it was reported that Enel SpA is in talks with ESN Group to sale Reftinskaya GRES Coal Plant Russia. On 01/17/2018, Vedomosti newspaper reported that Russian billionaire Oleg Deripaska has submitted a bid to...",Withdrawn,M&A,No, ,Friendly,0,Cash,0,100,2017-11-21,,,, ,,, ,,Russia,,N.A.,Potential Buyer,,,,4911,,Italy,IT,Utilities,Enel SpA,ELECTRIC SVC,,Russia,,N.A.,N.A.,N.A.,Reftinskaya GRES Coal Plant Russia,,, , , , , , , , ,,,,,,,,,
,, ,155995908, ,2017-11-24,N/A,N/A,N/A,2018-05-23,,EUR,N/A,"Company Takeover, Cross Border","With no further information on this proposal, the transaction has been withdrawn.BASF SE proposed to acquire DEA Deutsche Erdoel AG. The transaction was proposed on 11/24/2017.  Financial terms of the transaction are unknown.",Withdrawn,M&A,No, ,Friendly,2389,Undisclosed,0,100,2017-11-24,Negotiation,,, ,,, ,Ludwigshafen,Germany,DE,Materials,BASF SE,94910,CHEMICALS,2800, ,N.A.,N.A., ,N.A.,, ,Hamburg,Russia,DE,Oil & Gas,Energy,Oil & Gas Supply Chain,Wintershall Dea International GmbH,, ,-1.42, , ,-0.37, , , , ,,,,,,,,,
,, ,156429681, ,2017-12-01,2046.64,2046.64,1719.0 Mln,2017-12-01,,EUR,2046.64,"Cross Border, Asset Sale, Minority Purchase","On 12/01/2017, OMV AG announced the acquisition of 24.99% stake in the Yuzhno Russkoye Gas Field from Uniper SE for EUR 1,719.00M. The transaction was completed on 12/01/2017",Completed,AST,No, ,Friendly,0,Cash,0,24.99, ,,,, ,,, ,Vienna,Austria,AT,Energy,OMV AG,15936, ,N.A.,N.A.,,Germany,DE,Utilities,Uniper SE, ,,Russia,,N.A.,N.A.,N.A.,Yuzhno Russkoye Gas Field,,, , , , , , , , ,,,,,,,,,
,, ,156482967, ,2017-12-01,N/A,N/A,N/A,2018-06-01,,RUB,N/A,"Cross Border, Minority Purchase",Volkswagen AG announced the acquisition of a minority stake in GAZ PJSC. Financial terms of the transaction are undisclosed.,Withdrawn,INV,No, ,Friendly,0,Undisclosed,0,0,2017-12-01,Negotiation,,, ,,, ,WOLFSBURG,Germany,DE,Consumer Discretionary,Volkswagen AG,621201, ,N.A., ,N.A.,N.A., ,N.A.,, ,Niznhy Novgorod,Russia,RU,Consumer Discretionary Products,Consumer Discretionary,Automotive,GAZ PJSC,, , , , , , , , , ,,,,,,,,,
,, ,156572468, ,2017-12-04,N/A,N/A,N/A,2018-03-16,,RUB,N/A,Company Takeover,Sveza Holdings Ltd acquired Sveza Tyumen OOO. The transaction was announced on 12/4/2017 and completed on 3/16/2018. Financial terms of the transaction are undisclosed.,Completed,M&A,No, ,Friendly,0,Undisclosed,0,100, ,,,, ,,, ,Moscow,Russia,RU,Materials,Sveza Holdings Ltd,,TIMBER TRACTS,0811, ,2435,N.A., ,N.A.,, ,Tyumen,Russia,RU,Consumer Discretionary Products,Consumer Discretionary,Home Construction,Sveza Tyumen OOO,,HRDWD/VENEER, , , , , , , , ,,,,2018-03-16,,,,,
,Herbert Smith Fr, ,156609644, ,2017-09-21,15,15,15.0 Mln, ,,USD,15,"Convertible, Cross Border, Minority Purchase",Goldman Sachs Group Inc/The announced the acquisition of a minority stake in IXcellerate LLC. The transaction was announced on 9/21/2017 and is currently pending.,Pending,INV,No, ,Friendly,0,Cash,0,0, ,,,, ,,, ,New York,United States,US,Financials,Goldman Sachs Group Inc/The,46200,SEC BROKER/DLR,6211, ,N.A.,N.A., ,N.A.,, ,Moscow,Russia,RU,Telecommunications,Communications,Telecommunications,IXcellerate LLC,, , , , , , , , , ,,,,,,,,,
,, ,156662866, ,2017-12-05,N/A,N/A,N/A,2017-12-05,,USD,N/A,"Company Takeover, Cross Border",A consortium led by Repsol SA sold Eurotech JSC & Yuzhno-Khadyryakhinskoye JSC to Novatek PJSC. The transaction was completed on 12/5/2017. Financial terms of the transaction are undisclosed.,Completed,M&A,No, ,Friendly,0,Undisclosed,0,100, ,,,, ,,, ,Moscow,Russia,RU,Energy,Novatek PJSC,18404, ,N.A.,,,Spain,,"Energy, Unclassifiable","Repsol SA,Independent Petroleum Co Holdings CY Ltd",,,Russia,,Oil & Gas,Energy,Oil & Gas Supply Chain,"Eurotech JSC,Yuzhno-Khadyryakhinskoye JSC",,, , , , , , , , ,,,,,,,,,
,, ,156702835, ,2017-12-06,N/A,N/A,N/A,2017-12-06,,RUB,N/A,"Venture Capital, Private Equity, Minority Purchase, Series A / 1",A consortium led by Private Investor acquired a minority stake in Umnaya kassa Merkata OOO. The transaction was completed on 12/6/2017. Financial terms of the transaction are undisclosed.,Completed,INV,No, ,Friendly,0,Cash,0,0, ,,,, ,,, ,,Russia,,Financials,"Private Investor,Finsight Ventures",,,, ,N.A.,N.A., ,N.A.,, , ,Russia,RU,Retail & Wholesale - Staples,Consumer Staples,Retail - Consumer Staples,Umnaya kassa Merkata OOO,, , , , , , , , , ,,,,,,,,,
,, ,156797307, ,2018-02-02,500,500,N/A, ,,USD,N/A,Company Takeover,"On 02/02/2018, it was reported that Federal Antimonopoly Service of Russia approved the Kamchatka Gold CJSC acquisition by GV Gold OAO. On 12/07/2017, RBC newspaper reported that GV Gold OAO may buy Viktor Vekselberg‚Äôs Kamchatka Gold CJSC for about USD 500.00M, according to the people famil...",Pending,M&A,No, ,Friendly,0,Undisclosed,0,100,2017-12-07,On the Block,,, ,,, ,Moscow,Russia,RU,Materials,GV Gold Vysochaishy Pjsc,, ,N.A., ,N.A.,N.A., ,N.A.,, ,Petropavlovsk-kamchatskiy,Russia,RU,Materials,Materials,Metals & Mining,Kamchatka Gold CJSC,, , , , , , , , , ,,,,2018-02-02,,,,,
,, ,157167538, ,2017-12-13,N/A,N/A,N/A,2017-12-13,,RUB,N/A,Minority Purchase,Enisey Capital OOO acquired a minority stake in Center for Cargo Container Traffic TransContainer PJSC. The transaction was completed on 12/13/2017. Financial terms of the transaction are undisclosed.,Completed,INV,No, ,Friendly,0,Undisclosed,0,24.5, ,,,, ,,, ,Moscow,Russia,RU,Financials,Enisey Capital OOO,, ,N.A., ,N.A.,N.A., ,N.A.,, ,Moscow,Russia,RU,Industrial Services,Industrials,Transportation & Logistics,Center for Cargo Container Traffic TransContainer PJSC,, , , , , , , , , ,,,,,,,,,
,, ,157584430, ,2017-12-19,23.81,23.81,1400.0 Mln,2017-12-31,,RUB,24.32,Asset Sale,Novatek PJSC acquired 25year license/Osenniy for RUB 1400.00M. The transaction was announced on 12/19/2017 and completed on 12/31/2017.,Completed,AST,No, ,Friendly,0,Cash,0,100, ,,,, ,,, ,Moscow,Russia,RU,Energy,Novatek PJSC,18404, ,N.A., ,,N.A., ,N.A.,, ,,Russia,,Materials,Materials,Chemicals,25year license/Osenniy,,, , , , , , , , ,,,,,,,,,
,, ,157893132, ,2017-12-22,N/A,N/A,N/A,2017-12-22,,RUB,6.82,Company Takeover,Bashinformsvyaz PJSC acquired Tvingo Telecom OOO. The transaction was completed on 12/22/2017. Financial terms of the transaction are undisclosed.,Completed,M&A,No, ,Friendly,0,Undisclosed,0,100, ,,,, ,,, ,Ufa,Russia,RU,Communications,Bashinformsvyaz PJSC,4548, ,N.A., ,N.A.,N.A., ,N.A.,, ,Vladikavkaz,Russia,RU,Telecommunications,Communications,Telecommunications,Tvingo Telecom OOO,, , , , , , , , , ,,,,,,,,,
,, ,158038985, ,2017-12-25,N/A,N/A,N/A,2017-12-25,,RUB,N/A,Company Takeover,Nebius Group NV acquired Foodfox. The transaction was completed on 12/25/2017. Financial terms of the transaction are undisclosed.,Completed,M&A,No, ,Friendly,0,Undisclosed,0,100, ,,,, ,,, ,Schiphol,Russia,NL,Communications,Nebius Group NV,1543,COMPUT PROG,7370, ,N.A.,N.A., ,N.A.,, ,Moscow,Russia,RU,Industrial Services,Industrials,Commercial Support Services,Foodfox,, , , , , , , , , ,,,,,,,,,
,, ,158107987, ,2017-12-27,3.12,3.12,3.125 Mln,2017-12-27,,USD,3.12,"Option Agreement, Minority Purchase",MegaFon PJSC acquired a minority stake in Forpost OOO/Moscow City. The transaction was completed on 12/27/2017.,Completed,INV,No, ,Friendly,0,Cash,0,12.5, ,,,, ,,, ,Sankt-peterburg,Russia,RU,Communications,MegaFon PJSC,, ,N.A., ,N.A.,N.A., ,N.A.,, ,Moscow,Russia,RU,Industrial Services,Industrials,Commercial Support Services,Forpost OOO/Moscow City,, , , , , , , , , ,,,,,,,,,
,, ,158354046, ,2017-12-29,N/A,N/A,N/A,2017-12-29,,RUB,N/A,"Cross Border, Minority Purchase",Rosava acquired a minority stake in Concern Titan-2 ZAO. The transaction was completed on 12/29/2017. Financial terms of the transaction are undisclosed.,Completed,INV,No, ,Friendly,0,Undisclosed,0,50, ,,,, ,,, ,Kiev,Ukraine,UA,Real Estate,Rosava,56, ,N.A., ,1542,N.A., ,N.A.,, ,Sosnovy Bor,Russia,RU,Industrial Services,Industrials,Engineering & Construction,Concern Titan-2 ZAO,,NONRES BLDGS, , , , , , , , ,,,,,,,,,
,, ,158802234, ,2018-01-05,N/A,N/A,3.0 Mln,2018-01-05,,USD,N/A,"Cross Border, Asset Sale",Glu Mobile Inc sold Moscow studio & titles to Private Investor for USD 4.50M. The transaction was completed on 01/05/2018.,Completed,AST,No, ,Friendly,1.5,Cash and Debt,0,100, ,,,Fenwick & West, ,,, ,,United States,,N.A.,Private Investor,,,,7371,,United States,US,Communications,Glu Mobile Inc,PRGRMNG SVC,,Russia,,Software & Tech Services,Technology,Software,Moscow studio & titles,,, , , , , , , , ,,,,,,,,,
,, ,158892845, ,2017-12-12,N/A,N/A,N/A,2018-01-08,,CAD,6.03,"Cross Border, Asset Sale",Azarga Metals Corp announced the acquisition of Unkur Copper Silver project. The transaction was announced on 12/12/2017 and is expected to be completed by 1/8/2018. Financial terms of the transaction are undisclosed.,Pending,AST,No, ,Friendly,0,Stock,60,40, ,,,,42.0 Mln Sh,,, ,White Rock,Canada,CA,Materials,Azarga Metals Corp,,GOLD ORE,1041, ,,N.A., ,N.A.,, ,,Russia,,Materials,Materials,Metals & Mining,Unkur Copper Silver project,,, , , , , , , , ,,,,,,,,,
,, ,158910725, ,2018-01-09,N/A,N/A,N/A, ,,RUB,N/A,Company Takeover,Kuzbassenergo OJSC announced the acquisition of Sibeco LLC. The transaction was announced on 1/9/2018 and is currently pending. Financial terms of the transaction are undisclosed.,Pending,M&A,No, ,Friendly,0,Undisclosed,0,100, ,,,, ,,, ,Barnaul,Russia,RU,Utilities,Kuzbassenergo OJSC,, ,N.A., ,N.A.,N.A., ,N.A.,, ,Berezovsky,Russia,RU,Consumer Discretionary Products,Consumer Discretionary,Automotive,Sibeco LLC,, , , , , , , , , ,,,,,,,,,
,, ,159491573, ,2017-10-13,N/A,N/A,N/A,2017-10-13,,USD,N/A,"Company Takeover, Cross Border",FINCA International Inc sold FINCA Russia to Mikro Kapital Sarl. The transaction was completed on 10/13/2017. Financial terms of the transaction are undisclosed.,Completed,M&A,No, ,Friendly,0,Cash,0,100, ,,,Orrick Herringtn, ,,, ,Luxembourg,Luxembourg,LU,Financials,Mikro Kapital Sarl,784, ,N.A.,8742,,United States,US,Consumer Discretionary,FINCA International Inc,CONSULTING SVC,,Russia,,Financial Services,Financials,Specialty Finance,FINCA Russia,,, , , , , , , , ,,,,,,,,,
,, ,159496301, ,2018-10-16,198.12,198.12,171.0 Mln,2019-01-24,,EUR,193.21,"Cross Border, Asset Sale, Private Equity, Real Estate",Lindex Group OYJ sold Nevsky Center shopping mall to PPF Group NV for EUR 171.00M. The transaction was announced on 10/16/2018 and completed on 1/24/2019.,Completed,AST,No, ,Friendly,0,Cash,0,100,2018-01-22,,,, ,,, ,Amsterdam,Netherlands,NL,Financials,PPF Group NV,37000, ,N.A.,N.A.,,Finland,FI,Consumer Discretionary,Lindex Group OYJ, ,,Russia,,Real Estate,Real Estate,Real Estate Owners & Developers,Nevsky Center shopping mall,,, , , , , , , , ,,,,,,,,,
,, ,159497111, ,2018-01-22,100,100,100.0 Mln,2018-03-23,USD 20.00,USD,100,"Company Takeover, Cross Border",A consortium led by Private Investor sold ESforce Holding Ltd to VK IPJSC for USD 100.00M. The transaction was announced on 1/22/2018 and completed on 3/23/2018.,Completed,M&A,No, ,Friendly,0,Cash,0,100, ,,,, ,,, ,Sankt-peterburg,Russia,RU,Communications,VK IPJSC,,AMUSEMENT SVC,7999,,N.A.,United States,,Financials,"Private Investor,Walton CA Highland Falls Investment Corp",,Moscow,Russia,RU,Consumer Discretionary Services,Consumer Discretionary,Leisure Facilities & Services,ESforce Holding Ltd,, , , , , , , , , ,,,,,,,,,
,, ,159659715, ,2018-04-03,N/A,N/A,N/A,2018-04-03,,USD,N/A,Asset Sale,"X5 Retail Group NV acquired  99 Ufa Grocery Stores located in various cities across the Republic of Bashkortostan. The deal was completed on 04/03/2018. On 01/24/2018, X5 Retail Group NV announced it was seeking to acquire 100 Ufa Grocery Stores located in various cities across the Republic o...",Completed,AST,No, ,Friendly,0,Cash,0,100,2018-01-24,Negotiation,,, ,,, ,Amsterdam,Russia,NL,Consumer Staples,X5 Retail Group NV,498525, ,N.A., ,,N.A., ,N.A.,, ,,Russia,,Retail & Wholesale - Staples,Consumer Staples,Retail - Consumer Staples,100 Ufa grocery stores/Bashkortostan,,, , , , , , , , ,,,,,,,,,
,, ,159660543, ,2018-01-24,0.35,0.35,0.35 Mln,2018-01-24,,USD,0.35,"Cross Border, Additional Stake Purchase",Eurasia Mining PLC sold Kosvinsky Kamen ZAO to Private Investor for USD 0.35M. The transaction was completed on 1/24/2018.,Completed,INV,No, ,Friendly,0,Cash,61,7, ,,,, ,,, ,,United Kingdom,,N.A.,Private Investor,,,,N.A.,N.A.,United Kingdom,GB,Materials,Eurasia Mining PLC, , ,Russia,RU,Materials,Materials,Metals & Mining,Kosvinsky Kamen ZAO,, , , , , , , , , ,,,,,,,,,
,, ,160316178, ,2018-02-01,103.57,103.57,N/A,2018-03-19,,USD,81,"Company Takeover, Cross Border",Comepay Inc acquired 4 Comepay entities for USD 103.58M. The transaction was announced on 2/1/2018 and completed on 3/19/2018.,Completed,M&A,No, ,Friendly,0,Stock,0,100, ,,,,60.0 Mln Sh,,, ,New York,United States,US,Technology,Comepay Inc,, ,N.A., ,,N.A., ,N.A.,, ,,Russia,,Financial Services,Financials,Asset Management,4 Comepay entities,,, , , , , , , , ,,,,,,,,,
,, ,160338342, ,2018-02-02,N/A,N/A,N/A,2018-02-02,,RUB,N/A,"Company Takeover, Cross Border",San Sac Group AB acquired Proshop OOO. The transaction was completed on 2/2/2018. Financial terms of the transaction are undisclosed.,Completed,M&A,No, ,Friendly,0,Undisclosed,0,100, ,,,, ,,, ,Linkoping,Sweden,SE,Industrials,San Sac Group AB,, ,N.A., ,N.A.,N.A., ,N.A.,, ,Moscow,Russia,RU,Industrial Services,Industrials,Industrial Support Services,Proshop OOO,, , , , , , , , , ,,,,,,,,,
,, ,160548729, ,2018-05-21,24.33,24.33,N/A,2018-12-31,,RUB,N/A,Company Takeover,"On 05/21/2018, Data Storage Centre LLC and Bashinformsvyaz PJSC signed agreements to acquire 70% and 30% of Solar Security OOO for respectively RUB 1050.00M and RUB 450.00M.  On 02/07/2018, RBC reported that Rostelecom PJSC are in talks to acquire Solar Security OOO, according to people famil...",Completed,M&A,No, ,Friendly,0,Undisclosed,0,100,2018-02-07,Negotiation,,, ,,, ,,Russia,,"Communications, Communications","Rostelecom PJSC,Bashinformsvyaz PJSC",,,, ,N.A.,N.A., ,N.A.,, ,Moscow,Russia,RU,Software & Tech Services,Technology,Software,Solar Security OOO,, , , , , , , , , ,,,,,,,,,
,, ,160792343, ,2018-02-12,8.56,8.56,495.0 Mln,2018-02-12,,RUB,8.56,"Option Agreement, Cross Border, Majority Purchase",Cubichall Holdings Ltd sold Kulturnaya Sluzhba OOO to Mobile TeleSystems PJSC for RUB 495.00M. The transaction was completed on 2/12/2018.,Completed,M&A,No, ,Friendly,0,Cash,0,78.199997, ,,,, ,,, ,Moscow,Russia,RU,Communications,Mobile TeleSystems PJSC,60388, ,N.A.,N.A.,N.A.,Cyprus,CY,Financials,Cubichall Holdings Ltd, ,Moscow,Russia,RU,Media,Communications,Internet Media & Services,Kulturnaya Sluzhba OOO,, , , , , , , , , ,,,,,,,,,
,, ,160872727, ,2018-02-16,212.88,212.88,12000.0 Mln, ,,RUB,212.88,"Cross Border, Asset Sale","On 02/13/2018, it was reported that Kesko OYJ is negotiating to sell building & home improvement store properties to Leroy Merlin SA/France. Terms of the transaction are undisclosed.",Pending,AST,No, ,Friendly,0,Cash,0,100,2018-02-13,Negotiation,Goldman Sachs,Baker McKenzie, ,,, ,Lille,France,FR,Consumer Discretionary,Leroy Merlin SA/France,,PAINT STORES,5231,N.A.,,Finland,FI,Consumer Staples,Kesko Oyj, ,,Russia,,Consumer Discretionary Products,Consumer Discretionary,Home Construction,Building & home improvement store properties,,, , , , , , , , ,,,,,,,,,
VTB Capital,Skadden Arps, ,161065212, ,2018-02-16,2448.12,2448.12,138000.0 Mln,2018-03-14,,RUB,2415,Minority Purchase,"VTB Bank PJSC announced the acquisition of a minority stake in Magnit PJSC. The transaction was announced on 02/16/2018 and is currently pending. At the time of the announcement, this is VTB's second largest acquisition on record.",Completed,INV,No, ,Friendly,0,Cash,0,29.1, ,,,, ,,, ,Moscow,Russia,RU,Financials,VTB Bank PJSC,, ,N.A., ,N.A.,N.A., ,N.A.,, ,Krasnodar,Russia,RU,Retail & Wholesale - Staples,Consumer Staples,Retail - Consumer Staples,Magnit PJSC,359, , , , , , , , , ,,,,2018-03-15,,,,,
,, ,161144435, ,2018-02-16,N/A,N/A,N/A,2018-08-16,,RUB,N/A,Majority Purchase,"On 02/16/2018, it was reported that Summa Group is still interested in a controlling stake in Center for Cargo Container Traffic TransContainer PJSC, according to the group's owner Ziyavudin Magomedov.",Withdrawn,M&A,No, ,Friendly,0,Undisclosed,0,0,2018-02-16,On the Block,,, ,,, ,Moscow,Russia,RU,Industrials,Summa Group,, ,N.A., ,N.A.,N.A., ,N.A.,, ,Moscow,Russia,RU,Industrial Services,Industrials,Transportation & Logistics,Center for Cargo Container Traffic TransContainer PJSC,, , , , , , , , , ,,,,,,,,,
Citi/UBS,Linklaters, ,161407284, ,2018-08-02,675.26,675.26,436.0 Mln,2019-01-22,,USD,589.68,"Cross Border, Asset Sale","On 06/01/2018 Kommerant reported that KAZ Minerals may soon by the Baimskoye Deposit. Nornickel PJSC is also said to be an interested buyer. On 02/16/2018, KAZ Minerals PLC announced their potential interest in acquiring a majority stake in the Baimskaya Copper Deposit in Chukota, Russia. The...",Completed,AST,Yes, ,Friendly,0,Cash and Stock,0,0,2018-02-16,,,A&O Shearman LLP,22.3 Mln Sh,,, ,London,Kazakhstan,GB,Materials,KAZ Minerals PLC,, ,N.A., ,,N.A., ,N.A.,, ,,Russia,,Materials,Materials,Metals & Mining,Baimskaya Copper Deposit/Chukota,,, , , , , , , , ,,,,,,,,,
,, ,161593389, ,2017-07-21,3,3,3.0 Mln,2017-07-21,,USD,3,"Venture Capital, Cross Border, Private Equity, Minority Purchase, Additional Stake Purchase, Financing Round",A consortium led by Da Vinci Capital OOO acquired a minority stake in JSC Smartfin. The transaction was completed on 7/21/2017.,Completed,INV,No, ,Friendly,0,Cash,0,0, ,,,, ,,, ,,Guernsey,,"Financials, Financials","Da Vinci Capital OOO (Fund: Da Vinci Private Equity Fund II LP),Inventure Partners",,,, ,N.A.,N.A., ,N.A.,, , ,Russia,RU,Software & Tech Services,Technology,Software,JSC Smartfin,, , , , , , , , , ,,,,,,,,,
,Hogan Lovells US, ,161646082, ,2018-02-28,N/A,N/A,N/A,2018-02-28,,RUB,N/A,"Company Takeover, Cross Border",Plasticum Group BV acquired Artpack Ltd. The transaction was completed on 2/28/2018. Financial terms of the transaction are undisclosed.,Completed,M&A,No, ,Friendly,0,Undisclosed,0,100, ,,,, ,,, ,Tilburg,United States,NL,Materials,Plasticum Group BV,,TRUST/FOUNDATN,6733, ,N.A.,N.A., ,N.A.,, ,Dzerzhinsk,Russia,RU,Industrial Products,Industrials,Industrial Intermediate Prod,Artpack Ltd,, , , , , , , , , ,,,,,,,,,
,, ,162089589, ,2018-01-22,3.54,3.54,200.0 Mln,2018-01-22,,RUB,3.54,"Venture Capital, Private Equity, Minority Purchase, Financing Round",VEB-Innovatsii Fond acquired a minority stake in Kompo OOO. The transaction was completed on 1/22/2018.,Completed,INV,No, ,Friendly,0,Cash,0,0, ,,,, ,,, ,Moscow,Russia,RU,Financials,VEB-Innovatsii Fond,, ,N.A., ,N.A.,N.A., ,N.A.,, ,Moscow,Russia,RU,Software & Tech Services,Technology,Software,Kompo OOO,, , , , , , , , , ,,,,,,,,,
,Baker McKenzie, ,162386417, ,2017-12-18,N/A,N/A,N/A,2017-12-18,,RUB,N/A,Minority Purchase,Severgroup CJSC acquired a minority stake in AVA-Peter Farm OOO. The transaction was completed on 12/18/2017. Financial terms of the transaction are undisclosed.,Completed,INV,No, ,Friendly,0,Undisclosed,0,0, ,,,, ,,, ,Cherepovets,Russia,RU,Financials,Severgroup CJSC,, ,N.A., ,5122,N.A., ,N.A.,, , ,Russia,RU,Health Care,Health Care,Health Care Facilities & Svcs,AVA-Peter Farm OOO,,DRUGS/SUNDRIES, , , , , , , , ,,,,,,,,,
,, ,162420403, ,2018-02-21,N/A,N/A,N/A,2018-08-21,,USD,N/A,Company Takeover,On 03/12/2017 Interfax reported that  Stroyproektholding OOO has filed a request for preliminary clearance to buy 100% of voting shares in TFK-Finance JSC.,Withdrawn,M&A,No, ,Friendly,0,Undisclosed,0,100,2018-02-21,,,, ,,, , ,Russia,RU,Financials,Stroyproektholding OOO,, ,N.A., ,N.A.,N.A., ,N.A.,, ,Moscow,Russia,RU,Financial Services,Financials,Asset Management,TFK-Finance OJSC,, , , , , , , , , ,,,,N/A,,,,,
,, ,162537280, ,2018-03-14,N/A,N/A,N/A,2018-09-13,,RUB,N/A,Company Takeover,"With no further information the deal has been withdrawn on 09/13/2018. On 03/14/2018, Vedomosti reported that Moscow City Telephone Network PJSC is negotiating the purchase of Kroniks Plus LLC for an undisclosed amount, citing people familiar with the matter.",Withdrawn,M&A,No, ,Friendly,0,Undisclosed,0,100,2018-03-14,Negotiation,,, ,,, ,Moscow,Russia,RU,Communications,Moscow City Telephone Network PJSC,, ,N.A., ,4813,N.A., ,N.A.,, , ,Russia,RU,Telecommunications,Communications,Telecommunications,Cronyx Plus LLC,,PHONE NO  RADI, , , , , , , , ,,,,,,,,,
,, ,162541552, ,2018-03-14,N/A,N/A,N/A,2018-11-12,,EUR,N/A,"Company Takeover, Cross Border, Additional Stake Purchase",REG Holding Ltd sold RosEvroBank to Cooperatie SovCo Capital Partners UA. The transaction was announced on 3/14/2018 and completed on 11/12/2018. Financial terms of the transaction are undisclosed.,Completed,M&A,No, ,Friendly,0,Undisclosed,45,55, ,,,Hogan Lovells US, ,,, ,Luchthaven Schiphol,Netherlands,NL,Financials,Cooperatie SovCo Capital Partners UA,, ,N.A.,N.A.,6029,Cyprus,CY,Financials,REG Holding Ltd, ,Moscow,Russia,RU,Banking,Financials,Banking,RosEvroBank,,COML BANK NEC, , , , , , , , ,,,,,,,,,
,Herbert Smith Fr, ,162700202, ,2017-12-20,10.65,10.65,N/A,2018-01-01,,RUB,N/A,Minority Purchase,GK Osnova OOO acquired a minority stake in Zamania LLC. The transaction was announced on 12/20/2017 and completed on 1/1/2018.,Completed,INV,No, ,Friendly,0,Undisclosed,0,30, ,,,, ,,Dla Piper Llp, , ,Russia,RU,Unclassifiable,GK Osnova OOO,, ,N.A., ,N.A.,N.A., ,N.A.,, , ,Russia,RU,Consumer Discretionary Services,Consumer Discretionary,Leisure Facilities & Services,Zamania LLC,, , , , , , , , , ,,,,,,,,,
,, ,162793723, ,2018-03-19,N/A,N/A,N/A,2018-03-19,,BGN,N/A,"Cross Border, Majority Purchase",Armeec Insurance JSC sold Armeec AD to Unnamed Buyer. The transaction was completed on 3/19/2018. Financial terms of the transaction are undisclosed.,Completed,M&A,No, ,Friendly,0,Undisclosed,0,80, ,,,, ,,, ,,Russia,,N.A.,Unnamed Buyer,,,,6399,N.A.,Bulgaria,BG,Financials,Armeec Insurance JSC,INS CARRIERS, ,Russia,RU,Insurance,Financials,Insurance,Armeec AD,, , , , , , , , , ,,,,,,,,,
,, ,163019052, ,2018-03-22,75,75,N/A,2019-11-29,,USD,N/A,Minority Purchase,"With no further information, the deal has been withdrawn on 11/29/2019. On 05/29/2019, State Oil Co of the Azerbaijan Republic studying possible purchase of Antipinsky Refinery JSC. On 03/22/2018, Kommersant reported that Nikolay Egorov was planning to sell its stake in Antipinsky Refinery JS...",Withdrawn,INV,No, ,Friendly,0,Undisclosed,0,15,2018-03-22,On the Block,,, ,,, ,,Russia,,N.A.,Potential Buyer,,,, ,N.A.,N.A., ,N.A.,, ,Tyumen,Russia,RU,Oil & Gas,Energy,Oil & Gas Supply Chain,Antipinsky Refinery JSC,, , , , , , , , , ,,,,,,,,,
,, ,163023612, ,2018-03-22,N/A,N/A,N/A,2018-09-24,,USD,N/A,Minority Purchase,Private Investor announced the acquisition of a minority stake in Globaltrans Investment PLC. Financial terms of the transaction are undisclosed.,Withdrawn,INV,No, ,Friendly,0,Cash,0,34.5,2018-03-22,Negotiation,,, ,,, ,,Russia,,N.A.,Private Investor,,,, ,N.A.,N.A., ,N.A.,, ,Abu Dhabi,Russia,AE,Industrial Services,Industrials,Transportation & Logistics,Globaltrans Investment PLC,, , , , , , , , , ,,,,,,,,,
,, ,163115528, ,2018-03-07,20.19,20.19,N/A,2018-03-07,,RUB,20.19,"Option Agreement, Minority Purchase, Additional Stake Purchase",Mobile TeleSystems PJSC acquired a minority stake in Ozon Holdings PLC. The transaction was completed on 3/7/2018.,Completed,INV,No, ,Friendly,0,Stock,11.2,2.5, ,,,,RUB 1150.0 Mln,,Squire Sanders, ,Moscow,Russia,RU,Communications,Mobile TeleSystems PJSC,60388, ,N.A., ,N.A.,N.A., ,N.A.,, ,MOSCOW,Russia,RU,Retail & Whsle - Discretionary,Consumer Discretionary,E-Commerce Discretionary,Ozon Holdings PLC,49889, , , , , , , , , ,,,,,,,,,
,, ,163121324, ,2018-03-23,3.5,3.5,3.5 Mln,2018-03-23,,USD,3.5,"Venture Capital, Private Equity, Minority Purchase, Financing Round",Private Investor acquired a minority stake in mytc.io. The transaction was completed on 3/23/2018.,Completed,INV,No, ,Friendly,0,Cash,0,0, ,,,, ,,, ,,Russia,,N.A.,Private Investor,,,, ,N.A.,N.A., ,N.A.,, ,Vladivostok,Russia,RU,Software & Tech Services,Technology,Software,mytc.io,, , , , , , , , , ,,,,,,,,,
,Freshfields, ,163212871, ,2018-03-16,1564.2,1738,90000.0 Mln,2018-08-01,,RUB,1428.3,"Company Takeover, Cross Border, Majority Purchase","Japan Tobacco Inc announced the acquisition of Donskoy Tabak OAO, Syneteristiki Kapnoviomihania Ellados Sekap SA & Pereslavl-Tabak OAO for RUB 100,000.00M. The transaction was announced on 03/16/2018 and is expected to be completed by 09/30/2018. At the time of announcement, this is Japan Tob...",Completed,M&A,No, ,Friendly,10000,Cash,0,0,2017-11-22,,,, ,JP Morgan,, ,Minato-Ku,Japan,JP,Consumer Staples,Japan Tobacco Inc,52867, ,N.A., ,,N.A., ,N.A.,, ,,Russia,,"Consumer Staple Products, Consumer Staple Products, Consumer Staple Products","Consumer Staples, Consumer Staples, Consumer Staples","Tobacco & Cannabis, Tobacco & Cannabis, Tobacco & Cannabis","Donskoy Tabak OAO,Syneteristiki Kapnoviomihania Ellados Sekap SA,Pereslavl-Tabak OAO",,, , , , , , , , ,,,,,,,,,
,, ,163218853, ,2018-03-26,N/A,N/A,N/A, ,,USD,N/A,"Company Takeover, Cross Border, Additional Stake Purchase",Trammo Inc announced the sale of Granifert LLC to KuibyshevAzot PJSC. The transaction was announced on 3/26/2018 and is currently pending. Financial terms of the transaction are undisclosed.,Pending,M&A,No, ,Friendly,0,Undisclosed,50,50, ,,,, ,,, ,Toliatti,Russia,RU,Materials,KuibyshevAzot PJSC,4477, ,N.A.,4619,N.A.,United States,US,Materials,Trammo Inc,PIPELINES NEC,Tolyatti,Russia,RU,Materials,Materials,Chemicals,Granifert LLC,, , , , , , , , , ,,,,,,,,,
,, ,163244329, ,2018-03-26,250,250,250.0 Mln,2018-09-22,,USD,250,"Cross Border, Minority Purchase","With no further information, the deal has been withdrawn on 09/22/2018.On 03/26/2018, Les Echos reported that Peugeot SA has put its remaining 25% stake in GEFCO SADIR for sale. Peugeot SA expects to receive about USD 250.00M for the 25% stake.",Withdrawn,INV,No, ,Friendly,0,Cash,0,25, ,,,, ,,, ,,British Virgin Islands,,N.A.,Potential Buyer,,,,N.A.,4789,France,FR,Consumer Discretionary,Peugeot SA, ,Courbevoie,Russia,FR,Industrial Services,Industrials,Transportation & Logistics,GEFCO SA,10471,TRANS SVC NEC, , , , , , , , ,,,,,,,,,
,Debevoise & Plim, ,163244893, ,2018-03-26,N/A,N/A,N/A,2018-05-31,,USD,N/A,"Company Takeover, Cross Border","On 04/30/2018, it was announced that SLV will become controlling shareholder of merged company, the trasaction is expected to be completed by mid-May. On 04/09/2018 the FAS gave Megafon PJSC approval for the acquisition of Svyaznoy. On 03/26/2018, Interfax reported that MegaFon PJSC has appli...",Completed,M&A,No, ,Friendly,0,Undisclosed,0,100,2018-03-26,,,, ,,, ,Sankt-peterburg,Russia,RU,Communications,MegaFon PJSC,, ,N.A.,N.A.,5064,Virgin Islands (United States),VI,Unclassifiable,Roulson Holding Ltd, ,Moscow,Russia,RU,Consumer Discretionary Products,Consumer Discretionary,Home & Office Products,Svyaznoy Logistics ZAO,,ELEC APPL/TV, , , , , , , , ,,,,2018-04-09,,,,,
,, ,163476738, ,2018-03-29,N/A,N/A,N/A,2018-03-30,,RUB,N/A,Majority Purchase,"Sberbank of Russia PJSC acquired a majority stake in Dialog LLC. The transaction was completed on 03/30/2018.  On 03/29/2018, Kommersant newspaper reported that Sberbank of Russia PJSC is said to buy 60% in Dialog LLC/Russian Federation, citing people familiar with matter it didn‚Äôt identify...",Completed,M&A,No, ,Friendly,0,Undisclosed,0,0,2018-03-29,On the Block,,, ,,, ,Moscow,Russia,RU,Financials,Sberbank of Russia PJSC,289721,NATL COML BANK,6021, ,N.A.,N.A., ,N.A.,, ,Saint Petersburg,Russia,RU,Software & Tech Services,Technology,Software,Dialog LLC/Russian Federation,, , , , , , , , , ,,,,,,,,,
,, ,163770813, ,2018-04-03,12.49,12.49,720.0 Mln,2018-04-27,,RUB,11.59,Company Takeover,MegaFon PJSC acquired Neosprint LLC for RUB 720.00M. The transaction was announced on 4/3/2018 and completed on 4/27/2018.,Completed,M&A,No, ,Friendly,0,Cash,0,100, ,,,, ,,, ,Sankt-peterburg,Russia,RU,Communications,MegaFon PJSC,, ,N.A., ,N.A.,N.A., ,N.A.,, ,Novosibirsk,Russia,RU,Media,Communications,Publishing & Broadcasting,Neosprint LLC,, , , , , , , , , ,,,,,,,,,
,, ,163799295, ,2018-04-03,N/A,N/A,N/A,2018-04-03,,RUB,N/A,Company Takeover,VK IPJSC acquired 33 Slona OOO. The transaction was completed on 4/3/2018. Financial terms of the transaction are undisclosed.,Completed,M&A,No, ,Friendly,0,Undisclosed,0,100, ,,,, ,,, ,Sankt-peterburg,Russia,RU,Communications,VK IPJSC,,AMUSEMENT SVC,7999, ,N.A.,N.A., ,N.A.,, ,Moscow,Russia,RU,Software & Tech Services,Technology,Software,33 Slona OOO,, , , , , , , , , ,,,,,,,,,
,, ,163863952, ,2018-04-04,N/A,N/A,N/A,2018-04-04,,USD,N/A,"Cross Border, Minority Purchase",VEON Ltd sold a minority stake in Sim Telecom OOO to Unnamed Buyer. The transaction was completed on 4/4/2018. Financial terms of the transaction are undisclosed.,Completed,INV,No, ,Friendly,0,Undisclosed,0,0, ,,,, ,,, ,,Russia,,N.A.,Unnamed Buyer,,,,4812,N.A.,Netherlands,AE,Communications,VEON Ltd,RADIOPHONE COM,Moscow,Russia,RU,Telecommunications,Communications,Telecommunications,Sim Telecom OOO,, , , , , , , , , ,,,,,,,,,
,, ,163927548,2018-11-16,2018-04-05,35,35,35.0 Mln,2018-11-16,,USD,35,Minority Purchase,A consortium led by MegaFon PJSC acquired a minority stake in Citymobil LLC. The transaction was announced on 4/5/2018 and completed on 11/16/2018.,Completed,INV,No, ,Friendly,0,Cash,0,48, ,,,, ,,, ,,Russia,,"Communications, Communications","MegaFon PJSC,VK IPJSC",,,, ,N.A.,N.A., ,N.A.,, ,Moscow,Russia,RU,Media,Communications,Internet Media & Services,Citymobil LLC,, , , , , , , , , ,,,,,,,,,
,, ,164169333, ,2018-04-10,N/A,N/A,N/A,2018-04-10,,RUB,N/A,Company Takeover,MegaFon PJSC acquired Telemir Co Ltd. The transaction was completed on 4/10/2018. Financial terms of the transaction are undisclosed.,Completed,M&A,No, ,Friendly,0,Undisclosed,0,100, ,,,, ,,, ,Sankt-peterburg,Russia,RU,Communications,MegaFon PJSC,, ,N.A., ,N.A.,N.A., ,N.A.,, ,Ulan-Ude,Russia,RU,Media,Communications,Entertainment Content,Telemir Co Ltd,, , , , , , , , , ,,,,,,,,,
,Dentons, ,164308698, ,2018-04-12,N/A,N/A,N/A,2018-04-12,,RUB,N/A,Minority Purchase,"On 04/12/2018, it was reported that VTB Bank PJSC requested approval to acquire a 40% stake in Technoserv A/S, citing the regulator.",Completed,INV,No, ,Friendly,0,Undisclosed,0,40,2018-04-12,,,, ,,, ,Moscow,Russia,RU,Financials,VTB Bank PJSC,, ,N.A., ,7373,N.A., ,N.A.,, ,Moscow,Russia,RU,Software & Tech Services,Technology,IT Services,Technoserv AS,,COMPU SYS DES, , , , , , , , ,,,,,,,,,
,, ,164802379, ,2018-04-23,N/A,N/A,N/A,2018-10-22,,USD,N/A,Company Takeover,"With no further information the deal has been withdrawn on 10/22/2018. On 04/23/2018, it was reported that Gazprom Neft PAO is considering the acquisition of Nefteservis OOO and Resursoil OOO.",Withdrawn,M&A,No, ,Friendly,0,Undisclosed,0,100,2018-04-23,On the Block,,, ,,, ,Moscow,Russia,RU,Energy,Gazprom Neft PJSC,,PETROL REFINNG,2911, ,,N.A., ,N.A.,, ,,Russia,,"Materials, Oil & Gas","Materials, Energy","Steel, Oil & Gas Supply Chain","Resursoil OOO,Nefteservis OOO",,, , , , , , , , ,,,,,,,,,
,, ,164954134, ,2018-04-25,N/A,N/A,N/A,2018-04-25,,RUB,N/A,Majority Purchase,VK IPJSC acquired Bit.Games OOO. The transaction was completed on 4/25/2018. Financial terms of the transaction are undisclosed.,Completed,M&A,No, ,Friendly,0,Cash,0,51, ,,,, ,,, ,Sankt-peterburg,Russia,RU,Communications,VK IPJSC,,AMUSEMENT SVC,7999, ,N.A.,N.A., ,N.A.,, ,Penza,Russia,RU,Media,Communications,Entertainment Content,Bit.Games OOO,, , , , , , , , , ,,,,,,,,,
,Cleary Gottlieb, ,165647348, ,2018-05-04,4426.31,4426.31,3700.0 Mln,2018-09-07,,EUR,4277.57,"Cross Border, Private Equity, Additional Stake Purchase, Minority Purchase",Glencore PLC sold a minority stake in Rosneft Oil Co PJSC to Qatar Investment Authority. The transaction was announced on 5/4/2018 and completed on 9/7/2018.,Completed,INV,No, ,Friendly,0,Cash,9.75,9.18, ,,,Linklaters, ,,, ,Doha,Qatar,QA,Financials,Qatar Investment Authority,, ,N.A.,N.A.,N.A.,Switzerland,CH,Materials,Glencore PLC, ,Moscow,Russia,RU,Oil & Gas,Energy,Oil & Gas Supply Chain,Rosneft Oil Co PJSC,302100, ,0.82,2.49,0.48,0.25,0.82,2.49,0.48,0.25,,,,,,,,,
,, ,167306330, ,2018-05-11,2.3,2.3,142.6 Mln,2018-06-30,,RUB,2.3,"Cross Border, Asset Sale",Yum! Brands Inc announced the sale of 16 Pizza Hut delivery & express restaurants/Russia to AmRest Holdings SE for RUB 142.60M. The transaction was announced on 5/11/2018 and is expected to be completed by 6/30/2018.,Pending,AST,No, ,Friendly,0,Cash,0,100, ,,,, ,,, ,Madrid,Poland,ES,Consumer Discretionary,AmRest Holdings SE,, ,N.A.,5812,,United States,US,Consumer Discretionary,Yum! Brands Inc,EATING PLACE,,Russia,,Consumer Discretionary Services,Consumer Discretionary,Leisure Facilities & Services,16 Pizza Hut delivery & express restaurants/Russia,,, , , , , , , , ,,,,,,,,,
,Skadden Arps, ,168621930, ,2018-05-24,157.26,157.26,12.4/sh.,2019-04-10,,RUB,150.49,"Mandatory Offer, Company Takeover, Squeeze Out, Cross Border, Additional Stake Purchase, Tender Offer, Going Private","On 07/02/0218, the terms of the tender offer were announced at RUB 12.40 per share. A consortium led by Renault SA announced the acquisition of Avtovaz PJSC. The transaction was announced on 05/24/2018 and is currently pending.",Completed,M&A,No, ,Friendly,0,Cash,83.5,16.5, ,,,, ,,, ,,France,,"Consumer Discretionary, Industrials","Renault SA,Rostec State Corp",,,, ,3711,N.A., ,N.A.,, ,Tolyatti,Russia,RU,Consumer Discretionary Products,Consumer Discretionary,Automotive,Avtovaz PJSC,38070,VEHIC/CAR BODY, , ,0.24,0.5, , ,0.24,0.5,,,,,,,,,
,, ,168924410, ,2019-11-14,78.05,78.05,5000.0 Mln, ,,RUB,60.75,"Cross Border, Private Equity, Minority Purchase","On 05/31/2018, RIA Novosti reported that Russian Direct Investments Fund (RDIF), Saudi Aramco and Saudi sovereign wealth fund PIF are considering purchasing a stake in Novomet OOO. Terms of the potential transaction were undisclosed.",Pending,INV,No, ,Friendly,0,Cash,0,30.76,2018-05-31,,,, ,,, ,,Saudi Arabia,,"Energy, Financials, Financials","Saudi Arabian Oil Co,Public Investment Fund,Russian Direct Investment Fund Management Co (Fund: Russia-China Investment Fund)",,,, ,3341,N.A., ,N.A.,, , ,Russia,RU,Materials,Materials,Metals & Mining,Novomet OOO,,SECOND NONFERR, , , , , , , , ,,,,2019-11-14,,,,,
,, ,169554055, ,2019-09-17,N/A,N/A,N/A,2019-10-04,,RUB,N/A,Company Takeover,"On 06/06/2018, Interfax reported that PO Kristall OAO is expected to be acquired by Alrosa PJSC by the end of this year. On 05/04/2018, it was reported that Alrosa PJSC may buy PO Kristall OAO.",Completed,M&A,No, ,Friendly,0,Undisclosed,0,100,2018-05-04,On the Block,,, ,,, ,Mirny,Russia,RU,Materials,Alrosa PJSC,33756, ,N.A., ,3915,N.A., ,N.A.,, ,Smolensk,Russia,RU,Materials,Materials,Metals & Mining,PO Kristall OAO,,JEWELERS MTLS, , , , , , , , ,,,,,,,,,
,, ,169724214, ,2018-09-10,N/A,N/A,N/A, ,,RUB,N/A,"Cross Border, Private Equity, Minority Purchase","On 06/08/2018, it was reported that Russian Direct Investment Fund Management Co and China Investment Corp are planning to buy a stake in Sovcombank PAO.",Pending,INV,No, ,Friendly,0,Cash,0,0,2018-06-08,On the Block,,, ,,, ,,Japan,,"Financials, Financials","SBI Holdings Inc/Japan,Russian Direct Investment Fund Management Co (Fund: Russia-China Investment Fund)",,,, ,6021,N.A., ,N.A.,, ,Kostroma,Russia,RU,Banking,Financials,Banking,Sovcombank PJSC,35115,NATL COML BANK, , , , , , , , ,,,,,,,,,
,, ,169852055, ,2018-03-20,0.43,0.43,25.0 Mln,2018-03-20,,RUB,0.43,"Private Equity, Minority Purchase",Russian Venture Co OJSC acquired a minority stake in AgroDronGrupp OOO. The transaction was completed on 3/20/2018.,Completed,INV,No, ,Friendly,0,Cash,0,0, ,,,, ,,, ,Moscow,Russia,RU,Financials,Russian Venture Co OJSC,,SEC BROKER/DLR,6211, ,N.A.,N.A., ,N.A.,, ,Moscow,Russia,RU,Industrial Products,Industrials,Electrical Equipment,AgroDronGrupp OOO,, , , , , , , , , ,,,,,,,,,
,, ,169921709, ,2018-05-24,N/A,N/A,N/A, ,,USD,N/A,"Cross Border, Private Equity, Minority Purchase",A consortium led by Veolia Environnement SA announced the acquisition of a minority stake in Rosvodokanal Group. The transaction was announced on 5/24/2018 and is currently pending. Financial terms of the transaction are undisclosed.,Pending,INV,No, ,Friendly,0,Cash,0,0, ,,,, ,,, ,,France,,"Utilities, Financials","Veolia Environnement SA,Russian Direct Investment Fund Management Co (Fund: Russia-China Investment Fund)",,,, ,N.A.,N.A., ,N.A.,, ,Moscow,Russia,RU,Utilities,Utilities,Gas & Water Utilities,Rosvodokanal Group,, , , , , , , , , ,,,,,,,,,
,, ,170019512, ,2018-06-12,3.82,3.82,3.815523 Mln,2018-06-12,,USD,3.82,"Company Takeover, Cross Border",Freedom Holding Corp/NV acquired Nettrader OOO for USD 3.82M. The transaction was completed on 6/12/2018.,Completed,M&A,No, ,Friendly,0,Cash,0,100, ,,,, ,,, ,Almaty,Kazakhstan,KZ,Energy,Freedom Holding Corp/NV,11627,CRUDE PETR/NG,1311, ,N.A.,N.A., ,N.A.,, ,Moscow,Russia,RU,Software & Tech Services,Technology,Software,Nettrader OOO,, , , , , , , , , ,,,,,,,,,
,, ,170485804, ,2017-05-31,N/A,N/A,N/A,2017-05-31,,RUB,N/A,"Private Equity, Minority Purchase",AltaIR Capital acquired a minority stake in GK Tehnologii Treidinga OOO. The transaction was completed on 5/31/2017. Financial terms of the transaction are undisclosed.,Completed,INV,No, ,Friendly,0,Cash,0,0, ,,,, ,,, ,Herzliya,Russia,IL,Financials,AltaIR Capital,, ,N.A., ,N.A.,N.A., ,N.A.,, ,Moscow,Russia,RU,Financial Services,Financials,Institutional Financial Svcs,GK Tehnologii Treidinga OOO,, , , , , , , , , ,,,,,,,,,
,, ,170486050, ,2018-01-31,N/A,N/A,N/A,2018-01-31,,RUB,N/A,"Private Equity, Minority Purchase",AltaIR Capital acquired a minority stake in GK Tehnologii Treidinga OOO. The transaction was completed on 1/31/2018. Financial terms of the transaction are undisclosed.,Completed,INV,No, ,Friendly,0,Cash,0,0, ,,,, ,,, ,Herzliya,Russia,IL,Financials,AltaIR Capital,, ,N.A., ,N.A.,N.A., ,N.A.,, ,Moscow,Russia,RU,Financial Services,Financials,Institutional Financial Svcs,GK Tehnologii Treidinga OOO,, , , , , , , , , ,,,,,,,,,
,, ,173112479, ,2018-03-31,8,8,8.0 Mln,2018-03-31,,USD,8,"Private Equity, Minority Purchase",iTech Capital acquired a minority stake in Nacionalnaya Yuridicheskaya Sluzhba OOO. The transaction was completed on 3/31/2018.,Completed,INV,No, ,Friendly,0,Cash,0,25, ,,Oaklins Arietti,, ,,, ,Riga,Russia,RU,Financials,iTech Capital,, ,N.A., ,N.A.,N.A., ,N.A.,, , ,Russia,RU,Industrial Services,Industrials,Commercial Support Services,Nacionalnaya Yuridicheskaya Sluzhba OOO,, , , , , , , , , ,,,,,,,,,
,Cms Legal, ,173271436, ,2018-07-04,N/A,N/A,N/A,2018-09-26,,USD,N/A,"Cross Border, Majority Purchase",Talisman Metals PLC acquired IVIX LLC. The transaction was announced on 7/4/2018 and completed on 9/26/2018. Financial terms of the transaction are undisclosed.,Completed,M&A,No, ,Friendly,0,Undisclosed,0,50.02, ,,,, ,,Dla Piper Llp, ,Dublin 2,Ireland,IE,Materials,Talisman Metals PLC,1, ,N.A., ,N.A.,N.A., ,N.A.,, ,Moscow,Russia,RU,Retail & Wholesale - Staples,Consumer Staples,Retail - Consumer Staples,IVIX LLC,, , , , , , , , , ,2018-09-26,,,,,,,,
,, ,173368309, ,2018-07-05,N/A,N/A,N/A,2018-07-05,,RUB,N/A,Minority Purchase,TKH-Invest OOO acquired a minority stake in RT-Poliuretany OOO. The transaction was completed on 7/5/2018. Financial terms of the transaction are undisclosed.,Completed,INV,No, ,Friendly,0,Undisclosed,0,6.2, ,,,, ,,, ,Moscow,Russia,RU,Financials,TKH-Invest OOO,, ,N.A., ,N.A.,N.A., ,N.A.,, ,Nizhny Novgorod,Russia,RU,Industrial Products,Industrials,Industrial Intermediate Prod,RT-Poliuretany OOO,, , , , , , , , , ,,,,,,,,,
,, ,173504243, ,2018-07-09,N/A,N/A,N/A,2018-07-09,,RUB,N/A,Minority Purchase,Private Investor acquired a minority stake in Tsentr Obrabotki Dannykh OOO. The transaction was completed on 7/9/2018. Financial terms of the transaction are undisclosed.,Completed,INV,No, ,Friendly,0,Cash,0,50, ,,,, ,,, ,,Russia,,N.A.,Private Investor,,,, ,N.A.,N.A., ,N.A.,, ,Petropavlovsk-Kamchatskiy,Russia,RU,Financial Services,Financials,Specialty Finance,Tsentr Obrabotki Dannykh OOO,, , , , , , , , , ,,,,,,,,,
,, ,174185303, ,2018-07-16,N/A,N/A,N/A,2018-07-16,,RUB,N/A,"Cross Border, Minority Purchase",TCS Group Holding PLC acquired a minority stake in Kassir.ru OOO. The transaction was completed on 7/16/2018. Financial terms of the transaction are undisclosed.,Completed,INV,No, ,Friendly,0,Undisclosed,0,0, ,,,, ,,, ,Vladivostok,Russia,RU,Financials,TCS Group Holding PLC,64857, ,N.A., ,N.A.,N.A., ,N.A.,, ,Moscow,Russia,RU,Consumer Discretionary Services,Consumer Discretionary,Leisure Facilities & Services,Kassir.ru OOO,, , , , , , , , , ,,,,,,,,,
,, ,174473360, ,2018-07-20,N/A,N/A,N/A,2018-07-20,,RUB,N/A,Company Takeover,Elko Group OOO acquired TD Absolyut OOO. The transaction was completed on 7/20/2018. Financial terms of the transaction are undisclosed.,Completed,M&A,No, ,Friendly,0,Cash,0,100, ,,,, ,,, ,N.A,Russia,RU,Consumer Discretionary,Elko Group OOO,,ELEC APPL/TV,5064, ,5064,N.A., ,N.A.,, ,N.A,Russia,RU,Retail & Whsle - Discretionary,Consumer Discretionary,Wholesale - Discretionary,TD Absolyut OOO,,ELEC APPL/TV, , , , , , , , ,,,,,,,,,
,, ,175168516, ,2018-08-01,N/A,N/A,N/A,2019-01-28,,RUB,N/A,"Cross Border, Additional Stake Purchase","With no further information on this proposal, the transaction has been withdrawn. On 08/01/2018, Kommersant reported that Goldman Sachs Group Inc acquired 22% of Malltech, citing unnamed people. Financial terms of the transaction were unknown.",Withdrawn,INV,No, ,Friendly,0,Undisclosed,28,22,2018-08-01,,,, ,,, ,New York,United States,US,Financials,Goldman Sachs Group Inc/The,46200,SEC BROKER/DLR,6211, ,8732,N.A., ,N.A.,, ,Moscow,Russia,RU,Health Care,Health Care,Health Care Facilities & Svcs,Molltek OOO,,NONPHYS RSRCH, , , , , , , , ,,,,,,,,,
,, ,175411112, ,2018-08-03,1.5,1.5,95.0 Mln,2018-08-03,,RUB,1.5,Additional Stake Purchase,Rostelecom PJSC acquired Programmiruyemyye Seti OOO for RUB 95.00M. The transaction was completed on 8/3/2018.,Completed,INV,No, ,Friendly,0,Cash,20.299999,5.78, ,,,, ,,, ,Moscow,Russia,RU,Communications,Rostelecom PJSC,,PHONE NO  RADI,4813, ,N.A.,N.A., ,N.A.,, ,MOSCOW,Russia,RU,Software & Tech Services,Technology,IT Services,Programmiruyemyye Seti OOO,, , , , , , , , , ,,,,,,,,,
,, ,175692151, ,2018-08-09,N/A,N/A,N/A,2018-08-09,,USD,N/A,"Cross Border, Minority Purchase",United Capital Partners Inc sold a minority stake in Stroigazkonsalting OOO to Unnamed Buyer. The transaction was completed on 8/9/2018. Financial terms of the transaction are undisclosed.,Completed,INV,No, ,Friendly,0,Undisclosed,0,50, ,,,, ,,, ,,Russia,,N.A.,Unnamed Buyer,,,,6799,1542,United States,US,Financials,United Capital Partners Inc,MISC INVSTRS,Moscow,Russia,RU,Industrial Services,Industrials,Engineering & Construction,Stroigazkonsalting OOO,,NONRES BLDGS, , , , , , , , ,,,,,,,,,
,Freshfields, ,175855446, ,2018-06-29,N/A,N/A,N/A, ,,RUB,N/A,"Company Takeover, Cross Border",CID LINES NV announced the acquisition of Mera-Tech OOO. The transaction was announced on 6/29/2018 and is currently pending. Financial terms of the transaction are undisclosed.,Pending,M&A,No, ,Friendly,0,Undisclosed,0,100, ,,,, ,,, ,Leper,Netherlands,BE,Materials,CID LINES NV,171,DRUGS/SUNDRIES,5122, ,N.A.,N.A., ,N.A.,, ,Nizhny Novgorod,Russia,RU,Materials,Materials,Chemicals,Mera-Tech OOO,, , , , , , , , , ,,,,,,,,,
,, ,176203044, ,2018-08-21,N/A,N/A,N/A,2019-02-17,,USD,N/A,"Convertible, Majority Purchase, Additional Stake Purchase","With no further information on this proposal, the transaction has been withdrawn. On 08/21/2018, it was reported that Assicurazioni Generali may have bought 16% in Ingosstrakh Insurance Co from Pavel Ezubov, according to people familiar with the matter.",Withdrawn,M&A,No, ,Friendly,-60.82785,Undisclosed,38,16,2018-08-21,Negotiation,,, ,,, ,Trieste,Italy,IT,Financials,Generali,88255, ,N.A., ,6321,N.A., ,N.A.,, ,Moscow,Russia,RU,Insurance,Financials,Insurance,Ingosstrakh Insurance Co,12750,ACC/HEALTH INS, , , , , , , , ,,,,,,,,,
,Baker McKenzie, ,176225862, ,2018-07-31,11.23,11.23,700.0 Mln,2018-07-31,,RUB,11.23,Majority Purchase,Severgroup CJSC acquired Vaan LLC for a deal with value in the range of RUB 500.00M-700.00M. The transaction was completed on  07/31/2018.,Completed,M&A,No, ,Friendly,0,Cash,0,97.5, ,,,, ,,, ,Cherepovets,Russia,RU,Financials,Severgroup CJSC,, ,N.A., ,N.A.,N.A., ,N.A.,, ,Moscow,Russia,RU,Software & Tech Services,Technology,Software,Vaan LLC,, , , , , , , , , ,,,,,,,,,
,, ,176577876, ,2018-08-27,N/A,N/A,N/A,2018-08-27,,RUB,N/A,"Minority Purchase, Additional Stake Purchase",Natsionalnaya Media Gruppa ZAO acquired a minority stake in Sport-Express JSC. The transaction was completed on 8/27/2018. Financial terms of the transaction are undisclosed.,Completed,INV,No, ,Friendly,0,Undisclosed,25,4, ,,,, ,,, , ,Russia,RU,Financials,Natsionalnaya Media Gruppa ZAO,,LOAN BROKERS,6163, ,N.A.,N.A., ,N.A.,, ,Moscow,Russia,RU,Media,Communications,Publishing & Broadcasting,Sport-Express JSC,, , , , , , , , , ,,,,,,,,,
,, ,176811217, ,2018-08-30,N/A,N/A,N/A,2018-08-30,,RUB,N/A,Company Takeover,Moscow City Telephone Network PJSC acquired Progtekh OOO. The transaction was completed on 8/30/2018. Financial terms of the transaction are undisclosed.,Completed,M&A,No, ,Friendly,0,Undisclosed,0,99, ,,,, ,,, ,Moscow,Russia,RU,Communications,Moscow City Telephone Network PJSC,, ,N.A., ,N.A.,N.A., ,N.A.,, ,Ivanovo,Russia,RU,Software & Tech Services,Technology,Software,Progtekh OOO,, , , , , , , , , ,,,,,,,,,
,, ,177725973, ,2018-09-14,130.65,130.65,8900.0 Mln,2018-09-14,,RUB,130.65,Company Takeover,Mobile TeleSystems PJSC acquired Avantazh LLC for RUB 8900.00M. The transaction was completed on 9/14/2018.,Completed,M&A,No, ,Friendly,0,Cash,0,100, ,,,, ,,, ,Moscow,Russia,RU,Communications,Mobile TeleSystems PJSC,60388, ,N.A., ,N.A.,N.A., ,N.A.,, , ,Russia,RU,Tech Hardware & Semiconductors,Technology,Technology Hardware,Avantazh LLC,, , , , , , , , , ,,,,,,,,,
,, ,177791165, ,2018-09-14,15,15,15.0 Mln,2018-09-14,,USD,15,"Venture Capital, Cross Border, Private Equity, Minority Purchase, Additional Stake Purchase, Financing Round",SBI Investment Co Ltd acquired a minority stake in Microcredit LLC Simplefinance. The transaction was completed on 9/14/2018.,Completed,INV,No, ,Friendly,0,Cash,0,0, ,,,, ,,, ,Tokyo,Japan,JP,Financials,SBI Investment Co Ltd,,INVEST OFF NEC,6726, ,N.A.,N.A., ,N.A.,, ,Moscow,Russia,RU,Financial Services,Financials,Specialty Finance,Microcredit LLC Simplefinance,, , , , , , , , , ,,,,,,,,,
,, ,177945530, ,2018-09-19,17,17,17.0 Mln,2018-09-19,,USD,17,"Venture Capital, Private Equity, Minority Purchase, Additional Stake Purchase, Financing Round",A consortium led by Private Investor acquired a minority stake in YouDo OOO. The transaction was completed on 9/19/2018.,Completed,INV,No, ,Friendly,0,Cash,0,0, ,,,, ,,, ,,Russia,,"Financials, Financials, Financials, Financials","Private Investor,MTS-Bank PAO,Flint Capital LLC (Fund: Flint Capital Fund),United Capital Partners Advisory OOO (Fund: United Capital Partners Private Equity Fund II LP),Sistema Venchur Kepital AO",,,, ,N.A.,N.A., ,N.A.,, ,Moscow,Russia,RU,Software & Tech Services,Technology,Software,YouDo OOO,, , , , , , , , , ,,,,,,,,,
,, ,178096018, ,2018-09-21,N/A,N/A,N/A,2018-09-21,,KZT,N/A,"Company Takeover, Cross Border",Kazakhstan Temir Zholy National Co JSC sold Transmashholding ZAO to Breakers Investments BV/The. The transaction was completed on 9/21/2018. Financial terms of the transaction are undisclosed.,Completed,M&A,No, ,Friendly,0,Undisclosed,0,99, ,,,, ,,, ,Amsterdam,Netherlands,NL,Financials,Breakers Investments BV/The,,MISC INVSTRS,6799,4011,N.A.,Kazakhstan,KZ,Industrials,Kazakhstan Temir Zholy National Co JSC,RAILROAD OPER,Moscow,Russia,RU,Industrial Products,Industrials,Transportation Equipment,Transmashholding ZAO,, , , , , , , , , ,,,,,,,,,
Imap In Sucursal,, ,178201871, ,2018-09-24,1,1,1.0 Mln,2018-09-24,,USD,1,"Venture Capital, Cross Border, Private Equity, Minority Purchase, Financing Round",A consortium led by Funcubator Ltd acquired a minority stake in Fibrum Ltd. The transaction was completed on 9/24/2018.,Completed,INV,No, ,Friendly,0,Cash,0,0, ,,,, ,,, ,,Cyprus,,"Financials, Financials","Funcubator Ltd,NP Capital/Moscow",,,, ,N.A.,N.A., ,N.A.,, ,Moscow,Russia,RU,Software & Tech Services,Technology,Software,Fibrum Ltd,, , , , , , , , , ,,,,,,,,,
,, ,178268395, ,2018-09-25,N/A,N/A,N/A,2018-12-31,,RUB,N/A,"Company Takeover, Cross Border",Dentsu Group Inc acquired Aaron Lloyd Communication Group. The transaction was announced on 9/25/2018 and completed on 12/31/2018. Financial terms of the transaction are undisclosed.,Completed,M&A,No, ,Friendly,0,Undisclosed,0,100, ,,,, ,,, , ,Japan,JP,Communications,Dentsu Group Inc,67445, ,N.A., ,N.A.,N.A., ,N.A.,, ,Moscow,Russia,RU,Media,Communications,Advertising & Marketing,Aaron Lloyd Communication Group,, , , , , , , , , ,,,,,,,,,
,, ,178273561, ,2018-09-25,N/A,N/A,N/A,2018-09-25,,RUB,N/A,Company Takeover,Ros Agro PLC acquired Vozrozhdenie OOO. The transaction was completed on 9/25/2018. Financial terms of the transaction are undisclosed.,Completed,M&A,No, ,Friendly,0,Undisclosed,0,100, ,,,, ,,, ,Tambov,Russia,RU,Consumer Staples,Ros Agro PLC,29781, ,N.A., ,5999,N.A., ,N.A.,, , ,Russia,RU,Retail & Whsle - Discretionary,Consumer Discretionary,Retail - Discretionary,Vozrozhdenie OOO,,MISC RTAIL NEC, , , , , , , , ,,,,,,,,,
,, ,178508116, ,2018-09-28,6.79,6.79,N/A,2018-09-28,,RUB,6.79,"Company Takeover, Cross Border, Additional Stake Purchase",Solidcore Resources PLC acquired Saum Mining Co LLC for RUB 444.47M. The transaction was completed on 9/28/2018.,Completed,M&A,No, ,Friendly,0,Stock,80,20, ,,,,0.834055 Mln Sh,,, ,G.astana,Russia,KZ,Materials,Solidcore Resources PLC,3884, ,N.A., ,N.A.,N.A., ,N.A.,, ,Ivdel,Russia,RU,Materials,Materials,Metals & Mining,Saum Mining Co LLC,, , , , , , , , , ,,,,,,,,,
,, ,178549636, ,2017-09-19,N/A,N/A,N/A,2018-03-31,,SEK,N/A,"Cross Border, Asset Sale","With no further information, the deal has been withdrawn on 03/31/2018. On 09/19/2017, Vedomosti newspaper reported that Nordea Bank AB is in discussion with Sovco Capital Partners Holding BV and Locko-Bank AO to sell its Russian business for an undisclosed consideration, according to people ...",Withdrawn,AST,No, ,Friendly,0,Cash,0,100,2017-09-19,,,, ,,, ,,Russia,,"Financials, Financials","Locko-Bank AO,Sovco Capital Partners Holding BV",,,,N.A.,,Sweden,FI,Financials,Nordea Bank Abp, ,,Russia,,Financial Services,Financials,Specialty Finance,Russian business/Nordea Bank AB,,, , , , , , , , ,,,,,,,,,
,, ,178780777, ,2018-10-01,N/A,N/A,N/A,2019-01-02,,RUB,N/A,Majority Purchase,"On 10/01/2018, it was reported that Cherkizovo Group PJSC proposed to acquire 75% of Samson Foods Group. Financial terms of the transaction are unknown.",Completed,M&A,No, ,Friendly,0,Undisclosed,0,75,2018-10-01,On the Block,,, ,Goetzpartners,, ,Moscow,Russia,RU,Consumer Staples,Cherkizovo Group PJSC,842, ,N.A., ,N.A.,N.A., ,N.A.,, , ,Russia,RU,Consumer Staple Products,Consumer Staples,Food,Samson Foods Group,, , , , , , , , , ,,,,2019-01-02,,,,,
,, ,178826605, ,2018-10-02,N/A,N/A,N/A,2018-10-02,,RUB,N/A,"Company Takeover, Additional Stake Purchase",Nebius Group NV acquired obshchestvo s ogranichennoi otvetstvennostiu. The transaction was completed on 10/2/2018. Financial terms of the transaction are undisclosed.,Completed,M&A,No, ,Friendly,0,Undisclosed,10,90, ,,,, ,,, ,Schiphol,Russia,NL,Communications,Nebius Group NV,1543,COMPUT PROG,7370, ,N.A.,N.A., ,N.A.,, , ,Russia,RU,Media,Communications,Internet Media & Services,obshchestvo s ogranichennoi otvetstvennostiu,, , , , , , , , , ,,,,,,,,,
,Linklaters, ,178948875, ,2018-10-04,N/A,N/A,N/A,2019-02-01,,RUB,N/A,"Company Takeover, Cross Border",Barry Callebaut AG acquired Inforum-Prom ZAO. The transaction was announced on 10/4/2018 and completed on 2/1/2019. Financial terms of the transaction are undisclosed.,Completed,M&A,No, ,Friendly,0,Undisclosed,0,100, ,,,, ,,, ,Zuerich,Switzerland,CH,Consumer Staples,Barry Callebaut AG,13100, ,N.A., ,2066,N.A., ,N.A.,, , ,Russia,RU,Consumer Staple Products,Consumer Staples,Food,Inforum-Prom ZAO,,CHOC/COCOA, , , , , , , , ,,,,2019-01-23,,,,,
,, ,179004556, ,2018-11-30,N/A,N/A,N/A,2018-11-30,,RUB,N/A,Minority Purchase,"On 10/05/18, it was reported that Ros Agro PLC is acquiring a minority purchase in Solnechnye Produkty OOO.",Completed,INV,No, ,Friendly,0,Undisclosed,0,0,2018-10-05,,,, ,,, ,Tambov,Russia,RU,Consumer Staples,Ros Agro PLC,29781, ,N.A., ,5153,N.A., ,N.A.,, ,Moscow,Russia,RU,Consumer Staple Products,Consumer Staples,Food,Solnechnye Produkty OOO,,GRAIN/BEANS, , , , , , , , ,,,,,,,,,
,, ,179016364, ,2018-10-05,N/A,N/A,N/A,2019-04-05,,RUB,N/A,Majority Purchase,Gazprom PJSC announced the acquisition of T Plus PJSC. Financial terms of the transaction are undisclosed.,Withdrawn,M&A,No, ,Friendly,0,Undisclosed,0,0,2018-10-05,,,, ,,, ,St. Petersburg,Russia,RU,Energy,Gazprom PJSC,468, ,N.A., ,N.A.,N.A., ,N.A.,, ,Samara,Russia,RU,Utilities,Utilities,Electric Utilities,T Plus PJSC,, , , , , , , , , ,,,,,,,,,
,, ,179226536, ,2018-10-10,N/A,N/A,N/A,2019-01-09,,RUB,N/A,"Private Equity, Majority Purchase",VTB Capital Asset Management JSC acquired SarovBiznesbank PAO. The transaction was announced on 10/10/2018 and completed on 1/9/2019. Financial terms of the transaction are undisclosed.,Completed,M&A,No, ,Friendly,0,Undisclosed,0,81, ,,,, ,,, ,Moscow,Russia,RU,Financials,VTB Capital Asset Management JSC,,MISC INVSTRS,6799, ,N.A.,N.A., ,N.A.,, , ,Russia,RU,Financial Services,Financials,Specialty Finance,SarovBiznesbank PAO,, , , , , , , , , ,,,,,,,,,
,, ,179291589, ,2018-10-11,N/A,N/A,N/A,2018-10-11,,RUB,N/A,Minority Purchase,Private Investor acquired a minority stake in Internet Resheniya OOO. The transaction was completed on 10/11/2018. Financial terms of the transaction are undisclosed.,Completed,INV,No, ,Friendly,0,Undisclosed,0,0, ,,,, ,,, ,,Russia,,N.A.,Private Investor,,,, ,N.A.,N.A., ,N.A.,, ,MOSCOW,Russia,RU,Media,Communications,Internet Media & Services,Internet Resheniya OOO,, , , , , , , , , ,,,,,,,,,
,Dla Piper Llp, ,179612118, ,2018-10-18,N/A,N/A,N/A,2018-10-18,,RUB,N/A,Majority Purchase,Nebius Group NV acquired Partiya Edi OOO. The transaction was completed on 10/18/2018. Financial terms of the transaction are undisclosed.,Completed,M&A,No, ,Friendly,0,Undisclosed,0,83, ,,,, ,,, ,Schiphol,Russia,NL,Communications,Nebius Group NV,1543,COMPUT PROG,7370, ,N.A.,N.A., ,N.A.,, ,Saint Petersburg,Russia,RU,Industrial Services,Industrials,Commercial Support Services,Partiya Edi OOO,, , , , , , , , , ,,,,,,,,,
,, ,179696177, ,2018-10-18,N/A,N/A,N/A,2019-04-16,,RUB,N/A,"PE Buyout, Company Takeover, Private Equity","With no further information, transaction has been withdrawn. On 10/18/2018, it was reported that Sistema PJSFC was considering the acquisition of 100% stake in Obolensky JSC together with the Russian Direct Investment Fund Management Co for an undisclosed consideration.",Withdrawn,M&A,No, ,Friendly,0,Cash,0,100,2018-10-18,Negotiation,Rothschild & Co,, ,,, ,,Russia,,"Communications, Financials","Sistema PJSFC,Russian Direct Investment Fund Management Co",,,, ,2032,N.A., ,N.A.,, ,Kryokshino,Russia,RU,Consumer Staple Products,Consumer Staples,Food,Orelprodukt AO,,CANNED SPECLTY, , , , , , , , ,,,,,,,,,
,Herbert Smith Fr, ,179775734, ,2018-10-22,N/A,N/A,N/A,2018-10-22,,RUB,N/A,"Cross Border, Management Buyout, Majority Purchase","On 10/22/2018, USM Holdings hands control of Mail.Ru Group Ltd to the Internet company's senior executives, a statement from Mail.Ru Group Ltd indicates.",Completed,M&A,No, ,Friendly,0,Cash,0,0, ,,,, ,,, ,,Russia,,N.A.,Management Group,,,,N.A.,7999,British Virgin Islands,VG,Industrials,USM Holdings Ltd, ,Sankt-peterburg,Russia,RU,Media,Communications,Internet Media & Services,VK IPJSC,,AMUSEMENT SVC, , , , , , , , ,,,,,,,,,
,, ,179776658, ,2018-10-19,N/A,N/A,N/A,2018-10-19,,RUB,N/A,Minority Purchase,Private Investor acquired a minority stake in Unicorn OOO. The transaction was completed on 10/19/2018. Financial terms of the transaction are undisclosed.,Completed,INV,No, ,Friendly,0,Cash,0,50, ,,,, ,,, ,,Russia,,N.A.,Private Investor,,,, ,N.A.,N.A., ,N.A.,, ,Saint Petersburg,Russia,RU,Software & Tech Services,Technology,Software,Unicorn OOO,, , , , , , , , , ,,,,,,,,,
,, ,179783756, ,2018-10-22,8,8,8.0 Mln,2018-10-22,,USD,8,"Venture Capital, Cross Border, Private Equity, Minority Purchase, Additional Stake Purchase, Series A / 1",A consortium led by Partech International Inc acquired a minority stake in Wallarm Inc USA. The transaction was completed on 10/22/2018.,Completed,INV,No, ,Friendly,0,Cash,0,0, ,,,, ,,, ,,United States,,"Financials, Financials, Financials, Financials","Partech International Inc (Fund: Partech Entrepreneur II),Gagarin Capital Partners,Y Combinator Inc (Fund: Y Combinator Continuity Fund II),Toba Capital LLC (Fund: Toba Capital Fund II LLC)",,,, ,N.A.,N.A., ,N.A.,, ,San Francisco,Russia,US,Software & Tech Services,Technology,Software,Wallarm Inc USA,, , , , , , , , , ,,,,,,,,,
,Herbert Smith Fr, ,180617061, ,2018-11-02,25.93,25.93,481.68/sh.,2021-06-11,,RUB,23.75,"Company Takeover, Squeeze Out, Additional Stake Purchase, Tender Offer",VTB Bank PJSC acquired Bank Vozrozhdenie PJSC for RUB 1715.89M. The transaction was announced on 11/2/2018 and completed on 6/11/2021.,Completed,M&A,No, ,Friendly,0,Cash,85,15, ,,,, ,,, ,Moscow,Russia,RU,Financials,VTB Bank PJSC,, ,N.A., ,6029,N.A., ,N.A.,, ,Moscow,Russia,RU,Banking,Financials,Banking,Bank Vozrozhdenie PJSC,,COML BANK NEC,0.75, ,0.38,0.05,0.75, ,0.38,0.05,,,,,,,,,
,, ,180720421, ,2016-08-09,0.62,0.62,40.0 Mln,2016-08-09,,RUB,0.62,"Private Equity, Minority Purchase",Da Vinci Capital OOO acquired a minority stake in Softline Ltd. The transaction was completed on 8/9/2016.,Completed,INV,No, ,Friendly,0,Cash,0,0, ,,,, ,,, ,Moscow,Russia,RU,Financials,Da Vinci Capital OOO,, ,N.A., ,7372,N.A., ,N.A.,, ,Moscow,Russia,RU,Software & Tech Services,Technology,IT Services,Softline Ltd,,PREPAKG SOFTW, , , , , , , , ,,,,,,,,,
VTB Capital,, ,180824980, ,2018-11-06,N/A,N/A,N/A,2019-01-31,,USD,N/A,Majority Purchase,VTB Bank PJSC acquired Zapsibcombank PAO. The transaction was announced on 11/6/2018 and completed on 1/31/2019. Financial terms of the transaction are undisclosed.,Completed,M&A,No, ,Friendly,0,Undisclosed,0,71.800003, ,,,Cms Legal, ,,, ,Moscow,Russia,RU,Financials,VTB Bank PJSC,, ,N.A., ,N.A.,N.A., ,N.A.,, ,Tyumen,Russia,RU,Banking,Financials,Banking,Zapsibcombank PAO,1138, , , , , , , , , ,,,,,,,,,
,, ,181011788, ,2018-11-08,230,230,230.0 Mln,2019-03-31,,USD,230,Minority Purchase,"On 03/31/2019, Sistema PJSFC reported that it has completed the transaction. On 02/19/2019 Vedomosti reported that AFK Sistema might purchase 25% in Etalon Group PLC from the Zarenkov family. On 02/08/2019, Kommersant reported that Sistema may acquire most of Viacheslav Zarenkov‚Äôs stake in ...",Completed,INV,No, ,Friendly,0,Cash,0,25,2018-11-08,,,, ,,, ,Moscow,Russia,RU,Communications,Sistema PJSFC,,PHONE NO  RADI,4813, ,N.A.,N.A., ,N.A.,, ,Novosibirsk,Russia,RU,Real Estate,Real Estate,Real Estate Owners & Developers,Etalon Group PLC,7123, ,0.98,6.13,0.87,0.46,0.98,6.13,0.87,0.46,,,,,,,,,
,, ,181234324, ,2018-11-13,N/A,N/A,N/A,2019-05-13,,RUB,N/A,Company Takeover,"With no further information, the deal has been withdrawn on 05/13/2019. On 11/13/2018, it was reported that Ros Agro PLC is planning to buy Alev JSC in 2019.",Withdrawn,M&A,No, ,Friendly,0,Undisclosed,0,100,2018-11-13,Negotiation,,, ,,, ,Tambov,Russia,RU,Consumer Staples,Ros Agro PLC,29781, ,N.A., ,N.A.,N.A., ,N.A.,, , ,Russia,RU,Consumer Staple Products,Consumer Staples,Food,Alev JSC,, , , , , , , , , ,,,,,,,,,
,, ,181592686, ,2015-03-13,8,8,8.0 Mln,2015-03-13,,USD,8,"Cross Border, Private Equity, Minority Purchase",Goldman Sachs Group Inc/The acquired a minority stake in OneTwoTrip/Russia. The transaction was completed on 3/13/2015.,Completed,INV,No, ,Friendly,0,Cash,0,0, ,,,, ,,, ,New York,United States,US,Financials,Goldman Sachs Group Inc/The,46200,SEC BROKER/DLR,6211, ,N.A.,N.A., ,N.A.,, , ,Russia,RU,Industrial Services,Industrials,Transportation & Logistics,OneTwoTrip/Russia,, , , , , , , , , ,,,,,,,,,
,, ,181749981, ,2018-11-22,N/A,N/A,N/A,2018-11-22,,GBP,N/A,"Cross Border, Minority Purchase",European Bank for Reconstruction & Development sold a minority stake in SDM-BANK JSC to Expobank LLC. The transaction was completed on 11/22/2018. Financial terms of the transaction are undisclosed.,Completed,INV,No, ,Friendly,0,Cash,0,15, ,,,, ,,, ,Moscow,Russia,RU,Financials,Expobank LLC,1578, ,N.A.,N.A.,N.A.,Supra-National,GB,Government,European Bank for Reconstruction & Development, ,Moscow,Russia,RU,Banking,Financials,Banking,SDM-BANK JSC,, , , , , , , , , ,,,,,,,,,
,, ,181996050, ,2018-11-27,N/A,N/A,N/A,2018-11-27,,RUB,N/A,Company Takeover,Sistema PJSFC acquired RostZernoTrans Ltd. The transaction was completed on 11/27/2018. Financial terms of the transaction are undisclosed.,Completed,M&A,No, ,Friendly,0,Undisclosed,0,100, ,,,, ,,, ,Moscow,Russia,RU,Communications,Sistema PJSFC,,PHONE NO  RADI,4813, ,N.A.,N.A., ,N.A.,, ,Rostov On Don,Russia,RU,Consumer Staple Products,Consumer Staples,Food,RostZernoTrans Ltd,, , , , , , , , , ,,,,,,,,,
,, ,182005470, ,2018-11-28,N/A,N/A,N/A,2019-05-28,,USD,N/A,"Cross Border, Private Equity, Minority Purchase",A consortium led by Russian Direct Investment Fund Management Co announced the acquisition of a minority stake in Eurasia Drilling Co Ltd. Financial terms of the transaction are undisclosed.,Withdrawn,INV,No, ,Friendly,0,Cash,0,30,2018-11-28,,,, ,,, ,,Russia,,"Financials, Financials","Russian Direct Investment Fund Management Co,Mubadala Investment Co PJSC",,,, ,N.A.,N.A., ,N.A.,, ,Nicosia,Russia,CY,Oil & Gas,Energy,Oil & Gas Services & Equip,Eurasia Drilling Co Ltd,17765, , , , , , , , , ,,,,,,,,,
,, ,182014296, ,2018-11-28,N/A,N/A,N/A,2018-11-28,,AUD,N/A,"Cross Border, Private Equity, Minority Purchase, Additional Stake Purchase",Macquarie Group Ltd sold a minority stake in Russian Towers OOO to UFG Asset Management. The transaction was completed on 11/28/2018. Financial terms of the transaction are undisclosed.,Completed,INV,No, ,Friendly,0,Cash,0,0, ,,,, ,,, ,Moscow,Russia,RU,Financials,UFG Asset Management,, ,N.A.,6211,N.A.,Australia,AU,Financials,Macquarie Group Ltd,SEC BROKER/DLR,Moscow,Russia,RU,Tech Hardware & Semiconductors,Technology,Technology Hardware,Russian Towers OOO,, , , , , , , , , ,,,,,,,,,
,, ,182468284, ,2018-12-04,2000,2000,2000.0 Mln,2019-06-30,,USD,2000,"Cross Border, Asset Sale","On 02/12/2019, Trend reported that Exxon Mobil Corp and Chevron Corp are seeing price to sell out the Azeri Chirag Gunashli project. On 12/04/2018, Daily Mail was reported that Exxon Mobil Corp was seeking to sell its stake of 6.8% in Azeri Chirag Gunashli project and was hoping to raise up t...",Withdrawn,AST,No, ,Friendly,0,Cash,0,6.8,2018-12-04,On the Block,,, ,,, ,,Unknown,,N.A.,Potential Buyer,,,,2911,,United States,US,Energy,Exxon Mobil Corp,PETROL REFINNG,,Russia,,N.A.,N.A.,N.A.,Azeri Chirag Gunashli project,,, , , , , , , , ,,,,,,,,,
,, ,182540634, ,2018-12-05,42.08,42.08,2800.0 Mln,2018-12-19,,RUB,42.08,"Cross Border, Asset Sale, Private Equity, Infrastructure/Real Assets, PE Exit, PE Seller",Amstar Group LLC sold Warehouse building/Nizhny Novgorod to Raven Property Group Ltd for RUB 2800.00M. The transaction was announced on 12/5/2018 and completed on 12/19/2018.,Completed,AST,No, ,Friendly,0,Cash,0,100, ,,,, ,,, ,St. Peter Port,Guernsey,GG,Real Estate,Raven Property Group Ltd,183, ,N.A.,6799,,United States,US,Financials,Amstar Group LLC,MISC INVSTRS,,Russia,,Real Estate,Real Estate,Real Estate Owners & Developers,Warehouse building/Nizhny Novgorod,,, , , , , , , , ,,,,,,,,,
,Herbert Smith Fr, ,182635112, ,2018-09-14,4.1,4.1,4.1 Mln,2018-09-14,,USD,4.1,"Cross Border, Private Equity, Minority Purchase",A consortium led by Mitsubishi Corp acquired a minority stake in Avtosspot OOO. The transaction was completed on 9/14/2018.,Completed,INV,No, ,Friendly,0,Cash,0,21, ,,,, ,,, ,,Japan,,"Consumer Staples, Communications","Mitsubishi Corp,VK IPJSC",,,, ,N.A.,N.A., ,N.A.,, ,Moscow,Russia,RU,Media,Communications,Internet Media & Services,Avtosspot OOO,, , , , , , , , , ,,,,,,,,,
,, ,182782417, ,2018-12-07,0,0,0.05 Mln,2019-01-07,,RUB,0,"Company Takeover, Cross Border",Uflex Ltd announced the acquisition of Flex Chemicals Pvt Ltd for RUB 0.05M. The transaction was announced on 12/7/2018 and is expected to be completed by 1/7/2019.,Pending,M&A,No, ,Friendly,0,Cash,0,100, ,,,, ,,, ,Ajayabpur,India,IN,Materials,Uflex Ltd,8050, ,N.A., ,N.A.,N.A., ,N.A.,, , ,Russia,RU,Materials,Materials,Chemicals,Flex Chemicals Pvt Ltd,, , , , , , , , , ,,,,,,,,,
,, ,182979120, ,2018-12-12,N/A,N/A,N/A,2018-12-12,,RUB,N/A,Minority Purchase,Gazprom Neft PJSC acquired a minority stake in KHL LLC. The transaction was completed on 12/12/2018. Financial terms of the transaction are undisclosed.,Completed,INV,No, ,Friendly,0,Undisclosed,0,11.76, ,,,, ,,, ,Moscow,Russia,RU,Energy,Gazprom Neft PJSC,,PETROL REFINNG,2911, ,N.A.,N.A., ,N.A.,, , ,Russia,RU,Consumer Discretionary Services,Consumer Discretionary,Consumer Services,KHL LLC,, , , , , , , , , ,,,,,,,,,
,, ,183124833, ,2018-12-14,N/A,N/A,N/A,2018-12-14,,RUB,N/A,"Private Equity, Additional Stake Purchase, Minority Purchase",Sistema Venchur Kepital AO acquired a minority stake in Internet Resheniya OOO. The transaction was completed on 12/14/2018. Financial terms of the transaction are undisclosed.,Completed,INV,No, ,Friendly,0,Cash,10.8,7, ,,,, ,,, ,Moscow,Russia,RU,Financials,Sistema Venchur Kepital AO,, ,N.A., ,N.A.,N.A., ,N.A.,, ,MOSCOW,Russia,RU,Media,Communications,Internet Media & Services,Internet Resheniya OOO,, , , , , , , , , ,,,,,,,,,
,White & Case LLP, ,183400744, ,2018-03-01,59.47,59.47,3377.0 Mln,2018-12-31,,RUB,48.7,"Cross Border, Majority Purchase",Rostelecom PJSC acquired Votron LLC & Open Mobile Platform LLC for RUB 3377.00M. The transaction was announced on 3/1/2018 and completed on 12/31/2018.,Completed,M&A,No, ,Friendly,0,Cash,0,75, ,,,, ,,, ,Moscow,Russia,RU,Communications,Rostelecom PJSC,,PHONE NO  RADI,4813, ,,N.A., ,N.A.,, ,,United States,,"Financial Services, Software & Tech Services","Financials, Technology","Asset Management, Software","Votron LLC,Open Mobile Platform LLC",,, , , , , , , , ,,,,,,,,,
,, ,183521226, ,2018-12-19,N/A,N/A,N/A,2019-06-19,,USD,N/A,Minority Purchase,Potential Buyer announced the acquisition of a minority stake in EN+ Group International PJSC. Financial terms of the transaction are undisclosed.,Withdrawn,INV,No, ,Friendly,0,Undisclosed,0,25.049999,2018-12-19,On the Block,,, ,,, ,,Russia,,N.A.,Potential Buyer,,,, ,N.A.,N.A., ,N.A.,, ,Kaliningrad,Russia,RU,Materials,Materials,Metals & Mining,EN+ Group International PJSC,90064, , , , , , , , , ,,,,,,,,,
,, ,184082882, ,2018-12-27,1242.86,1242.86,659.26/sh.,2019-03-07,,RUB,1050.85,"Mandatory Offer, Company Takeover, Additional Stake Purchase, Tender Offer",MegaFon Finance OOO announced the acquisition of MegaFon PJSC for RUB 86489.64M. The transaction was announced on 12/27/2018 and is expected to be completed by 3/7/2019.,Pending,M&A,No, ,Unsolicited,0,Cash,78.839996,21.16, ,,,, ,,, , ,Russia,RU,Communications,MegaFon Finance OOO,,MORT BANK/CORR,6162, ,N.A.,N.A., ,N.A.,, ,Sankt-peterburg,Russia,RU,Telecommunications,Communications,Telecommunications,MegaFon PJSC,, ,5.84,3.05,1.23,0.82,5.84,3.05,1.23,0.82,,,,,,,,,
,, ,184888698, ,2019-01-09,37.32,37.32,2491.0 Mln,2019-01-09,,RUB,37.32,Company Takeover,Mobile TeleSystems PJSC acquired IT-Grad 1 Klaud OOO for RUB 2491.00M. The transaction was completed on 1/9/2019.,Completed,M&A,No, ,Friendly,0,Cash,0,100, ,,,, ,Renaissance Cap,, ,Moscow,Russia,RU,Communications,Mobile TeleSystems PJSC,60388, ,N.A., ,N.A.,N.A., ,N.A.,, ,Saint Petersburg,Russia,RU,Software & Tech Services,Technology,Software,IT-Grad 1 Klaud OOO,, , , , , , , , , ,,,,,,,,,
,White & Case LLP, ,185252192, ,2019-11-20,264.15,264.15,N/A,2020-01-13,,RUB,N/A,Company Takeover,Rostelecom PJSC acquired Dataline OOO for RUB 16900.00M. The transaction was announced on 11/20/2019 and completed on 1/13/2020.,Completed,M&A,No, ,Friendly,0,Cash and Debt,0,100,2019-01-16,,VTB Capital,, ,,, ,Moscow,Russia,RU,Communications,Rostelecom PJSC,,PHONE NO  RADI,4813, ,7375,N.A., ,N.A.,, , ,Russia,RU,Software & Tech Services,Technology,IT Services,Dataline OOO,,INFO RETR SVC, , , , , , , , ,,,,2019-06-20,,,,,
,, ,185997044, ,2018-11-16,N/A,N/A,N/A,2018-11-16,,RUB,N/A,Majority Purchase,Private Investor acquired Telecom-Express LLC. The transaction was completed on 11/16/2018. Financial terms of the transaction are undisclosed.,Completed,M&A,No, ,Friendly,0,Undisclosed,0,60, ,,KPMG Corp Fin,, ,,, ,,Russia,,N.A.,Private Investor,,,, ,N.A.,N.A., ,N.A.,, , ,Russia,RU,Telecommunications,Communications,Telecommunications,Telecom-Express LLC,, , , , , , , , , ,,,,,,,,,
,, ,186313245, ,2019-01-30,N/A,N/A,N/A,2019-01-30,,RUB,N/A,Majority Purchase,IKS Holding JSC acquired Yadro Co Ltd. The transaction was completed on 1/30/2019. Financial terms of the transaction are undisclosed.,Completed,M&A,No, ,Friendly,0,Undisclosed,0,51, ,,,, ,,, ,Moscow,Russia,RU,Financials,IKS Holding JSC,, ,N.A., ,N.A.,N.A., ,N.A.,, ,Moscow,Russia,RU,Tech Hardware & Semiconductors,Technology,Technology Hardware,Yadro Co Ltd,, , , , , , , , , ,,,,,,,,,
,, ,186594136, ,2018-10-01,8,8,8.0 Mln,2018-10-01,,USD,8,"Venture Capital, Private Equity, Minority Purchase, Financing Round",A consortium led by Sistema PJSFC acquired a minority stake in Mobile Video Solutions Inc. The transaction was completed on 10/1/2018.,Completed,INV,No, ,Friendly,0,Cash,0,0, ,,,, ,,, ,,Russia,,"Communications, Financials","Sistema PJSFC (Fund: Sistema Rusnano SICAR),Skolkovo Venture Investments LLC",,,, ,N.A.,N.A., ,N.A.,, ,IRVINE,Russia,US,Industrial Services,Industrials,Commercial Support Services,Mobile Video Solutions Inc,, , , , , , , , , ,,,,,,,,,
,, ,186602968, ,2018-12-28,222.89,222.89,15500.0 Mln,2018-12-28,,RUB,222.89,"Cross Border, Management Buyout, Majority Purchase",Alvansa Ltd sold Pharmaceutical Enterprise Obolenskoe JSC to a consortium led by VTB Bank PJSC for RUB 15500.00M. The transaction was completed on 12/28/2018.,Completed,M&A,No, ,Friendly,0,Cash,0,95.139999, ,,Rothschild & Co,, ,,, ,,Russia,,"Financials, Communications","VTB Bank PJSC,Management Group,Sistema PJSFC",,,,N.A.,N.A.,Cyprus,CY,Financials,Alvansa Ltd, ,Moscow,Russia,RU,Health Care,Health Care,Biotech & Pharma,Pharmaceutical Enterprise Obolenskoe JSC,, , , , , , , , , ,,,,,,,,,
,, ,186737972, ,2019-02-06,N/A,N/A,N/A,2019-02-06,,EUR,N/A,"Cross Border, Minority Purchase",Elecsnet Holding Ltd sold a minority stake in Elecsnet JSC to Credit Bank of Moscow PJSC. The transaction was completed on 2/6/2019. Financial terms of the transaction are undisclosed.,Completed,INV,No, ,Friendly,0,Undisclosed,0,49, ,,,, ,,, ,Moscow,Russia,RU,Financials,Credit Bank of Moscow PJSC,6338, ,N.A.,N.A.,4841,Cyprus,CY,Consumer Discretionary,Elecsnet Holding Ltd, ,Moscow,Russia,RU,Software & Tech Services,Technology,Software,Elecsnet JSC,,CABLE/OTHR PAY, , , , , , , , ,,,,,,,,,
,, ,186820328, ,2019-01-10,N/A,N/A,N/A,2019-01-10,,RUB,N/A,Company Takeover,Private Investor acquired Ajur media AO. The transaction was completed on 1/10/2019. Financial terms of the transaction are undisclosed.,Completed,M&A,No, ,Friendly,0,Cash,0,100, ,,,, ,,, ,,Russia,,N.A.,Private Investor,,,, ,N.A.,N.A., ,N.A.,, ,Saint Petersburg,Russia,RU,Media,Communications,Publishing & Broadcasting,Ajur media AO,, , , , , , , , , ,,,,,,,,,
,, ,186831110, ,2020-04-29,N/A,N/A,N/A,2020-04-29,,RUB,N/A,"Cross Border, Asset Sale","On 02/07/2019, it was reported that Alrosa PJSC is negotiating the purchase of a 22-storey business center from Areti Group Ltd for about RUB 4,000.00M.",Completed,AST,No, ,Friendly,0,Cash,0,100,2019-02-07,Negotiation,,, ,,, ,Mirny,Russia,RU,Materials,Alrosa PJSC,33756, ,N.A.,N.A.,,Cyprus,CY,Financials,Areti Group Ltd, ,,Russia,,Real Estate,Real Estate,Real Estate Owners & Developers,22-storey business center,,, , , , , , , , ,,,,,,,,,
,, ,186836546, ,2019-02-04,4,4,4.0 Mln,2019-02-04,,USD,4,"Cross Border, Private Equity, Minority Purchase",A consortium led by iTech Capital acquired a minority stake in Roistat. The transaction was completed on 2/4/2019.,Completed,INV,No, ,Friendly,0,Cash,0,0, ,,,, ,,, ,,Russia,,"Financials, Financials","iTech Capital (Fund: iTech Fund II LP),Skolkovo Venture Investments LLC (Fund: Skolkovo Digital)",,,, ,N.A.,N.A., ,N.A.,, ,Moscow,Russia,RU,Financial Services,Financials,Specialty Finance,Roistat,, , , , , , , , , ,,,,,,,,,
,, ,187148753, ,2019-02-12,1,1,1.0 Mln,2019-02-12,,USD,1,"Venture Capital, Cross Border, Private Equity, Minority Purchase, Financing Round",A consortium led by Gagarin Capital Partners acquired a minority stake in iFarm Corp. The transaction was completed on 02/12/2019.,Completed,INV,No, ,Friendly,0,Cash,0,0, ,,,, ,,, ,,Russia,,Financials,"Private Investor,Gagarin Capital Partners",,,, ,N.A.,N.A., ,N.A.,, ,Helsinki,Russia,FI,Health Care,Health Care,Biotech & Pharma,iFarm Corp,, , , , , , , , , ,,,,,,,,,
,, ,187150079, ,2019-02-13,N/A,N/A,N/A,2019-11-12,,EUR,N/A,"Cross Border, Asset Sale","On 02/13/2019, it was reported that Atria Oyj is assessing the development of its business in Russia and exploring the possibility of selling it.With no further information, the deal has been withdrawn on 09/12/2019.",Withdrawn,AST,No, ,Friendly,0,Cash,0,100,2019-02-13,Strategic Alt Review,,, ,,, ,,Russia,,N.A.,Potential Buyer,,,,N.A.,,Finland,FI,Consumer Staples,Atria Oyj, ,,Russia,,Consumer Staple Products,Consumer Staples,Food,Russian business/Atria Oyj,,, , , , , , , , ,,,,,,,,,
,, ,187162421, ,2018-11-21,N/A,N/A,N/A,2018-11-21,,EUR,N/A,"PE Buyout, Company Takeover, Cross Border, Private Equity",Westwing Group SE sold Westwing Russia to Elbrus Capital OOO. The transaction was completed on 11/21/2018. Financial terms of the transaction are undisclosed.,Completed,M&A,No, ,Friendly,0,Cash,0,100,2018-11-21,,Imap In Sucursal,, ,,, ,Moscow,Russia,RU,Financials,Elbrus Capital OOO,,MISC INVSTRS,6799,6719,N.A.,Germany,DE,Consumer Discretionary,Westwing Group SE,HOLDING CO NEC,N.A,Russia,RU,Consumer Discretionary Products,Consumer Discretionary,Home & Office Products,Westwing Russia,, , , , , , , , , ,,,,,,,,,
,, ,187169135, ,2018-04-30,N/A,N/A,N/A,2018-04-30,,RUB,N/A,Minority Purchase,Unnamed Buyer acquired a minority stake in Scientific Investment Center Cable Technologies CJSC. The transaction was completed on 4/30/2018. Financial terms of the transaction are undisclosed.,Completed,INV,No, ,Friendly,0,Undisclosed,0,40, ,,Imap In Sucursal,, ,,, ,,Russia,,N.A.,Unnamed Buyer,,,, ,N.A.,N.A., ,N.A.,, ,N.A,Russia,RU,Real Estate,Real Estate,Real Estate Owners & Developers,Scientific Investment Center Cable Technologies CJSC,, , , , , , , , , ,,,,,,,,,
,, ,187342128, ,2018-12-25,N/A,N/A,N/A,2018-12-25,,RUB,N/A,"Cross Border, Private Equity, Minority Purchase",A consortium led by Private Investor acquired a minority stake in Professional Logistic Technologies LLC. The transaction was completed on 12/25/2018. Financial terms of the transaction are undisclosed.,Completed,INV,No, ,Friendly,0,Cash,0,0, ,,,, ,,, ,,Unknown,,"Financials, Financials","Private Investor,Russian Direct Investment Fund Management Co (Fund: RDIF Mubadala Co-investment Fund),Mubadala Investment Co PJSC",,,, ,N.A.,N.A., ,N.A.,, ,Moscow,Russia,RU,Real Estate,Real Estate,Real Estate Owners & Developers,Professional Logistic Technologies LLC,, , , , , , , , , ,,,,,,,,,
Renaissance Cap,Cleary Gottlieb, ,187530623, ,2019-02-19,226.6,226.6,226.6 Mln,2019-02-19,,USD,226.6,"Private Equity, Minority Purchase",Sistema PJSFC acquired a minority stake in Etalon Group PLC. The transaction was completed on 2/19/2019.,Completed,INV,No, ,Friendly,0,Cash,0,25, ,,,, ,,Gowling WLG, ,Moscow,Russia,RU,Communications,Sistema PJSFC,,PHONE NO  RADI,4813, ,N.A.,N.A., ,N.A.,, ,Novosibirsk,Russia,RU,Real Estate,Real Estate,Real Estate Owners & Developers,Etalon Group PLC,7123, ,0.99,41.33,0.82,0.46,0.99,41.33,0.82,0.46,,,,,,,,,
,, ,188007029, ,2019-02-27,N/A,N/A,N/A,2019-02-27,,RUB,N/A,Minority Purchase,VK IPJSC acquired a minority stake in Skillbox OOO. The transaction was completed on 2/27/2019. Financial terms of the transaction are undisclosed.,Completed,INV,No, ,Friendly,0,Undisclosed,0,10, ,,,, ,,, ,Sankt-peterburg,Russia,RU,Communications,VK IPJSC,,AMUSEMENT SVC,7999, ,N.A.,N.A., ,N.A.,, ,Moscow,Russia,RU,Media,Communications,Internet Media & Services,Skillbox OOO,, , , , , , , , , ,,,,,,,,,
,, ,188563724, ,2019-02-28,3000,3000,N/A,2019-08-28,,USD,N/A,Company Takeover,"With no further information, the deal has been withdrawn on 08/28/2019. On 02/28/2019, it was reported that Playrix is looking to sell itself for over USD 3,000.00 M. Chinese companies such as iDreamsky Technology Holdings Ltd and FunPlus Game Co Ltd have shown interest towards the deal.",Withdrawn,M&A,No, ,Friendly,0,Undisclosed,0,100,2019-02-28,On the Block,,, ,,, ,,China,,N.A.,Potential Buyer,,,, ,N.A.,N.A., ,N.A.,, ,Vologda,Russia,RU,Media,Communications,Entertainment Content,Playrix OOO,, , , , , , , , , ,,,,,,,,,
,, ,188573685, ,2019-03-05,N/A,N/A,N/A,2019-03-05,,EUR,N/A,"Cross Border, Minority Purchase",ABH Holdings SA sold a minority stake in RuRu to Beeline Inc. The transaction was completed on 3/5/2019. Financial terms of the transaction are undisclosed.,Completed,INV,No, ,Friendly,0,Undisclosed,0,40, ,,,, ,,, ,Schaumburg,United States,US,Communications,Beeline Inc,, ,N.A.,N.A.,N.A.,Luxembourg,RU,Financials,ABH Holdings SA, ,Moscow,Russia,RU,Financial Services,Financials,Specialty Finance,RuRu,, , , , , , , , , ,,,,,,,,,
,, ,188925008, ,2015-11-18,1.3,1.3,1.3 Mln,2015-11-18,,USD,1.3,"Venture Capital, Private Equity, Minority Purchase, Additional Stake Purchase, Financing Round, Cross Border",A consortium led by ESN Group acquired a minority stake in JSC Smartfin. The transaction was completed on 11/18/2015.,Completed,INV,No, ,Friendly,0,Cash,0,0, ,,,, ,,, ,,Russia,,"Industrials, Financials, Financials","ESN Group,Almaz Capital Partners Ltd (Fund: Almaz Capital Russia Fund I LP),Inventure Partners",,,, ,N.A.,N.A., ,N.A.,, , ,Russia,RU,Software & Tech Services,Technology,Software,JSC Smartfin,, , , , , , , , , ,,,,,,,,,
,, ,188932226, ,2017-11-22,N/A,N/A,N/A,2017-11-22,,USD,N/A,"Venture Capital, Private Equity, Minority Purchase, Financing Round",A consortium led by Baring Vostok Capital Partners Ltd/Russia acquired a minority stake in Busfor LLC. The transaction was completed on 11/22/2017. Financial terms of the transaction are undisclosed.,Completed,INV,No, ,Friendly,0,Cash,0,0, ,,,, ,,, ,,Russia,,"Financials, Financials","Baring Vostok Capital Partners Ltd/Russia (Fund: Baring Vostok Private Equity Fund V LP),Elbrus Capital OOO (Fund: Elbrus Capital Fund I LP)",,,, ,N.A.,N.A., ,N.A.,, ,Moscow,Russia,RU,Media,Communications,Internet Media & Services,Busfor LLC,, , , , , , , , , ,,,,,,,,,
,, ,188932646, ,2018-08-21,4,4,4.0 Mln,2018-08-21,,USD,4,"Venture Capital, Cross Border, Private Equity, Minority Purchase, Financing Round",VNV Global Ltd acquired a minority stake in Busfor LLC. The transaction was completed on 8/21/2018.,Completed,INV,No, ,Friendly,0,Cash,0,0, ,,,, ,,, , ,Sweden,BM,Financials,VNV Global Ltd,7, ,N.A., ,N.A.,N.A., ,N.A.,, ,Moscow,Russia,RU,Media,Communications,Internet Media & Services,Busfor LLC,, , , , , , , , , ,,,,,,,,,
,, ,188992485, ,2019-03-13,3.22,3.22,3.217 Mln,2019-03-13,,USD,3.22,"Mandatory Offer, Cross Border, Additional Stake Purchase",Sun Pharmaceutical Industries Ltd acquired Biosintez OAO for USD 3.22M. The transaction was completed on 3/13/2019.,Completed,INV,No, ,Friendly,0,Cash,85.099998,11.86, ,,,, ,,, ,Mumbai,India,IN,Health Care,Sun Pharmaceutical Industries Ltd,21514, ,N.A., ,N.A.,N.A., ,N.A.,, ,Penza,Russia,RU,Health Care,Health Care,Biotech & Pharma,Biosintez OAO,938, ,8.64, ,0.82,0.45,8.64, ,0.82,0.45,,,,,,,,,
,, ,188992869, ,2018-10-03,7.5,7.5,7.5 Mln,2018-10-03,,USD,7.5,"Cross Border, Private Equity, Minority Purchase",A consortium led by Russian Direct Investment Fund Management Co acquired a minority stake in iCanDeliver.ru. The transaction was completed on 10/03/2018.,Completed,INV,No, ,Friendly,0,Cash,0,0, ,,,, ,,, ,,Russia,,"Financials, Financials","Russian Direct Investment Fund Management Co,Mubadala Investment Co PJSC",,,, ,N.A.,N.A., ,N.A.,, , ,Russia,RU,Industrial Services,Industrials,Transportation & Logistics,iCanDeliver.ru,, , , , , , , , , ,,,,,,,,,
,Cms Legal, ,188992881, ,2019-02-11,N/A,N/A,N/A, ,,EUR,N/A,"Cross Border, Asset Sale",Muenchener Rueckversicherungs-Gesellschaft AG in Muenchen announced the sale of ERGO Non-Life business/ERGO International AG to RESO-Garantia Insurance PJSC. The transaction was announced on 2/11/2019 and is currently pending. Financial terms of the transaction are undisclosed.,Pending,AST,No, ,Friendly,0,Cash,0,100, ,,,, ,,, ,Moscow,Russia,RU,Financials,RESO-Garantia Insurance PJSC,8634, ,N.A.,N.A.,,Germany,DE,Financials,Muenchener Rueckversicherungs-Gesellschaft AG in Muenchen, ,,Russia,,Insurance,Financials,Insurance,ERGO Non-Life business/ERGO International AG,,, , , , , , , , ,,,,,,,,,
,Linklaters, ,189243911, ,2019-03-22,20,20,20.0 Mln,2019-09-23,USD 130.00,USD,20,"Company Takeover, Cross Border","On 03/22/2019, it was reported that Thomas Cook Group announces that it has agreed to enter into a joint venture agreement with¬†Ionic Invest, to buy the tour operator of Biblio Globus. On 03/18/2019, it was reported that Thomas Cook Group PLC may buy one of Russia‚Äôs largest tour operators ...",Withdrawn,M&A,Yes, ,Friendly,0,Cash,0,100,2019-03-18,,,, ,,, ,,United Kingdom,,Consumer Discretionary,"Thomas Cook Group PLC,Sarpedon Travel",,,, ,N.A.,N.A., ,N.A.,, ,Moscow,Russia,RU,Media,Communications,Internet Media & Services,Biblio-Globus,, , , , , , , , , ,,,,,,,,,
,, ,189332660, ,2016-02-02,N/A,N/A,N/A,2016-02-02,,RUB,N/A,"Private Equity, Minority Purchase",A1 Investments acquired a minority stake in Eurodon OOO. The transaction was completed on 2/2/2016. Financial terms of the transaction are undisclosed.,Completed,INV,No, ,Friendly,0,Cash,0,40, ,,,, ,,, ,Moscow,Russia,RU,Financials,A1 Investments,,MISC INVSTRS,6799, ,N.A.,N.A., ,N.A.,, ,Rostov,Russia,RU,Consumer Staple Products,Consumer Staples,Food,Eurodon OOO,, , , , , , , , , ,,,,,,,,,
,, ,189423435, ,2019-08-22,N/A,N/A,N/A,2019-08-22,,RUB,N/A,Majority Purchase,"On 08/22/2019, it was reported that Mail.Ru Group Ltd has acquired a majority stake in New Transport Systems LLC for an undisclosed amount. On 03/20/2019, it was reported that Mali.Ru Group Ltd is considering to acquire a minority stake in New Transport Systems LLC.",Completed,M&A,No, ,Friendly,0,Undisclosed,0,0,2019-03-20,,,, ,,, ,Sankt-peterburg,Russia,RU,Communications,VK IPJSC,,AMUSEMENT SVC,7999, ,N.A.,N.A., ,N.A.,, ,Belgorod,Russia,RU,Retail & Whsle - Discretionary,Consumer Discretionary,Wholesale - Discretionary,New Transport Systems LLC,, , , , , , , , , ,,,,,,,,,
,, ,189905058, ,2016-02-02,N/A,N/A,N/A,2016-02-02,,RUB,N/A,"Private Equity, Minority Purchase",A1 Investments acquired a minority stake in Ursdon OOO. The transaction was completed on 2/2/2016. Financial terms of the transaction are undisclosed.,Completed,INV,No, ,Friendly,0,Cash,0,49, ,,,, ,,, ,Moscow,Russia,RU,Financials,A1 Investments,,MISC INVSTRS,6799, ,N.A.,N.A., ,N.A.,, ,Ust-donetskiy,Russia,RU,Consumer Staple Products,Consumer Staples,Food,Ursdon OOO,, , , , , , , , , ,,,,,,,,,
,, ,189910284, ,2016-02-02,N/A,N/A,N/A,2016-02-02,,RUB,N/A,"Private Equity, Minority Purchase",A1 Investments acquired a minority stake in Metall-Don OOO. The transaction was completed on 2/2/2016. Financial terms of the transaction are undisclosed.,Completed,INV,No, ,Friendly,0,Cash,0,49, ,,,, ,,, ,Moscow,Russia,RU,Financials,A1 Investments,,MISC INVSTRS,6799, ,1611,N.A., ,N.A.,, ,N.A,Russia,RU,Industrial Services,Industrials,Engineering & Construction,Metall-Don OOO,,HIGHWY/ST CON, , , , , , , , ,,,,,,,,,
,, ,189913374, ,2016-02-02,N/A,N/A,N/A,2016-02-02,,RUB,N/A,"Private Equity, Minority Purchase",A1 Investments acquired a minority stake in Irdon OOO. The transaction was completed on 2/2/2016. Financial terms of the transaction are undisclosed.,Completed,INV,No, ,Friendly,0,Cash,0,49, ,,,, ,,, ,Moscow,Russia,RU,Financials,A1 Investments,,MISC INVSTRS,6799, ,1794,N.A., ,N.A.,, ,Moscow,Russia,RU,Industrial Services,Industrials,Engineering & Construction,Irdon OOO,,EXCAVATION, , , , , , , , ,,,,,,,,,
,, ,190084786, ,2019-03-29,N/A,N/A,N/A,2019-09-30,,USD,N/A,Company Takeover,"On 03/29/2019, RBC reported that Gazprom PJSC is negotiating the purchase of Stroygazmontazh OOO from Arkady Rotenberg and StroyTransNefteGaz JSC from Gennady Timchenko.",Withdrawn,M&A,No, ,Friendly,0,Cash,0,100,2019-03-29,Negotiation,,, ,,, ,St. Petersburg,Russia,RU,Energy,Gazprom PJSC,468, ,N.A., ,,N.A., ,N.A.,, ,,Russia,,"Industrial Services, Industrial Services","Industrials, Industrials","Engineering & Construction, Engineering & Construction","Stroygazmontazh OOO,StroyTransNefteGaz JSC",,, , , , , , , , ,,,,,,,,,
,, ,190284002, ,2019-04-01,N/A,N/A,N/A,2019-06-04,,RUB,N/A,Company Takeover,Sberbank of Russia PJSC acquired RDV-soft OOO. The transaction was announced on 4/1/2019 and completed on 6/4/2019. Financial terms of the transaction are undisclosed.,Completed,M&A,No, ,Friendly,0,Undisclosed,0,100, ,,,, ,,Dla Piper Llp, ,Moscow,Russia,RU,Financials,Sberbank of Russia PJSC,289721,NATL COML BANK,6021, ,N.A.,N.A., ,N.A.,, ,Moscow,Russia,RU,Media,Communications,Internet Media & Services,RDV-soft OOO,, , , , , , , , , ,,,,,,,,,
Citi,Freshfields, ,190341992, ,2019-04-01,729,729,3.6/sh.,2019-04-30,,USD,729,"Cross Border, Private Equity, Minority Purchase",A consortium led by European Bank for Reconstruction & Development sold a minority stake in Lenta International Co PJSC to Severgroup CJSC. The transaction was announced on 4/1/2019 and completed on 4/30/2019.,Completed,INV,No, ,Friendly,0,Cash,0,41.91, ,,Credit Suisse,Cleary Gottlieb/Clifford Chance, ,JP Morgan,, ,Cherepovets,Russia,RU,Financials,Severgroup CJSC,, ,N.A.,,2297,United Kingdom,,"Government, Financials","European Bank for Reconstruction & Development,TPG Capital LP/US (Fund: TPG Partners VI LP)",,Saint Petersburg,Russia,RU,Retail & Wholesale - Staples,Consumer Staples,Retail - Consumer Staples,Lenta International Co PJSC,66700,NONWEAVE FAB,1.58,3.22,0.31,0.46,1.58,3.22,0.31,0.46,,,,,,,,,
Citi/Credit Suisse,Freshfields, ,190406211, ,2019-04-02,641.4,2071.32,3.6/sh.,2019-06-04,,USD,2071.32,"Mandatory Offer, Majority Purchase, Additional Stake Purchase, Tender Offer",Severgroup CJSC acquired Lenta International Co PJSC for USD 2071.32M. The transaction was announced on 4/2/2019 and completed on 6/4/2019.,Completed,M&A,No, ,Friendly,1429.911987,Cash,41.91,36.82, ,,,, ,JP Morgan,Cleary Gottlieb, ,Cherepovets,Russia,RU,Financials,Severgroup CJSC,, ,N.A., ,2297,N.A., ,N.A.,, ,Saint Petersburg,Russia,RU,Retail & Wholesale - Staples,Consumer Staples,Retail - Consumer Staples,Lenta International Co PJSC,66700,NONWEAVE FAB,1.59,3.23,0.31,0.46,2.89,5.88,0.57,0.84,,,,,,,,,
,, ,190432815, ,2019-10-02,N/A,N/A,N/A,2019-10-02,,RUB,N/A,Company Takeover,"With no further information, the deal has been withdrawn on 10/02/2019. On 04/02/2019, it was reported that Cherkizovo Group PJSC is in talks to acquire rival company AO Prioskolie, according to people familiar with the matter.",Withdrawn,M&A,No, ,Friendly,0,Undisclosed,0,100,2019-04-02,Negotiation,,, ,,, ,Moscow,Russia,RU,Consumer Staples,Cherkizovo Group PJSC,842, ,N.A., ,N.A.,N.A., ,N.A.,, ,Belgorod Region,Russia,RU,Consumer Staple Products,Consumer Staples,Food,Torgovyi Dom Prioskole AO,, , , , , , , , , ,,,,,,,,,
,, ,190497816,2019-05-29,2019-04-03,401.93,401.93,89.3/sh.,2019-08-20,,RUB,394.07,"Company Takeover, Squeeze Out, Additional Stake Purchase, Tender Offer",Rinsoco Trading Co Ltd acquired Uralkali PJSC for RUB 26218.62M. The transaction was announced on 4/3/2019 and completed on 8/20/2019.,Completed,M&A,No, ,Friendly,0,Cash,86.760002,10, ,,,, ,,, , ,Russia,RU,Financials,Rinsoco Trading Co Ltd,, ,N.A., ,N.A.,N.A., ,N.A.,, ,Berezniki,Russia,RU,Materials,Materials,Chemicals,Uralkali PJSC,13465, ,5.3,2.75,1.46,0.5,5.3,2.75,1.46,0.5,,,,,,,,,
,, ,190641767, ,2019-04-05,1429.83,2856.01,3.65 Mln,2019-04-30,,USD,2856.01,Company Takeover,"On 04/30/2019, Magnit PJSC announced it will no longer considering any actions regarding Lenta Ltd. On 04/05/2019, it was reported that Magnit made a non-binding offer on 04/01/2019, in order to acquire all of the outstanding shares of Lenta. Magnit offer USD 3.65 per share.",Withdrawn,M&A,No, ,Friendly,1426.18103,Cash,0,100,2019-04-01,Preliminary Offer,,, ,,, ,Krasnodar,Russia,RU,Consumer Staples,Magnit PJSC,359, ,N.A., ,2297,N.A., ,N.A.,, ,Saint Petersburg,Russia,RU,Retail & Wholesale - Staples,Consumer Staples,Retail - Consumer Staples,Lenta International Co PJSC,66700,NONWEAVE FAB,1.3,2.65,0.26,0.38,2.6,5.29,0.51,0.76,,,,,,,,,
,, ,190773864, ,2019-04-09,N/A,N/A,N/A,2019-04-09,,AUD,N/A,"Cross Border, Minority Purchase",Macquarie Group Ltd announced the sale of a minority stake in EL5-ENERO PJSC to Potential Buyer. Financial terms of the transaction are undisclosed.,Withdrawn,INV,No, ,Friendly,0,Undisclosed,0,6.3,2019-04-09,,,, ,,, ,,British Virgin Islands,,N.A.,Potential Buyer,,,,6211,N.A.,Australia,AU,Financials,Macquarie Group Ltd,SEC BROKER/DLR,Moscow,Russia,RU,Utilities,Utilities,Electric Utilities,EL5-ENERO PJSC,, , , , , , , , , ,,,,,,,,,
,, ,190779186, ,2019-04-09,16.91,16.91,15.0 Mln,2019-10-08,,EUR,17.34,Company Takeover,"With no further information the deal has been withdrawn on 10/08/2019. On 04/09/2019, it was reported that Demyan Kudryavtsev is in talks with Arbat Capital Group Ltd to sell Business News Media ZAO, owner of Vedomosti newspaper, for approximately EUR 15.00M, according to people familiar with...",Withdrawn,M&A,No, ,Friendly,0,Cash,0,100,2019-04-09,Negotiation,,, ,,, ,Tortola West,Russia,RU,Financials,Arbat Capital Group Ltd,, ,N.A., ,2731,N.A., ,N.A.,, ,N.A,Russia,RU,Media,Communications,Publishing & Broadcasting,Business News Media ZAO,,BOOK PUBLISHNG, , , , , , , , ,,,,,,,,,
,, ,190946512, ,2017-11-21,3.3,3.3,195.0 Mln,2017-11-21,,RUB,3.3,"Venture Capital, Private Equity, Minority Purchase, Financing Round",Internet Initiatives Development Fund acquired a minority stake in PM & HM LLC. The transaction was completed on 11/21/2017.,Completed,INV,No, ,Friendly,0,Cash,0,35, ,,,, ,,, ,Moscow,Russia,RU,Financials,Internet Initiatives Development Fund,, ,N.A., ,N.A.,N.A., ,N.A.,, ,Skolkovo Innovatsionnogo Tsent,Russia,RU,Health Care,Health Care,Biotech & Pharma,PM & HM LLC,, , , , , , , , , ,,,,,,,,,
,, ,190947130, ,2019-02-19,4.64,4.64,305.0 Mln,2019-01-31,,RUB,4.65,"Venture Capital, Private Equity, Minority Purchase, Financing Round",Russian Venture Co OJSC acquired a minority stake in PM & HM LLC. The transaction was announced on 2/19/2019 and completed on 1/31/2019.,Completed,INV,No, ,Friendly,0,Cash,0,0, ,,,, ,,, ,Moscow,Russia,RU,Financials,Russian Venture Co OJSC,,SEC BROKER/DLR,6211, ,N.A.,N.A., ,N.A.,, ,Skolkovo Innovatsionnogo Tsent,Russia,RU,Health Care,Health Care,Biotech & Pharma,PM & HM LLC,, , , , , , , , , ,,,,,,,,,
,, ,190951708, ,2015-11-17,0.25,0.25,16.0 Mln,2015-11-17,,RUB,0.25,"Venture Capital, Private Equity, Minority Purchase, Financing Round",A consortium led by Russian Venture Co OJSC acquired a minority stake in ExoAtlet OOO. The transaction was completed on 11/17/2015.,Completed,INV,No, ,Friendly,0,Cash,0,0, ,,,, ,,, ,,Russia,,"Financials, Financials","Russian Venture Co OJSC,VTB Capital Asset Management JSC (Fund: Moscow Seed Fund)",,,, ,N.A.,N.A., ,N.A.,, ,Moscow,Russia,RU,Health Care,Health Care,Medical Equipment & Devices,ExoAtlet OOO,, , , , , , , , , ,,,,,,,,,
,, ,190952656, ,2019-04-11,N/A,401.62,N/A,2019-10-11,,USD,N/A,Company Takeover,Sberbank of Russia PJSC announced the acquisition of O'Key Group SA for USD 401.62M.,Withdrawn,M&A,No, ,Friendly,401.616791,Undisclosed,0,100,2019-04-11,Negotiation,,, ,,, ,Moscow,Russia,RU,Financials,Sberbank of Russia PJSC,289721,NATL COML BANK,6021, ,N.A.,N.A., ,N.A.,, ,Moscow,Russia,RU,Retail & Wholesale - Staples,Consumer Staples,Retail - Consumer Staples,O'Key Group SA,19000, , , , , ,1.16,3.28,0.16,0.3,,,,,,,,,
,, ,191088189, ,2019-05-07,N/A,N/A,N/A,2019-05-07,,RUB,N/A,Minority Purchase,"Kaspersky Lab JSC acquired a minority stake in New Cloud Technologies LLC. The transaction was completed on 05/07/2019. Financial terms of the transaction are undisclosed. On 04/15/2019, it was reported that Kaspersky Lab planned to buy stake in New Cloud Technologies LLC. Kaspersky Lab also ...",Completed,INV,No, ,Friendly,0,Undisclosed,0,29.5,2019-04-15,,,, ,,, ,Moscow,Russia,RU,Technology,Laboratoriya Kasperskogo ZAO,,PREPAKG SOFTW,7372, ,N.A.,N.A., ,N.A.,, ,Moscow,Russia,RU,Software & Tech Services,Technology,Software,New Cloud Technologies LLC,, , , , , , , , , ,,,,,,,,,
,, ,191089191, ,2019-10-15,N/A,N/A,N/A,2019-10-15,,RUB,N/A,Minority Purchase,"With no further information, the deal has been withdrawn on 10/15/2019. On 04/15/2019, it was reported that VEB.RF GK may buy 30-49% stakes in¬†1520 Group, according to unidentified people familiar with the matter.",Withdrawn,INV,No, ,Friendly,0,Undisclosed,0,49,2019-04-15,Negotiation,,, ,,, ,Moscow,Russia,RU,Government,VEB.RF GK,12722, ,N.A., ,N.A.,N.A., ,N.A.,, ,Moscow,Russia,RU,Industrial Services,Industrials,Engineering & Construction,1520 Group,, , , , , , , , , ,,,,,,,,,
,Freshfields/Linklaters, ,191509902, ,2019-04-20,N/A,N/A,N/A,2019-04-20,,RUB,N/A,Minority Purchase,"On 04/24/2019, it was reported that Sberbank of Russia PJSC¬†has decided to invest in¬†Rambler & Co according to a¬†statement by the lender. On 04/20/2019, it was reported that Sberbank of Russia PJSC is close to a deal to buy a stake in Rambler & Co from businessman¬†Alexander Mamut, people ...",Completed,INV,No, ,Friendly,0,Undisclosed,0,46.5,2019-04-20,Negotiation,,, ,,, ,Moscow,Russia,RU,Financials,Sberbank of Russia PJSC,289721,NATL COML BANK,6021, ,N.A.,N.A., ,N.A.,, ,Moscow,Russia,RU,Media,Communications,Advertising & Marketing,Rambler & Co,, , , , , , , , , ,,,,,,,,,
,, ,191566459, ,2019-04-24,N/A,N/A,N/A,2019-04-24,,RUB,N/A,Majority Purchase,VK IPJSC acquired Native Media OOO. The transaction was completed on 4/24/2019. Financial terms of the transaction are undisclosed.,Completed,M&A,No, ,Friendly,0,Undisclosed,0,50.830002, ,,,, ,,, ,Sankt-peterburg,Russia,RU,Communications,VK IPJSC,,AMUSEMENT SVC,7999, ,N.A.,N.A., ,N.A.,, , ,Russia,RU,Media,Communications,Advertising & Marketing,Native Media OOO,, , , , , , , , , ,,,,,,,,,
,, ,191678644, ,2019-04-25,N/A,N/A,N/A,2019-04-25,,RUB,N/A,"Cross Border, Minority Purchase",SovCo Capital Partners BV acquired a minority stake in Aviatsionnye Tekhnologii Svyazi LLC. The transaction was completed on 4/25/2019. Financial terms of the transaction are undisclosed.,Completed,INV,No, ,Friendly,0,Undisclosed,0,25, ,,,, ,,, ,Hoofddorp,Netherlands,NL,Financials,SovCo Capital Partners BV,, ,N.A., ,N.A.,N.A., ,N.A.,, ,Moscow,Russia,RU,Software & Tech Services,Technology,IT Services,Aviatsionnye Tekhnologii Svyazi LLC,, , , , , , , , , ,,,,,,,,,
,, ,191710246, ,2019-04-25,0.4,0.4,25.61696 Mln,2019-04-25,,RUB,0.4,"Company Takeover, Cross Border",A consortium led by Private Investor sold Zapadnye Vorota LLC to Evraz PLC for RUB 25.62M. The transaction was completed on 4/25/2019.,Completed,M&A,No, ,Friendly,0,Cash,0,100, ,,,, ,,, ,London,Russia,RU,Materials,Evraz PLC,67728, ,N.A.,,N.A.,Unknown,,Financials,"Private Investor,Cybersun Ltd",,Moscow,Russia,RU,Real Estate,Real Estate,Real Estate Owners & Developers,Zapadnye Vorota LLC,, , , , , , , , , ,,,,,,,,,
,Dla Piper Llp, ,191757755, ,2019-02-15,N/A,N/A,N/A,2019-02-15,,RUB,N/A,Minority Purchase,HeadHunter Group PLC acquired a minority stake in Skillaz. The transaction was completed on 2/15/2019. Financial terms of the transaction are undisclosed.,Completed,INV,No, ,Friendly,0,Undisclosed,0,25, ,,,, ,,, ,Moscow,Russia,RU,Communications,HeadHunter Group PLC,, ,N.A., ,N.A.,N.A., ,N.A.,, , ,Russia,RU,Software & Tech Services,Technology,Software,Skillaz,, , , , , , , , , ,,,,,,,,,
,Latham & Watkins/Morgan Lewis, ,191785583, ,2019-04-26,61.68,61.68,4000.0 Mln,2019-06-30,,RUB,48.6,"Cross Border, Private Equity, Minority Purchase",A consortium led by Russian Direct Investment Fund Management Co announced the acquisition of a minority stake in Pharmaceutical Enterprise Obolenskoe JSC. The transaction was announced on 04/26/2019 and is currently pending. Financial terms of the transaction are undisclosed.,Pending,INV,No, ,Friendly,0,Cash,0,28, ,,,, ,,, ,,Russia,,Financials,"Private Investor,Russian Direct Investment Fund Management Co (Fund: Russia-China Investment Fund)",,,, ,N.A.,N.A., ,N.A.,, ,Moscow,Russia,RU,Health Care,Health Care,Biotech & Pharma,Pharmaceutical Enterprise Obolenskoe JSC,, , , , , , , , , ,,,,,,,,,
,, ,191948241, ,2017-12-25,0.03,0.03,1.5 Mln,2017-12-25,,RUB,0.03,"Venture Capital, Private Equity, Minority Purchase, Financing Round",Sistema PJSFC acquired a minority stake in Geosplit OOO. The transaction was completed on 12/25/2017.,Completed,INV,No, ,Friendly,0,Cash,0,0, ,,,, ,,, ,Moscow,Russia,RU,Communications,Sistema PJSFC,,PHONE NO  RADI,4813, ,N.A.,N.A., ,N.A.,, ,Moscow,Russia,RU,Oil & Gas,Energy,Oil & Gas Services & Equip,Geosplit OOO,, , , , , , , , , ,,,,,,,,,
,, ,192015036, ,2019-04-30,6,6,6.0 Mln,2019-04-30,,USD,6,"Venture Capital, Cross Border, Private Equity, Minority Purchase, Series A / 1",A consortium led by Private Investor acquired a minority stake in Prisma Labs Inc. The transaction was completed on 4/30/2019.,Completed,INV,No, ,Friendly,0,Cash,0,0, ,,,, ,,, ,,Russia,,Financials,"Private Investor,Palta Ltd",,,, ,N.A.,N.A., ,N.A.,, ,Sunnyvale,Russia,US,Software & Tech Services,Technology,Software,Prisma Labs Inc,, , , , , , , , , ,,,,,,,,,
,, ,192444309, ,2018-03-19,1.04,1.04,60.0 Mln,2018-03-19,,RUB,1.04,"Cross Border, Private Equity, Minority Purchase, Additional Stake Purchase",A consortium led by Addventure Venture Capital Fund acquired a minority stake in Pravoved OOO. The transaction was completed on 3/19/2018.,Completed,INV,No, ,Friendly,0,Cash,0,0, ,,,, ,,, ,,Russia,,"Financials, Financials","Addventure Venture Capital Fund (Fund: Addventure III),Target Global (Fund: Target Global Early Stage Fund I LP)",,,, ,8111,N.A., ,N.A.,, ,Moscow,Russia,RU,Industrial Services,Industrials,Commercial Support Services,Pravoved OOO,,LEGAL SVC, , , , , , , , ,,,,,,,,,
,, ,192695506, ,2017-08-24,1,1,1.0 Mln,2017-08-24,,USD,1,"Venture Capital, Private Equity, Minority Purchase, Financing Round",A consortium led by Addventure Venture Capital Fund acquired a minority stake in Pravoved OOO. The transaction was completed on 08/24/2017.,Completed,INV,No, ,Friendly,0,Cash,0,0, ,,,, ,,, ,,Unknown,,Financials,"Private Investor,Addventure Venture Capital Fund (Fund: Addventure III)",,,, ,8111,N.A., ,N.A.,, ,Moscow,Russia,RU,Industrial Services,Industrials,Commercial Support Services,Pravoved OOO,,LEGAL SVC, , , , , , , , ,,,,,,,,,
,, ,192696478, ,2017-10-10,0.55,0.55,32.0 Mln,2017-10-10,,RUB,0.55,"Private Equity, Minority Purchase",A consortium led by Addventure Venture Capital Fund acquired a minority stake in Bestdoktor LLC. The transaction was completed on 10/10/2017.,Completed,INV,No, ,Friendly,0,Cash,0,0, ,,,, ,,, ,,Unknown,,Financials,"Private Investor,Addventure Venture Capital Fund (Fund: Addventure III)",,,, ,N.A.,N.A., ,N.A.,, ,Moscow,Russia,RU,Media,Communications,Internet Media & Services,Bestdoktor LLC,, , , , , , , , , ,,,,,,,,,
,, ,192699244, ,2016-10-23,0.8,0.8,0.8 Mln,2016-10-23,,USD,0.8,"Venture Capital, Private Equity, Minority Purchase, Financing Round",Private Investor acquired a minority stake in Portal LLC. The transaction was completed on 10/23/2016.,Completed,INV,No, ,Friendly,0,Cash,0,0, ,,,, ,,, ,,Unknown,,N.A.,Private Investor,,,, ,N.A.,N.A., ,N.A.,, ,Moscow,Russia,RU,Industrial Services,Industrials,Transportation & Logistics,Portal LLC,, , , , , , , , , ,,,,,,,,,
,, ,192700216, ,2017-08-22,2.25,2.25,2.25 Mln,2017-08-22,,USD,2.25,"Venture Capital, Cross Border, Private Equity, Minority Purchase, Financing Round",A consortium led by Addventure Venture Capital Fund acquired a minority stake in Portal LLC. The transaction was completed on 8/22/2017.,Completed,INV,No, ,Friendly,0,Cash,0,0, ,,,, ,,, ,,Russia,,"Financials, Financials","Addventure Venture Capital Fund (Fund: Addventure III),Flashpoint Venture Capital (Fund: Buran Venture Capital II LP)",,,, ,N.A.,N.A., ,N.A.,, ,Moscow,Russia,RU,Industrial Services,Industrials,Transportation & Logistics,Portal LLC,, , , , , , , , , ,,,,,,,,,
,, ,192700528, ,2018-09-12,2,2,2.0 Mln,2018-09-12,,USD,2,"Venture Capital, Cross Border, Private Equity, Minority Purchase, Additional Stake Purchase, Financing Round",A consortium led by Addventure Venture Capital Fund acquired a minority stake in Portal LLC. The transaction was completed on 9/12/2018.,Completed,INV,No, ,Friendly,0,Cash,0,0, ,,,, ,,, ,,Russia,,"Financials, Financials, Financials","Addventure Venture Capital Fund (Fund: Addventure III),FJ Labs Inc (Fund: FJ Labs 5 VC LP),Flashpoint Venture Capital (Fund: Buran Venture Capital II LP)",,,, ,N.A.,N.A., ,N.A.,, ,Moscow,Russia,RU,Industrial Services,Industrials,Transportation & Logistics,Portal LLC,, , , , , , , , , ,,,,,,,,,
,, ,193207477, ,2019-05-15,N/A,N/A,N/A,2019-08-12,,RUB,N/A,"Cross Border, Additional Stake Purchase",Warimpex Finanz- und Beteiligungs AG acquired Avielen AG AO. The transaction was announced on 5/15/2019 and completed on 8/12/2019. Financial terms of the transaction are undisclosed.,Completed,INV,No, ,Friendly,0,Undisclosed,55,35, ,,,, ,,, ,Vienna,Austria,AT,Consumer Discretionary,Warimpex Finanz- und Beteiligungs AG,142,HOTEL/MOTEL,7011, ,8742,N.A., ,N.A.,, , ,Russia,RU,Industrial Services,Industrials,Transportation & Logistics,Avielen AG AO,,CONSULTING SVC, , , , , , , , ,,,,,,,2019-08-12,,
,, ,193209505, ,2019-05-15,N/A,N/A,N/A,2019-05-15,,RUB,N/A,"Cross Border, Minority Purchase",Founders Factory Retail Ltd acquired a minority stake in Texel Inc. The transaction was completed on 5/15/2019. Financial terms of the transaction are undisclosed.,Completed,INV,No, ,Friendly,0,Undisclosed,0,0, ,,,, ,,, ,London,United Kingdom,GB,Financials,Founders Factory Retail Ltd,, ,N.A., ,N.A.,N.A., ,N.A.,, ,Moscow,Russia,RU,Tech Hardware & Semiconductors,Technology,Technology Hardware,Texel Inc,, , , , , , , , , ,,,,,,,,,
,, ,193820818, ,2019-05-23,N/A,N/A,N/A, ,,UAH,N/A,"Company Takeover, Cross Border",Ukrainskaya Gorno-Metallurgicheskaya Kompaniya announced the sale of Ugmk-Transport Zao to Transoil OOO. The transaction was announced on 5/23/2019 and is currently pending. Financial terms of the transaction are undisclosed.,Pending,M&A,No, ,Friendly,0,Undisclosed,0,100, ,,,, ,,, ,St Petersburg,Russia,RU,Energy,Transoil OOO,,RAILROAD OPER,4011,N.A.,4731,Ukraine,UA,Materials,Ukrainskaya Gorno-Metallurgicheskaya Kompaniya, ,Yekaterinburg,Russia,RU,Industrial Services,Industrials,Transportation & Logistics,Ugmk-Transport Zao,,ARR FRGT TRANS, , , , , , , , ,,,,,,,,,
,, ,194686422, ,2019-06-04,N/A,N/A,N/A,2019-06-04,,RUB,N/A,"Company Takeover, Cross Border",Huawei Investment & Holding Co Ltd acquired Vokord Telekom ZAO. The transaction was completed on 6/4/2019. Financial terms of the transaction are undisclosed.,Completed,M&A,No, ,Friendly,0,Undisclosed,0,100, ,,,, ,,, ,Shenzhen,China,CN,Technology,Huawei Investment & Holding Co Ltd,213000,MISC INVSTRS,6799, ,3663,N.A., ,N.A.,, , ,Russia,RU,Tech Hardware & Semiconductors,Technology,Technology Hardware,Vokord Telekom ZAO,,RADIO/TV EQUIP, , , , , , , , ,,,,,,,,,
,, ,194716512, ,2015-07-13,N/A,N/A,N/A,2015-07-13,,RUB,N/A,Majority Purchase,Private Investor acquired PF Vis OOO. The transaction was completed on 7/13/2015. Financial terms of the transaction are undisclosed.,Completed,M&A,No, ,Friendly,0,Undisclosed,0,80, ,,,, ,,, ,,United States,,N.A.,Private Investor,,,, ,1542,N.A., ,N.A.,, ,Moscow,Russia,RU,Industrial Services,Industrials,Engineering & Construction,PF Vis OOO,,NONRES BLDGS, , , , , , , , ,,,,,,,,,
,Cms Legal, ,194776519, ,2019-06-05,N/A,N/A,N/A,2019-11-08,,RUB,N/A,"Cross Border, Majority Purchase",Avolta AG acquired Regstaer-M OOO. The transaction was announced on 6/5/2019 and completed on 11/8/2019. Financial terms of the transaction are undisclosed.,Completed,M&A,No, ,Friendly,0,Undisclosed,0,60, ,,,, ,,, ,Basel,Switzerland,CH,Consumer Discretionary,Avolta AG,69278, ,N.A., ,5921,N.A., ,N.A.,, , ,Russia,RU,Retail & Wholesale - Staples,Consumer Staples,Retail - Consumer Staples,Regstaer-M OOO,,LIQUOR STORES, , , , , , , , ,,,,,,,,,
,, ,194778949, ,2019-06-04,N/A,N/A,N/A,2019-06-04,,USD,N/A,Minority Purchase,Private Investor acquired a minority stake in Okeanrybflot OAO. The transaction was completed on 6/4/2019. Financial terms of the transaction are undisclosed.,Completed,INV,No, ,Friendly,0,Cash,0,32.619999, ,,,, ,,, ,,Russia,,N.A.,Private Investor,,,, ,N.A.,N.A., ,N.A.,, ,Petropavlovsk-Kamchatsky,Russia,RU,Consumer Staple Products,Consumer Staples,Food,Okeanrybflot OAO,, , , , , , , , , ,,,,,,,,,
,, ,194843590, ,2019-07-31,N/A,N/A,N/A,2019-07-31,,RUB,N/A,Company Takeover,"Rosneft Oil Co PJSC announced the acquisition of Petersburg Fuel Co JSC. The transaction was announced on 07/31/2019 and is currently pending. Financial terms of the transaction are undisclosed. On 06/06/2019, Kommersant reported that Rosneft Oil Co PJSC is negotiating the purchase of Petersb...",Completed,M&A,No, ,Friendly,0,Undisclosed,0,100,2019-06-06,Negotiation,,, ,,, ,Moscow,Russia,RU,Energy,Rosneft Oil Co PJSC,302100, ,N.A., ,N.A.,N.A., ,N.A.,, ,St. Petersburg,Russia,RU,Utilities,Utilities,Gas & Water Utilities,Petersburg Fuel Co JSC,, , , , , , , , , ,,,,,,,,,
,, ,194866786, ,2019-06-06,N/A,N/A,N/A, ,,RUB,N/A,"Private Equity, Minority Purchase",Russian Direct Investment Fund Management Co announced the acquisition of a minority stake in Rusalox OOO. The transaction was announced on 6/6/2019 and is currently pending. Financial terms of the transaction are undisclosed.,Pending,INV,No, ,Friendly,0,Cash,0,0, ,,,, ,,, ,Moscow,Russia,RU,Financials,Russian Direct Investment Fund Management Co,, ,N.A., ,N.A.,N.A., ,N.A.,, ,Moscow,Russia,RU,Tech Hardware & Semiconductors,Technology,Technology Hardware,Rusalox OOO,, , , , , , , , , ,,,,,,,,,
,, ,194868760, ,2019-06-06,N/A,N/A,N/A,2019-12-06,,EUR,N/A,"Cross Border, Majority Purchase",Riverstretch Trading & Investments Ltd announced the sale of FG Future PJSC to Investitsionnaya Kompaniya Region AO. Financial terms of the transaction are undisclosed.,Withdrawn,M&A,No, ,Friendly,0,Undisclosed,0,0,2019-06-06,Negotiation,,, ,,, ,Moscow,Russia,RU,Financials,Investitsionnaya Kompaniya Region AO,,SEC BROKER/DLR,6211,N.A.,N.A.,Cyprus,CY,Financials,Riverstretch Trading & Investments Ltd, ,Moscow,Russia,RU,Financial Services,Financials,Asset Management,FG Future PJSC,2, , , , , , , , , ,,,,,,,,,
,, ,195028239, ,2019-06-07,N/A,N/A,N/A,2019-06-07,,RUB,N/A,Majority Purchase,VTB Strakhovanie Strakhovaya Kompaniya OOO acquired Mirogroup OOO. The transaction was completed on 6/7/2019. Financial terms of the transaction are undisclosed.,Completed,M&A,No, ,Friendly,0,Cash,0,0, ,,,, ,,, ,Moscow,Russia,RU,Financials,VTB Strakhovanie Strakhovaya Kompaniya OOO,,LIFE INSURANCE,6311, ,N.A.,N.A., ,N.A.,, ,St. Petersburg,Russia,RU,Industrial Services,Industrials,Engineering & Construction,Mirogroup OOO,, , , , , , , , , ,,,,,,,,,
,Cms Legal, ,195249364, ,2019-06-13,N/A,N/A,N/A, ,,EUR,N/A,"Cross Border, Asset Sale, Private Equity",Cremonini SpA announced the sale of Beef production and farming business/Inalca SpA to Russian Direct Investment Fund Management Co. The transaction was announced on 6/13/2019 and is currently pending. Financial terms of the transaction are undisclosed.,Pending,AST,No, ,Friendly,0,Cash,0,100, ,,,, ,,, ,Moscow,Russia,RU,Financials,Russian Direct Investment Fund Management Co,, ,N.A.,N.A.,,Italy,IT,Consumer Staples,Cremonini SpA, ,,Russia,,Consumer Staple Products,Consumer Staples,Food,Beef production and farming business/Inalca SpA,,, , , , , , , , ,,,,,,,,,
,, ,195582613, ,2019-06-19,N/A,N/A,N/A,2019-06-19,,USD,N/A,Minority Purchase,Private Investor acquired a minority stake in Bank ZENIT PJSC. The transaction was completed on 6/19/2019. Financial terms of the transaction are undisclosed.,Completed,INV,No, ,Friendly,0,Cash,0,5.8, ,,,, ,,, ,,Russia,,N.A.,Private Investor,,,, ,N.A.,N.A., ,N.A.,, ,Moscow,Russia,RU,Banking,Financials,Banking,Bank ZENIT PJSC,2518, , , , , , , , , ,,,,,,,,,
,, ,195865263, ,2019-06-24,N/A,N/A,N/A,2019-12-24,,USD,N/A,"Cross Border, Majority Purchase","On 06/25/2019, it was reported that Fosun is considering teaming up with partners including Zhaojin Mining Industry Co. On 06/24/2019, it was reported that a consortium led by Fosun International Ltd was planning to acquire a majority stake in GV Gold OAO.",Withdrawn,M&A,No, ,Friendly,0,Undisclosed,0,0,2019-06-24,Preliminary Offer,,, ,,, ,,China,,Consumer Discretionary,"Fosun International Ltd,Potential Buyer",,,, ,N.A.,N.A., ,N.A.,, ,Moscow,Russia,RU,Materials,Materials,Metals & Mining,GV Gold Vysochaishy Pjsc,, , , , , , , , , ,,,,,,,,,
,, ,196134598, ,2019-06-27,N/A,N/A,N/A,2019-06-27,,RUB,N/A,"Cross Border, Majority Purchase",Falcon Home Distribution Ltd acquired MHT LLC/RU. The transaction was completed on 6/27/2019. Financial terms of the transaction are undisclosed.,Completed,M&A,No, ,Friendly,0,Undisclosed,0,50.5, ,,,, ,,, , ,Bulgaria,BG,Financials,Falcon Home Distribution Ltd,, ,N.A., ,N.A.,N.A., ,N.A.,, , ,Russia,RU,Real Estate,Real Estate,REIT,MHT LLC/RU,, , , , , , , , , ,,,,,,,,,
,, ,196238903, ,2019-06-28,N/A,N/A,N/A,2019-06-28,,RUB,N/A,"Debt for Equity, Minority Purchase",Credit Bank of Moscow PJSC acquired a minority stake in Pharmacy Chain 36.6 PJSC. The transaction was completed on 6/28/2019. Financial terms of the transaction are undisclosed.,Completed,INV,No, ,Friendly,0,Undisclosed,0,19.65, ,,,, ,,, ,Moscow,Russia,RU,Financials,Credit Bank of Moscow PJSC,6338, ,N.A., ,N.A.,N.A., ,N.A.,, ,Moscow,Russia,RU,Retail & Wholesale - Staples,Consumer Staples,Retail - Consumer Staples,Pharmacy Chain 36.6 PJSC,, , , , , , , , , ,,,,,,,,,
,, ,196240133, ,2019-06-28,N/A,N/A,N/A, ,,PLN,N/A,"Cross Border, Minority Purchase",PGE Polska Grupa Energetyczna SA announced the sale of a minority stake in OBIT Ltd to Unnamed Buyer. The transaction was announced on 6/28/2019 and is currently pending. Financial terms of the transaction are undisclosed.,Pending,INV,No, ,Friendly,0,Undisclosed,0,40, ,,,, ,,, ,,Russia,,N.A.,Unnamed Buyer,,,,4911,N.A.,Poland,PL,Utilities,PGE Polska Grupa Energetyczna SA,ELECTRIC SVC,St  Petersburg,Russia,RU,Telecommunications,Communications,Telecommunications,OBIT Ltd,, , , , , , , , , ,,,,,,,,,
,, ,196705147, ,2019-07-03,N/A,N/A,N/A,2019-07-03,,USD,N/A,"Cross Border, Minority Purchase",Linde PLC sold a minority stake in Linde Silovye Mashiny OOO to Severstal PAO. The transaction was completed on 7/3/2019. Financial terms of the transaction are undisclosed.,Completed,INV,No, ,Friendly,0,Undisclosed,0,26, ,,,, ,,, ,Cherepovets,Russia,RU,Materials,Severstal PAO,, ,N.A.,2810,1629,United Kingdom,GB,Materials,Linde PLC,IND INORG CHEM,N.A,Russia,RU,Industrial Services,Industrials,Engineering & Construction,Linde Silovye Mashiny OOO,,HVY CONSTR NEC, , , , , , , , ,,,,,,,,,
,, ,196814387, ,2019-07-05,N/A,N/A,N/A,2019-10-31,,EUR,N/A,"Cross Border, Asset Sale",Neste Oyj sold 75 fuel stations & terminal to Tatneft PJSC. The transaction was announced on 7/5/2019 and completed on 10/31/2019. Financial terms of the transaction are undisclosed.,Completed,AST,No, ,Friendly,0,Cash,0,100, ,,Citi,Norton Rose, ,,, ,Tatarstan,Russia,RU,Energy,Tatneft PJSC,, ,N.A.,N.A.,,Finland,FI,Energy,Neste Oyj, ,,Russia,,Renewable Energy,Energy,Renewable Energy,75 fuel stations & terminal,,, , , , , , , , ,,,,,,,,,
VTB Capital,, ,196915203, ,2019-07-08,N/A,N/A,N/A,2019-07-08,,RUB,N/A,"Minority Purchase, Additional Stake Purchase",VTB Bank PJSC acquired a minority stake in PIK Group PJSC. The transaction was completed on 7/8/2019. Financial terms of the transaction are undisclosed.,Completed,INV,No, ,Friendly,0,Cash,7.57,15.48, ,,,, ,,, ,Moscow,Russia,RU,Financials,VTB Bank PJSC,, ,N.A., ,N.A.,N.A., ,N.A.,, ,Moscow,Russia,RU,Real Estate,Real Estate,Real Estate Owners & Developers,PIK Group PJSC,, , , , , , , , , ,,,,,,,,,
,, ,197204795, ,2019-07-12,N/A,N/A,N/A, ,,RUB,N/A,"Company Takeover, Cross Border",Private Investor announced the acquisition of INTERSKOL ZAO. The transaction was announced on 7/12/2019 and is currently pending. Financial terms of the transaction are undisclosed.,Pending,M&A,No, ,Friendly,0,Cash,0,100, ,,,, ,,, ,,China,,N.A.,Private Investor,,,, ,3546,N.A., ,N.A.,, ,Khimki,Russia,RU,Industrial Products,Industrials,Machinery,INTERSKOL ZAO,,POWER HANDTLS, , , , , , , , ,,,,,,,,,
,, ,197460521, ,2019-07-17,N/A,N/A,N/A,2020-01-17,,EUR,N/A,Asset Sale,Takeda Pharmaceutical Co Ltd announced the sale of OTC & Prescription drugs/Russia to STADA Arzneimittel AG. Financial terms of the transaction are undisclosed.,Withdrawn,AST,No, ,Friendly,0,Cash,0,100,2019-07-17,Negotiation,,, ,,, ,Bad Vilbel,Germany,DE,Health Care,STADA Arzneimittel AG,11540, ,N.A.,N.A.,,Japan,JP,Health Care,Takeda Pharmaceutical Co Ltd, ,,Russia,,Health Care,Health Care,Biotech & Pharma,OTC & Prescription drugs/Russia,,, , , , , , , , ,,,,,,,,,
,, ,197755999, ,2019-06-13,N/A,N/A,N/A,2019-07-23,,RUB,N/A,Majority Purchase,Bashneft PJSC acquired RN-Kat LLC. The transaction was announced on 6/13/2019 and completed on 7/23/2019. Financial terms of the transaction are undisclosed.,Completed,M&A,No, ,Friendly,0,Undisclosed,0,51, ,,,, ,,, ,Ufa,Russia,RU,Energy,Bashneft PJSC,, ,N.A., ,N.A.,N.A., ,N.A.,, ,Sterlitamak,Russia,RU,Materials,Materials,Chemicals,RN-Kat LLC,, , , , , , , , , ,,,,,,,,,
,, ,198655164, ,2019-08-05,N/A,N/A,N/A,2019-08-02,,RUB,N/A,Minority Purchase,Tsifra LLC acquired a minority stake in Geosteering Technologies Ltd. The transaction was announced on 8/5/2019 and completed on 8/2/2019. Financial terms of the transaction are undisclosed.,Completed,INV,No, ,Friendly,0,Undisclosed,0,34.959999, ,,,, ,,, , ,Russia,RU,Consumer Discretionary,Tsifra LLC,, ,N.A., ,N.A.,N.A., ,N.A.,, ,Saint-Petersburg,Russia,RU,Software & Tech Services,Technology,Software,Geosteering Technologies Ltd,, , , , , , , , , ,,,,,,,,,
Scotiabank,Dechert/Osler Hoskin Har, ,198733345, ,2019-08-06,213.13,213.13,113.2 Mln,2020-01-16,,CAD,213.13,"Cross Border, Asset Sale",N-Mining Ltd sold Chulbatkan Development Project/N-Mining Ltd to Kinross Gold Corp for CAD 283.00M. The transaction was announced on 8/6/2019 and completed on 1/16/2020.,Completed,AST,No, ,Friendly,0,Cash and Stock,0,100, ,,Credit Suisse,Debevoise & Plim,CAD 169.8 Mln,,, ,Toronto,Canada,CA,Materials,Kinross Gold Corp,, ,N.A.,N.A.,,Cyprus,CY,Materials,N-Mining Ltd, ,,Russia,,Materials,Materials,Metals & Mining,Chulbatkan Development Project/N-Mining Ltd,,, , , , , , , , ,,,,,,,,,
,, ,198739813, ,2019-05-30,4.61,4.61,300.0 Mln, ,,RUB,3.64,"Private Equity, Minority Purchase",Russian Direct Investment Fund Management Co announced the acquisition of a minority stake in Neurochat LLC & Neurotrend LLC. The transaction was announced on 5/30/2019 and is currently pending.,Pending,INV,No, ,Friendly,0,Cash,0,0, ,,,, ,,, ,Moscow,Russia,RU,Financials,Russian Direct Investment Fund Management Co,, ,N.A., ,,N.A., ,N.A.,, ,,Russia,,"Tech Hardware & Semiconductors, Media","Technology, Communications","Technology Hardware, Advertising & Marketing","Neurochat LLC,Neurotrend LLC",,, , , , , , , , ,,,,,,,,,
,Freshfields/Latham & Watkins, ,198885358, ,2019-06-07,126.44,126.44,8200.0 Mln,2019-08-08,,RUB,126.44,"Cross Border, Private Equity, Minority Purchase",Marathon Oil Corp sold a minority stake in Sintez PAO to Sistema PJSFC. The transaction was announced on 6/7/2019 and completed on 8/8/2019.,Completed,INV,No, ,Friendly,0,Cash,0,46.5, ,,,, ,,, ,Moscow,Russia,RU,Communications,Sistema PJSFC,,PHONE NO  RADI,4813,1311,N.A.,United States,US,Energy,Marathon Oil Corp,CRUDE PETR/NG,Sankt-peterburg,Russia,RU,Health Care,Health Care,Biotech & Pharma,Sintez PAO,, , , , , , , , , ,,,,,,,,,
,, ,199134457, ,2019-08-13,N/A,N/A,N/A,2019-08-13,,RUB,N/A,"Private Equity, Minority Purchase",MoneyTime Inc acquired a minority stake in Instamart Holding OOO. The transaction was completed on 08/13/2019.,Completed,INV,No, ,Friendly,0,Cash,0,0, ,,,, ,,, ,Moscow,Russia,RU,Financials,MoneyTime Inc,, ,N.A., ,N.A.,N.A., ,N.A.,, ,Moscow,Russia,RU,Retail & Whsle - Discretionary,Consumer Discretionary,E-Commerce Discretionary,Instamart Holding,, , , , , , , , , ,,,,,,,,,
,, ,199197461, ,2016-01-31,0.5,0.5,0.5 Mln,2016-01-31,,USD,0.5,"Venture Capital, Private Equity, Minority Purchase, Financing Round",Private Investor acquired a minority stake in Instamart Holding OOO. The transaction was completed on 01/31/2016.,Completed,INV,No, ,Friendly,0,Cash,0,0, ,,,, ,,, ,,Russia,,N.A.,Private Investor,,,, ,N.A.,N.A., ,N.A.,, ,Moscow,Russia,RU,Retail & Whsle - Discretionary,Consumer Discretionary,E-Commerce Discretionary,Instamart Holding,, , , , , , , , , ,,,,,,,,,
,, ,199197863, ,2016-12-29,1.65,1.65,100.0 Mln,2016-12-29,,RUB,1.65,"Venture Capital, Private Equity, Minority Purchase, Financing Round",A consortium led by VK IPJSC acquired a minority stake in Instamart Holding OOO. The transaction was completed on 12/29/2016.,Completed,INV,No, ,Friendly,0,Cash,0,0, ,,,, ,,, ,,Russia,,Communications,"Private Investor,VK IPJSC",,,, ,N.A.,N.A., ,N.A.,, ,Moscow,Russia,RU,Retail & Whsle - Discretionary,Consumer Discretionary,E-Commerce Discretionary,Instamart Holding,, , , , , , , , , ,,,,,,,,,
,, ,199198655, ,2018-02-06,N/A,N/A,N/A,2018-02-06,,RUB,N/A,"Venture Capital, Private Equity, Minority Purchase, Series B / 2",Private Investor acquired a minority stake in Instamart Holding OOO. The transaction was completed on 02/06/2018.,Completed,INV,No, ,Friendly,0,Cash,0,0, ,,,, ,,, ,,Russia,,N.A.,Private Investor,,,, ,N.A.,N.A., ,N.A.,, ,Moscow,Russia,RU,Retail & Whsle - Discretionary,Consumer Discretionary,E-Commerce Discretionary,Instamart Holding,, , , , , , , , , ,,,,,,,,,
,, ,199208033, ,2019-08-13,15,15,15.0 Mln,2019-08-13,,USD,15,"Venture Capital, Cross Border, Private Equity, Minority Purchase, Additional Stake Purchase, Series B / 2",A consortium led by VNV Global Ltd acquired a minority stake in Portal LLC. The transaction was completed on 8/13/2019.,Completed,INV,No, ,Friendly,0,Cash,0,0, ,,,, ,,, ,,Sweden,,"Financials, Financials, Financials","VNV Global Ltd,Addventure Venture Capital Fund (Fund: Addventure III),Flashpoint Venture Capital (Fund: Buran Venture Capital II LP)",,,, ,N.A.,N.A., ,N.A.,, ,Moscow,Russia,RU,Industrial Services,Industrials,Transportation & Logistics,Portal LLC,, , , , , , , , , ,,,,,,,,,
,, ,199212941, ,2019-08-06,N/A,N/A,N/A,2019-06-28,,EUR,N/A,"Company Takeover, Cross Border",Norauto France SAS sold Norauto RUS LLC to Kemp-Domodedovo OOO. The transaction was announced on 8/6/2019 and completed on 6/28/2019. Financial terms of the transaction are undisclosed.,Completed,M&A,No, ,Friendly,0,Undisclosed,0,100, ,,Goetzpartners,, ,,, ,N.A,Russia,RU,Consumer Discretionary,Kemp-Domodedovo OOO,,AUTO PARTS,5013,5531,N.A.,France,FR,Consumer Discretionary,Norauto France SAS,AUTO/HOME STOR, ,Russia,RU,Retail & Whsle - Discretionary,Consumer Discretionary,Retail - Discretionary,Norauto RUS LLC,, , , , , , , , , ,,,,,,,,,
,Orrick Herringtn, ,199341560, ,2019-08-14,15,15,15.0 Mln,2019-08-14,,USD,15,"Venture Capital, Cross Border, Private Equity, Minority Purchase, Series B / 2, Additional Stake Purchase",A consortium led by VNV Global Ltd acquired a minority stake in Dostavista OOO. The transaction was completed on 8/14/2019.,Completed,INV,No, ,Friendly,0,Cash,0,0, ,,,, ,,, ,,Sweden,,"Financials, Financials, Financials","VNV Global Ltd,Addventure Venture Capital Fund (Fund: Addventure III),Flashpoint Venture Capital (Fund: Buran Venture Capital II LP)",,,, ,N.A.,N.A., ,N.A.,, , ,Russia,RU,Industrial Services,Industrials,Transportation & Logistics,Dostavista OOO,, , , , , , , , , ,,,,,,,,,
,, ,199559645, ,2019-08-21,N/A,N/A,N/A,2019-08-21,,RUB,N/A,Minority Purchase,Ros Agro PLC acquired a minority stake in GK Agro-Belogore OOO. The transaction was completed on 8/21/2019. Financial terms of the transaction are undisclosed.,Completed,INV,No, ,Friendly,0,Undisclosed,0,22.5, ,,,, ,,, ,Tambov,Russia,RU,Consumer Staples,Ros Agro PLC,29781, ,N.A., ,8742,N.A., ,N.A.,, ,Belgorod,Russia,RU,Industrial Services,Industrials,Commercial Support Services,GK Agro-Belogore OOO,,CONSULTING SVC, , , , , , , , ,,,,,,,,,
,, ,199617550, ,2019-07-04,N/A,N/A,N/A,2019-07-04,,RUB,N/A,Majority Purchase,IEK OOO acquired Ledel OOO. The transaction was completed on 7/4/2019. Financial terms of the transaction are undisclosed.,Completed,M&A,No, ,Friendly,0,Cash,0,64, ,,,, ,Gazprombank,, ,N.A,Russia,RU,Materials,IEK OOO,,CHEM/ALLY PROD,5169, ,5999,N.A., ,N.A.,, ,N.A,Russia,RU,Retail & Whsle - Discretionary,Consumer Discretionary,Retail - Discretionary,Ledel OOO,,MISC RTAIL NEC, , , , , , , , ,,,,,,,,,
,Linklaters, ,199640518, ,2019-04-05,N/A,N/A,N/A,2019-04-05,,RUB,N/A,"Cross Border, Private Equity, Minority Purchase",Bahrain Mumtalakat Holding Co BSC acquired a minority stake in Sovcombank PJSC. The transaction was completed on 4/5/2019. Financial terms of the transaction are undisclosed.,Completed,INV,No, ,Friendly,0,Cash,0,0, ,,,, ,,, ,Manama,Bahrain,BH,Financials,Bahrain Mumtalakat Holding Co BSC,,HOLDING CO NEC,6719, ,6021,N.A., ,N.A.,, ,Kostroma,Russia,RU,Banking,Financials,Banking,Sovcombank PJSC,35115,NATL COML BANK, , , , , , , , ,,,,,,,,,
,, ,200111840, ,2019-08-30,N/A,N/A,N/A,2019-08-30,,RUB,N/A,Asset Sale,Severstal PAO acquired 2 new section licenses of Vorgashorskoye. The transaction was completed on 8/30/2019. Financial terms of the transaction are undisclosed.,Completed,AST,No, ,Friendly,0,Cash,0,100, ,,,, ,,, ,Cherepovets,Russia,RU,Materials,Severstal PAO,, ,N.A., ,,N.A., ,N.A.,, ,,Russia,,Materials,Materials,Metals & Mining,2 new section licenses of Vorgashorskoye,,, , , , , , , , ,,,,,,,,,
,, ,200297191, ,2019-08-22,N/A,N/A,N/A,2019-08-22,,USD,N/A,"Cross Border, Asset Sale",Modern Machinery Co Inc sold Far East Russian business to Inzhenerno-Stroitelnaya Kompaniya LLC. The transaction was completed on 8/22/2019. Financial terms of the transaction are undisclosed.,Completed,AST,No, ,Friendly,0,Cash,0,100, ,,,Skadden Arps, ,,, , ,Russia,RU,Industrials,Inzhenerno-Stroitelnaya Kompaniya LLC,, ,N.A.,5082,,United States,US,Industrials,Modern Machinery Co Inc,CONSTR/MINE,,Russia,,Industrial Services,Industrials,Engineering & Construction,Far East Russian business,,, , , , , , , , ,,,,,,,,,
,, ,200573336, ,2019-09-06,N/A,N/A,N/A, ,,RUB,N/A,"Cross Border, Minority Purchase",KGAL GmbH & Co KG announced the acquisition of a minority stake in Trinfiko Holdings ZAO. The transaction was announced on 9/6/2019 and is currently pending. Financial terms of the transaction are undisclosed.,Pending,INV,No, ,Friendly,0,Undisclosed,0,20, ,,,, ,,, ,Gruenwald,Germany,DE,Financials,KGAL GmbH & Co KG,,BUSINESS SVC,7389, ,N.A.,N.A., ,N.A.,, ,Moscow,Russia,RU,Financial Services,Financials,Specialty Finance,Trinfiko Holdings ZAO,17, , , , , , , , , ,,,,,,,,,
,, ,200574542, ,2019-07-18,6.19,6.19,390.0 Mln,2019-07-18,,RUB,6.19,"Venture Capital, Cross Border, Private Equity, Minority Purchase, Additional Stake Purchase, Financing Round",A consortium led by Skolkovo Digital acquired a minority stake in Maximum Education. The transaction was completed on 07/18/2019.,Completed,INV,No, ,Friendly,0,Cash,0,0, ,,,, ,,Dla Piper Llp, ,,Russia,,"Financials, Financials, Financials","Russia Partners Management LLC (Fund: Russia Partners Technology Fund LP),CapMan Oyj (Fund: CapMan Russia II Fund LP),Skolkovo Venture Investments LLC (Fund: Skolkovo Digital)",,,, ,N.A.,N.A., ,N.A.,, ,Moscow,Russia,RU,Consumer Discretionary Services,Consumer Discretionary,Consumer Services,Maximum Education LLC,, , , , , , , , , ,,,,,,,,,
,, ,200654934, ,2019-09-09,3.82,3.82,N/A,2019-09-09,,RUB,N/A,"Company Takeover, Additional Stake Purchase",Rostelecom PJSC acquired Service Telecom LLC for RUB 250.00M. The transaction was completed on 9/9/2019.,Completed,M&A,No, ,Friendly,0,Undisclosed,96.300003,3.7, ,,,, ,,, ,Moscow,Russia,RU,Communications,Rostelecom PJSC,,PHONE NO  RADI,4813, ,N.A.,N.A., ,N.A.,, ,Moscow,Russia,RU,Industrial Services,Industrials,Engineering & Construction,Service Telecom LLC,, , , , , , , , , ,,,,,,,,,
,, ,200703630, ,2019-09-09,0.05,0.05,N/A,2019-09-09,,RUB,0.05,"Company Takeover, Cross Border, Additional Stake Purchase",Sun Pharmaceutical Industries Ltd acquired Biosintez OAO for RUB 3.39M. The transaction was completed on 9/9/2019.,Completed,M&A,No, ,Friendly,0,Stock,96.959999,3.04, ,,,,0.008698 Mln Sh,,, ,Mumbai,India,IN,Health Care,Sun Pharmaceutical Industries Ltd,21514, ,N.A., ,N.A.,N.A., ,N.A.,, ,Penza,Russia,RU,Health Care,Health Care,Biotech & Pharma,Biosintez OAO,938, , , , , , , , , ,,,,,,,,,
,, ,200781217, ,2020-03-25,60,60,60.0 Mln, ,,USD,60,"Option Agreement, Cross Border, Asset Sale",Areco Associates Ltd announced the sale of Elginskoye project/Amur to Petropavlovsk PLC for USD 60.00M. The transaction was announced on 3/25/2020 and is currently pending.,Pending,AST,No, ,Friendly,0,Cash,0,25,2019-09-10,Negotiation,,, ,,, ,Moscow,Russia,RU,Materials,Petropavlovsk PLC,8889, ,N.A.,N.A.,,British Virgin Islands,VG,Financials,Areco Associates Ltd, ,,Russia,,Materials,Materials,Metals & Mining,Elginskoye project/Amur,,, , , , , , , , ,,,,,,,,,
,, ,201587366, ,2019-09-20,178.65,178.65,120.0/sh.,2022-12-14,,RUB,176.59,"Mandatory Offer, Company Takeover, Squeeze Out, Additional Stake Purchase, Tender Offer, Going Private",Rinsoco Trading Co Ltd acquired Uralkali PJSC for RUB 11415.23M. The transaction was announced on 9/20/2019 and completed on 12/14/2022.,Completed,M&A,No, ,Friendly,0,Cash,96.760002,3.24, ,,,, ,,, , ,Russia,RU,Financials,Rinsoco Trading Co Ltd,, ,N.A., ,N.A.,N.A., ,N.A.,, ,Berezniki,Russia,RU,Materials,Materials,Chemicals,Uralkali PJSC,13465, ,7.27,3.77,2,0.68,7.27,3.77,2,0.68,,,,,,,,,
,, ,201798391, ,2019-09-24,N/A,N/A,N/A,2020-03-24,,USD,N/A,Minority Purchase,Potential Buyer announced the acquisition of a minority stake in QIWI plc. Financial terms of the transaction are undisclosed.,Withdrawn,INV,No, ,Friendly,0,Undisclosed,0,0,2019-09-24,Strategic Alt Review,,, ,,, ,,Russia,,N.A.,Potential Buyer,,,, ,7389,N.A., ,N.A.,, ,Nicosia,Russia,CY,Financial Services,Financials,Specialty Finance,QIWI plc,162,BUSINESS SVC, , , , , , , , ,,,,,,,,,
,, ,202117364, ,2019-06-10,40,40,40.0 Mln,2019-06-10,,USD,40,"Venture Capital, Cross Border, Private Equity, Minority Purchase, Additional Stake Purchase, Financing Round",A consortium led by  Russian Direct Investment Fund Management Co acquired a minority stake in Ivi.ru. The transaction was completed on 06/10/2019.,Completed,INV,No, ,Friendly,0,Cash,0,0, ,,,, ,,, ,,Russia,,"Financials, Financials, Financials, Financials, Financials, Financials","Russian Direct Investment Fund Management Co,Baring Vostok Capital Partners Ltd/Russia (Fund: Baring Vostok Private Equity Fund V LP),Mubadala Investment Co PJSC,Winter Capital Advisors LLC,Flashpoint Venture Capital (Fund: Buran Venture Capital II LP),RTP Global",,,, ,N.A.,N.A., ,N.A.,, ,Moscow,Russia,RU,Media,Communications,Internet Media & Services,Ivi.Ru OOO,, , , , , , , , , ,,,,,,,,,
,, ,202119728, ,2019-07-09,N/A,N/A,N/A,2019-07-09,,USD,N/A,"Private Equity, Minority Purchase",Russian Direct Investment Fund Management Co acquired a minority stake in Alium Pharmaceutical Holding. The transaction was completed on 07/09/2019. Financial terms of the transaction are undisclosed.,Completed,INV,No, ,Friendly,0,Cash,0,28, ,,,, ,,, ,Moscow,Russia,RU,Financials,Russian Direct Investment Fund Management Co,, ,N.A., ,N.A.,N.A., ,N.A.,, , ,Russia,RU,Health Care,Health Care,Health Care Facilities & Svcs,Alium Pharmaceutical Holding,, , , , , , , , , ,,,,,,,,,
,, ,202200156, ,2019-09-30,N/A,N/A,N/A,2019-09-30,,RUB,N/A,"Cross Border, Majority Purchase",Constantia Lux Parent SA acquired Constantia TT. The transaction was completed on 9/30/2019. Financial terms of the transaction are undisclosed.,Completed,M&A,No, ,Friendly,0,Undisclosed,0,0, ,,,, ,,, , ,France,LU,Health Care,Constantia Lux Parent SA,, ,N.A., ,N.A.,N.A., ,N.A.,, ,Voskresensk,Russia,RU,Health Care,Health Care,Health Care Facilities & Svcs,Constantia TT,, , , , , , , , , ,,,,,,,,,
,, ,202311559, ,2019-10-01,N/A,N/A,N/A, ,,RUB,N/A,"Cross Border, Majority Purchase",CTS Eventim AG & Co KGaA announced the acquisition of Talent Concert International. The transaction was announced on 10/1/2019 and is currently pending. Financial terms of the transaction are undisclosed.,Pending,M&A,No, ,Friendly,0,Undisclosed,0,51, ,,,, ,,, ,Bremen,Germany,DE,Consumer Discretionary,CTS Eventim AG & Co KGaA,5057, ,N.A., ,N.A.,N.A., ,N.A.,, ,Moscow,Russia,RU,Consumer Discretionary Services,Consumer Discretionary,Leisure Facilities & Services,Talent Concert International,, , , , , , , , , ,,,,,,,,,
,, ,202530760, ,2019-10-03,N/A,N/A,N/A,2021-02-17,,GBP,N/A,"Company Takeover, Cross Border",Thomas Cook Group PLC announced the sale of Intourist VAO OAO to Potential Buyer. Financial terms of the transaction are undisclosed.,Withdrawn,M&A,No, ,Friendly,0,Undisclosed,0,100,2019-10-03,Negotiation,,, ,,, ,,British Virgin Islands,,N.A.,Potential Buyer,,,,N.A.,N.A.,United Kingdom,GB,Consumer Discretionary,Thomas Cook Group PLC, ,Moscow,Russia,RU,Consumer Discretionary Services,Consumer Discretionary,Leisure Facilities & Services,Intourist VAO OAO,1, , , , , , , , , ,,,,,,,,,
,, ,202628672, ,2019-12-23,N/A,N/A,N/A,2019-12-23,,RUB,N/A,Company Takeover,Gazprom PJSC acquired Repkh AO. The transaction was completed on 12/23/2019. Financial terms of the transaction are undisclosed.,Completed,M&A,No, ,Friendly,0,Undisclosed,0,100,2019-10-04,Preliminary Offer,,, ,,, ,St. Petersburg,Russia,RU,Energy,Gazprom PJSC,468, ,N.A., ,3511,N.A., ,N.A.,, ,St Petersburg,Russia,RU,Industrial Products,Industrials,Machinery,Repkh AO,,TURBINE GENER, , , , , , , , ,,,,,,,,,
,, ,202827456, ,2019-10-09,N/A,N/A,N/A,2020-03-31,,VND,N/A,"Cross Border, Additional Stake Purchase",PetroVietnam Gas JSC sold Gazpromviet OOO to Gazprom PJSC. The transaction was announced on 10/9/2019 and completed on 3/31/2020. Financial terms of the transaction are undisclosed.,Completed,INV,No, ,Friendly,0,Undisclosed,71.871986,4.90081, ,,,, ,,, ,St. Petersburg,Russia,RU,Energy,Gazprom PJSC,468, ,N.A.,N.A.,N.A.,Vietnam,VN,Energy,PetroVietnam Gas JSC, ,Saint Petersburg,Russia,RU,Oil & Gas,Energy,Oil & Gas Supply Chain,Gazpromviet OOO,, , , , , , , , , ,,,,,,,,,
,, ,203157239, ,2019-10-15,N/A,N/A,N/A,2019-10-15,,RUB,N/A,Additional Stake Purchase,TCS Group Holding PLC acquired CloudPayments LLC. The transaction was completed on 10/15/2019. Financial terms of the transaction are undisclosed.,Completed,INV,No, ,Friendly,0,Undisclosed,90,5, ,,,, ,,, ,Vladivostok,Russia,RU,Financials,TCS Group Holding PLC,64857, ,N.A., ,N.A.,N.A., ,N.A.,, ,Moscow,Russia,RU,Financial Services,Financials,Specialty Finance,CloudPayments LLC,, , , , , , , , , ,,,,,,,,,
,, ,203254872, ,2019-09-24,N/A,N/A,N/A,2019-09-24,,EUR,N/A,"Cross Border, Asset Sale",UniCredit SpA sold Non-Performing Credit Portfolio/Russia to EOS Holding GmbH. The transaction was completed on 9/24/2019. Financial terms of the transaction are undisclosed.,Completed,AST,No, ,Friendly,0,Cash,0,100, ,,,, ,,, ,Hamburg,Germany,DE,Financials,EOS Holding GmbH,1852,HOLDING CO NEC,6719,N.A.,,Italy,IT,Financials,UniCredit SpA, ,,Russia,,Financial Services,Financials,Specialty Finance,Non-Performing Credit Portfolio/Russia,,, , , , , , , , ,,,,,,,,,
,, ,203427062, ,2019-10-18,3.89,3.89,249.132 Mln,2019-10-18,,RUB,3.89,"Cross Border, Asset Sale",Rock Capital Partners LLC sold Pilot plant & technology to Evraz PLC for RUB 249.13M. The transaction was completed on 10/18/2019.,Completed,AST,No, ,Friendly,0,Cash,0,0, ,,,, ,,, ,London,Russia,RU,Materials,Evraz PLC,67728, ,N.A.,N.A.,,United States,US,Financials,Rock Capital Partners LLC, ,,Russia,,Materials,Materials,Steel,Pilot plant & technology,,, , , , , , , , ,,,,,,,,,
,, ,203495197, ,2019-10-21,N/A,N/A,N/A,2019-10-21,,RUB,N/A,Minority Purchase,VK IPJSC acquired a minority stake in Algorithmics LLC. The transaction was completed on 10/21/2019. Financial terms of the transaction are undisclosed.,Completed,INV,No, ,Friendly,0,Undisclosed,0,11.7, ,,,, ,,, ,Sankt-peterburg,Russia,RU,Communications,VK IPJSC,,AMUSEMENT SVC,7999, ,N.A.,N.A., ,N.A.,, ,Moscow,Russia,RU,Software & Tech Services,Technology,Software,Algorithmics LLC,, , , , , , , , , ,,,,,,,,,
PwC,, ,203567903, ,2019-04-19,N/A,N/A,N/A, ,,RUB,N/A,"Cross Border, Minority Purchase",Prinzhorn Holding GmbH announced the acquisition of a minority stake in SFT Group. The transaction was announced on 4/19/2019 and is currently pending. Financial terms of the transaction are undisclosed.,Pending,INV,No, ,Friendly,0,Undisclosed,0,50, ,,,, ,KPMG Corp Fin,, ,Wien,Austria,AT,Materials,Prinzhorn Holding GmbH,4704,HOLDING CO NEC,6719, ,N.A.,N.A., ,N.A.,, ,Moscow,Russia,RU,Materials,Materials,Containers & Packaging,SFT Group,, , , , , , , , , ,,,,,,,,,
,, ,203956987, ,2019-10-28,N/A,N/A,N/A,2020-01-01,,USD,N/A,"Cross Border, Asset Sale","Community Health Systems Inc sold Southside regional medical center/Petersburg, Southampton memorial hospital/Franklin & Southern Virginia Regional Medical Center/Emporia to Mercy Health Network. The transaction was announced on 10/28/2019 and completed on 1/1/2020. Financial terms of the tra...",Completed,AST,No, ,Friendly,0,Cash,0,100, ,,,, ,,, ,West Des Moines,United States,US,Consumer Discretionary,Mercy Health Network,,GENL HOSPITAL,8062,8062,,United States,US,Health Care,Community Health Systems Inc,GENL HOSPITAL,,Russia,,"Health Care, Health Care, Health Care","Health Care, Health Care, Health Care","Health Care Facilities & Svcs, Health Care Facilities & Svcs, Health Care Facilities & Svcs","Southside regional medical center/Petersburg,Southampton memorial hospital/Franklin,Southern Virginia Regional Medical Center/Emporia",,, , , , , , , , ,,,,,,,,,
,, ,204090216, ,2019-10-30,N/A,N/A,196.27/sh., ,,RUB,N/A,"Cross Border, Additional Stake Purchase",Prosperity Capital Management Ltd/Cayman Islands announced the sale of Kuzbasskaya Toplivnaya Kompaniya PAO to SFI PJSC. The transaction was announced on 10/30/2019 and is currently pending. Financial terms of the transaction are undisclosed.,Pending,INV,No, ,Friendly,0,Cash,67,27.24, ,,,, ,,, ,MOSCOW,Russia,RU,Financials,SFI PJSC,23, ,N.A.,6719,N.A.,Cayman Islands,KY,Financials,Prosperity Capital Management Ltd/Cayman Islands,HOLDING CO NEC,Kemerovo,Russia,RU,Materials,Materials,Metals & Mining,Kuzbasskaya Toplivnaya Kompaniya PAO,, , , , , , , , , ,,,,,,,,,
,Baker McKenzie, ,204168976, ,2019-10-31,N/A,N/A,N/A,2019-10-31,,RUB,N/A,"Cross Border, Minority Purchase",State Oil Co of the Azerbaijan Republic acquired a minority stake in SOCAR Energoresurs LLC. The transaction was completed on 10/31/2019. Financial terms of the transaction are undisclosed.,Completed,INV,No, ,Friendly,0,Undisclosed,0,0, ,,,, ,,, ,Baku,Azerbaijan,AZ,Energy,State Oil Co of the Azerbaijan Republic,,PETROL REFINNG,2911, ,N.A.,N.A., ,N.A.,, , ,Russia,RU,Oil & Gas,Energy,Oil & Gas Services & Equip,SOCAR Energoresurs LLC,, , , , , , , , , ,,,,,,,,,
,, ,204451901, ,2019-10-14,300,300,300.0 Mln, ,,USD,300,"Cross Border, Private Equity, Minority Purchase",A consortium led by Public Investment Fund announced the acquisition of a minority stake in NefteTransServis ZAO. The transaction was announced on 10/14/2019 and is currently pending.,Pending,INV,No, ,Friendly,0,Cash,0,0, ,,,, ,,, ,,Saudi Arabia,,"Financials, Financials","Private Investor,Public Investment Fund,Russian Direct Investment Fund Management Co (Fund: RDIF Mubadala Co-investment Fund)",,,, ,4011,N.A., ,N.A.,, ,Moscow,Russia,RU,Industrial Services,Industrials,Transportation & Logistics,NefteTransServis ZAO,,RAILROAD OPER, , , , , , , , ,,,,,,,,,
Ernst & Young/Nomura,Kirkland & Ellis, ,204538920, ,2019-11-05,660,660,660.0 Mln,2020-03-04,,USD,660,"Cross Border, Asset Sale",Takeda Pharmaceutical Co Ltd sold Portfolio of approx 20 select OTC & prescription pharmaceutical assets to STADA Arzneimittel AG for USD 660.00M. The transaction was announced on 11/5/2019 and completed on 3/4/2020.,Completed,AST,No, ,Friendly,0,Cash,0,100, ,,BofA ML,White & Case LLP, ,,, ,Bad Vilbel,Germany,DE,Health Care,STADA Arzneimittel AG,11540, ,N.A.,N.A.,,Japan,JP,Health Care,Takeda Pharmaceutical Co Ltd, ,,Russia,,Health Care,Health Care,Biotech & Pharma,Portfolio of approx 20 select OTC & prescription pharmaceutical assets,,, , , , , , , , ,,,,,,,,,
,, ,204548544, ,2019-11-05,N/A,N/A,N/A, ,,RUB,N/A,Company Takeover,Alkor & Co LLC announced the acquisition of Taber Trade LLC. The transaction was announced on 11/5/2019 and is currently pending. Financial terms of the transaction are undisclosed.,Pending,M&A,No, ,Friendly,0,Undisclosed,0,100, ,,,, ,,, ,Moscow,Russia,RU,Consumer Discretionary,Alkor & Co LLC,, ,N.A., ,N.A.,N.A., ,N.A.,, ,Moscow,Russia,RU,Retail & Whsle - Discretionary,Consumer Discretionary,E-Commerce Discretionary,Taber Trade LLC,, , , , , , , , , ,,,,,,,,,
,, ,204997163, ,2019-11-12,N/A,N/A,N/A,2020-05-12,,USD,N/A,"Cross Border, Minority Purchase",DXC Technology Co announced the sale of a minority stake in Icon Soft LLC to Glonass ZAO. Financial terms of the transaction are undisclosed.,Withdrawn,INV,No, ,Friendly,0,Undisclosed,0,26,2019-11-12,On the Block,,, ,,, ,Moscow,Russia,RU,Consumer Discretionary,Glonass ZAO,, ,N.A.,7373,N.A.,United States,US,Technology,DXC Technology Co,COMPU SYS DES,Moscow,Russia,RU,Software & Tech Services,Technology,IT Services,Icon Soft LLC,, , , , , , , , , ,,,,,,,,,
,, ,205248862, ,2019-11-15,N/A,N/A,N/A,2019-11-15,,RUB,N/A,Company Takeover,Ingosstrakh Insurance Co acquired Medika-Vostok LLC. The transaction was completed on 11/15/2019. Financial terms of the transaction are undisclosed.,Completed,M&A,No, ,Friendly,0,Undisclosed,0,100, ,,,, ,,, ,Moscow,Russia,RU,Financials,Ingosstrakh Insurance Co,12750,ACC/HEALTH INS,6321, ,N.A.,N.A., ,N.A.,, ,Krasnoyarsk,Russia,RU,Insurance,Financials,Insurance,Medika-Vostok LLC,, , , , , , , , , ,,,,,,,,,
,, ,205308198, ,2019-11-16,N/A,N/A,N/A,2019-11-16,,RUB,N/A,Company Takeover,Er-Telekom Holding ZAO acquired iHome LLC. The transaction was completed on 11/16/2019. Financial terms of the transaction are undisclosed.,Completed,M&A,No, ,Friendly,0,Undisclosed,0,100, ,,,, ,,, ,Moscow,Russia,RU,Communications,Er-Telekom Holding ZAO,14332,COMMUN SRV NEC,4899, ,N.A.,N.A., ,N.A.,, ,Moscow,Russia,RU,Telecommunications,Communications,Telecommunications,iHome LLC,, , , , , , , , , ,,,,,,,,,
VTB Capital,, ,205407964,2019-12-19,2019-10-25,144.97,144.97,0.394/sh.,2020-02-21,,USD,144.97,"Company Takeover, Squeeze Out, Cross Border, Additional Stake Purchase, Tender Offer, Going Private",Flotonic Ltd acquired AFI Development PLC for USD 144.97M. The transaction was announced on 10/25/2019 and completed on 2/21/2020.,Completed,M&A,No, ,Friendly,0,Cash,64.32,35.68, ,,,, ,BDO LLP,, , ,Cyprus,CY,Financials,Flotonic Ltd,, ,N.A., ,N.A.,N.A., ,N.A.,, ,Moscow,Russia,RU,Real Estate,Real Estate,Real Estate Owners & Developers,AFI Development PLC,, ,0.47,5.08,1.18,0.28,0.47,5.08,1.18,0.28,,,,,,,,,
,, ,205474597, ,2019-08-26,2.65,2.65,175.0 Mln,2019-08-26,,RUB,2.65,"Private Equity, Minority Purchase",Russian Venture Co OJSC acquired a minority stake in Hotlead LLC & Visitech Ltd. The transaction was completed on 8/26/2019.,Completed,INV,No, ,Friendly,0,Cash,0,0, ,,,, ,,, ,Moscow,Russia,RU,Financials,Russian Venture Co OJSC,,SEC BROKER/DLR,6211, ,,N.A., ,N.A.,, ,,Russia,,"Tech Hardware & Semiconductors, Software & Tech Services","Technology, Technology","Technology Hardware, IT Services","Hotlead LLC,Visitech Ltd",,, , , , , , , , ,,,,,,,,,
,, ,205610076, ,2020-03-31,N/A,N/A,N/A,2020-03-31,,PLN,N/A,"Company Takeover, Cross Border",Getin Holding SA sold Karkade OOO to Gazprombank JSC. The transaction was completed on 3/31/2020. Financial terms of the transaction are undisclosed.,Completed,M&A,No, ,Friendly,0,Undisclosed,0,100,2019-11-22,Negotiation,,, ,,, ,Moscow,Russia,RU,Financials,Gazprombank JSC,,COML BANK NEC,6029,N.A.,N.A.,Poland,PL,Financials,Getin Holding SA, ,Kaliningrad,Russia,RU,Financial Services,Financials,Specialty Finance,Karkade OOO,1327, , , , , , , , , ,,,,,,,,,
,, ,205719319, ,2019-11-25,N/A,N/A,N/A,2019-11-15,,USD,N/A,"Cross Border, Additional Stake Purchase",Mercedes-Benz Group AG acquired Kamaz PJSC. The transaction was announced on 11/25/2019 and completed on 11/15/2019. Financial terms of the transaction are undisclosed.,Completed,INV,No, ,Friendly,0,Undisclosed,15,15, ,,,, ,,, ,Stuttgart,Germany,DE,Consumer Discretionary,Mercedes-Benz Group AG,169240, ,N.A., ,N.A.,N.A., ,N.A.,, ,Tatarstan,Russia,RU,Industrial Products,Industrials,Transportation Equipment,Kamaz PJSC,, , , , , , , , , ,,,,,,,,,
,, ,205871424, ,2019-11-27,N/A,N/A,N/A,2020-05-27,,RUB,N/A,"Cross Border, Minority Purchase",China Gold International Resources Corp Ltd announced the acquisition of a minority stake in Intergeo Mining Ltd. Financial terms of the transaction are undisclosed.,Withdrawn,INV,No, ,Friendly,0,Undisclosed,0,0,2019-11-27,On the Block,,, ,,, ,Vancouver,China,CA,Materials,China Gold International Resources Corp Ltd,482,GOLD ORE,1041, ,N.A.,N.A., ,N.A.,, , ,Russia,VG,Materials,Materials,Metals & Mining,Intergeo Mining Ltd,, , , , , , , , , ,,,,,,,,,
,, ,205981003, ,2019-11-09,N/A,N/A,N/A,2019-11-09,,RUB,N/A,"Private Equity, Minority Purchase",Russian Direct Investment Fund Management Co acquired a minority stake in Assisted Surgical Technologies. The transaction was completed on 11/9/2019. Financial terms of the transaction are undisclosed.,Completed,INV,No, ,Friendly,0,Cash,0,0, ,,,, ,,, ,Moscow,Russia,RU,Financials,Russian Direct Investment Fund Management Co,, ,N.A., ,N.A.,N.A., ,N.A.,, , ,Russia,RU,Industrial Products,Industrials,Machinery,Assisted Surgical Technologies,, , , , , , , , , ,,,,,,,,,
,, ,206242750,2022-08-10,2019-12-03,N/A,N/A,N/A,2022-08-10,,RUB,N/A,"Minority Purchase, Additional Stake Purchase",Rosatom Corp acquired a minority stake in Delo Group. The transaction was announced on 12/3/2019 and completed on 8/10/2022. Financial terms of the transaction are undisclosed.,Completed,INV,No, ,Friendly,0,Undisclosed,30,19, ,,,, ,,, ,Moscow,Russia,RU,Utilities,Rosatom Corp,, ,N.A., ,N.A.,N.A., ,N.A.,, ,Moscow,Russia,RU,Industrial Services,Industrials,Transportation & Logistics,Delo Group,, , , , , , , , , ,,,,,,,,,
,, ,206598803, ,2019-12-07,N/A,N/A,N/A,2019-12-07,,USD,N/A,Majority Purchase,State Transport Leasing Co OJSC acquired AKB NRBank OAO. The transaction was completed on 12/7/2019. Financial terms of the transaction are undisclosed.,Completed,M&A,No, ,Friendly,-17.104259,Undisclosed,0,76.300003, ,,,, ,,, ,Salekhard,Russia,RU,Financials,State Transport Leasing Co OJSC,513,MISC BUS CRED,6159, ,N.A.,N.A., ,N.A.,, ,Moscow,Russia,RU,Banking,Financials,Banking,AKB NRBank OAO,, , , , , , , , , ,,,,,,,,,
,, ,206612501, ,2019-12-09,N/A,N/A,N/A, ,,USD,N/A,"Cross Border, Minority Purchase",General Motors Co announced the sale of a minority stake in GM-Avtovaz ZAO to Avtovaz PJSC. The transaction was announced on 12/9/2019 and is currently pending. Financial terms of the transaction are undisclosed.,Pending,INV,No, ,Friendly,0,Undisclosed,0,50, ,,,, ,,, ,Tolyatti,Russia,RU,Consumer Discretionary,Avtovaz PJSC,38070,VEHIC/CAR BODY,3711,3711,3711,United States,US,Consumer Discretionary,General Motors Co,VEHIC/CAR BODY,Togliatty,Russia,RU,Consumer Discretionary Products,Consumer Discretionary,Automotive,GM-Avtovaz ZAO,,VEHIC/CAR BODY, , , , , , , , ,,,,,,,,,
,, ,207209437, ,2019-12-17,10,10,10.0 Mln,2019-12-17,,USD,10,"Venture Capital, Private Equity, Minority Purchase, Financing Round",A consortium led by Private Investor acquired a minority stake in YClients LLC. The transaction was completed on 12/17/2019.,Completed,INV,No, ,Friendly,0,Cash,0,0, ,,,, ,,, ,,Russia,,Financials,"Private Investor,Elbrus Capital OOO (Fund: Elbrus Capital Fund II)",,,, ,N.A.,N.A., ,N.A.,, ,Moscow,Russia,RU,Software & Tech Services,Technology,Software,YClients LLC,, , , , , , , , , ,,,,,,,,,
,, ,207520306, ,2019-12-03,N/A,N/A,N/A,2019-12-03,,RUB,N/A,"Cross Border, Private Equity, Minority Purchase",A consortium led by VNV Global Ltd acquired a minority stake in Monopoliya OOO. The transaction was completed on 12/3/2019. Financial terms of the transaction are undisclosed.,Completed,INV,No, ,Friendly,0,Cash,0,9.1, ,,,Norton Rose, ,,, ,,Sweden,,"Financials, Financials","VNV Global Ltd,Baring Vostok Capital Partners Ltd/Russia (Fund: Baring Vostok Private Equity Fund V LP)",,,, ,4213,N.A., ,N.A.,, ,Saint Petersburg,Russia,RU,Industrial Services,Industrials,Transportation & Logistics,Monopoliya OOO,,TRK EXCPT LOCL, , , , , , , , ,,,,,,,,,
,, ,207539098, ,2019-12-20,N/A,N/A,N/A, ,,RUB,N/A,Minority Purchase,Far-Eastern Shipping Co PLC announced the acquisition of a minority stake in Russkaya Troika OOO. The transaction was announced on 12/20/2019 and is currently pending. Financial terms of the transaction are undisclosed.,Pending,INV,No, ,Friendly,0,Undisclosed,0,25, ,,,, ,,, ,Moscow,Russia,RU,Industrials,Far-Eastern Shipping Co PLC,, ,N.A., ,5122,N.A., ,N.A.,, ,Krasnodar,Russia,RU,Health Care,Health Care,Medical Equipment & Devices,Russkaya Troika OOO,,DRUGS/SUNDRIES, , , , , , , , ,,,,,,,,,
,, ,207684449, ,2019-12-23,N/A,N/A,N/A, ,,USD,N/A,"Company Takeover, Majority Purchase, Additional Stake Purchase",Rostelecom PJSC announced the acquisition of Votron LLC & Open Mobile Platform LLC. The transaction was announced on 12/23/2019 and is currently pending. Financial terms of the transaction are undisclosed.,Pending,M&A,No, ,Friendly,0,Undisclosed,75,24.9, ,,,, ,,, ,Moscow,Russia,RU,Communications,Rostelecom PJSC,,PHONE NO  RADI,4813, ,,N.A., ,N.A.,, ,,Russia,,"Financial Services, Software & Tech Services","Financials, Technology","Asset Management, Software","Votron LLC,Open Mobile Platform LLC",,, , , , , , , , ,,,,,,,,,
,, ,207837200, ,2019-12-24,N/A,N/A,N/A,2019-12-24,,RUB,N/A,"Option Agreement, Majority Purchase, Additional Stake Purchase",VK IPJSC acquired Skillbox OOO. The transaction was completed on 12/24/2019. Financial terms of the transaction are undisclosed.,Completed,M&A,No, ,Friendly,0,Undisclosed,10.33,50, ,,,, ,,, ,Sankt-peterburg,Russia,RU,Communications,VK IPJSC,,AMUSEMENT SVC,7999, ,N.A.,N.A., ,N.A.,, ,Moscow,Russia,RU,Media,Communications,Internet Media & Services,Skillbox OOO,, , , , , , , , , ,,,,,,,,,
,, ,207866370, ,2019-10-02,5,5,5.0 Mln,2019-10-02,,USD,5,"Venture Capital, Private Equity, Minority Purchase, Series B / 2",A consortium led by United Capital Partners Advisory OOO acquired a minority stake in Geosplit OOO. The transaction was completed on 10/2/2019.,Completed,INV,No, ,Friendly,0,Cash,0,0, ,,,, ,,, ,,Russia,,"Communications, Financials","United Capital Partners Advisory OOO (Fund: United Capital Partners Private Equity Fund II LP),Sistema PJSFC (Fund: Sistema Rusnano SICAR)",,,, ,N.A.,N.A., ,N.A.,, ,Moscow,Russia,RU,Oil & Gas,Energy,Oil & Gas Services & Equip,Geosplit OOO,, , , , , , , , , ,,,,,,,,,
,, ,207912391, ,2019-12-26,N/A,N/A,N/A,2019-12-25,,RUB,N/A,Company Takeover,Er-Telekom Holding ZAO acquired Binom-TV JSC. The transaction was announced on 12/26/2019 and completed on 12/25/2019. Financial terms of the transaction are undisclosed.,Completed,M&A,No, ,Friendly,0,Undisclosed,0,100, ,,,, ,,, ,Moscow,Russia,RU,Communications,Er-Telekom Holding ZAO,14332,COMMUN SRV NEC,4899, ,N.A.,N.A., ,N.A.,, , ,Russia,RU,Telecommunications,Communications,Telecommunications,Binom-TV JSC,, , , , , , , , , ,,,,,,,,,
,, ,207966449, ,2019-12-27,N/A,N/A,N/A,2020-02-07,,USD,N/A,"Company Takeover, Cross Border",Liberty Mutual Group Inc sold Liberty Insurance JSC to SovCo Capital Partners BV. The transaction was announced on 12/27/2019 and completed on 2/7/2020. Financial terms of the transaction are undisclosed.,Completed,M&A,No, ,Friendly,0,Cash,0,100, ,,,, ,,, ,Hoofddorp,Russia,NL,Financials,SovCo Capital Partners BV,, ,N.A.,6331,N.A.,United States,US,Financials,Liberty Mutual Group Inc,FIRE/MARIN INS,Moscow,Russia,RU,Insurance,Financials,Insurance,Liberty Insurance JSC,, , , , , , , , , ,,,,,,,,,
,, ,208054858, ,2019-12-26,N/A,N/A,N/A,2019-12-26,,RUB,N/A,Minority Purchase,VEB.RF GK acquired a minority stake in NPF Blagosostoyanie. The transaction was completed on 12/26/2019. Financial terms of the transaction are undisclosed.,Completed,INV,No, ,Friendly,0,Undisclosed,0,25,2019-08-30,,,, ,,, ,Moscow,Russia,RU,Government,VEB.RF GK,12722, ,N.A., ,6733,N.A., ,N.A.,, ,Moscow,Russia,RU,Financial Services,Financials,Specialty Finance,NPF Blagosostoyanie,,TRUST/FOUNDATN, , , , , , , , ,,2019-12-26,,2019-12-26,,,,,
,, ,208270380, ,2019-09-13,35.81,35.81,2300.0 Mln,2019-09-13,,RUB,35.81,"Asset Sale, Private Equity",Supremum Capital acquired Meridian Business Center/Trinfico Group for RUB 2300.00M. The transaction was completed on 9/13/2019.,Completed,AST,No, ,Friendly,0,Cash,0,100, ,,PwC,, ,,, ,London,United Kingdom,GB,Financials,Supremum Capital,, ,N.A., ,,N.A., ,N.A.,, ,,Russia,,Real Estate,Real Estate,REIT,Meridian Business Center/Trinfico Group,,, , , , , , , , ,,,,,,,,,
,, ,208357213, ,2016-08-23,2.5,2.5,2.5 Mln,2019-08-23,,USD,2.5,"Cross Border, Private Equity, Minority Purchase",VNV Global Ltd acquired a minority stake in OneTwoTrip/Russia. The transaction was announced on 8/23/2016 and completed on 8/23/2019.,Completed,INV,No, ,Friendly,0,Cash,0,0, ,,,, ,,, , ,Sweden,BM,Financials,VNV Global Ltd,7, ,N.A., ,N.A.,N.A., ,N.A.,, , ,Russia,RU,Industrial Services,Industrials,Transportation & Logistics,OneTwoTrip/Russia,, , , , , , , , , ,,,,,,,,,
,, ,208373958, ,2017-02-15,5.8,5.8,5.8 Mln,2017-02-15,,USD,5.8,"Cross Border, Private Equity, Minority Purchase, Additional Stake Purchase",VNV Global Ltd acquired a minority stake in OneTwoTrip/Russia. The transaction was completed on 2/15/2017.,Completed,INV,No, ,Friendly,0,Cash,0,14.6, ,,,, ,,, , ,Sweden,BM,Financials,VNV Global Ltd,7, ,N.A., ,N.A.,N.A., ,N.A.,, , ,Russia,RU,Industrial Services,Industrials,Transportation & Logistics,OneTwoTrip/Russia,, , , , , , , , , ,,,,,,,,,
,, ,208986480, ,2020-01-16,16.22,16.22,N/A,2020-01-16,,RUB,N/A,Minority Purchase,Bashinformsvyaz PJSC acquired a minority stake in Internet Initiatives Development Fund. The transaction was completed on 1/16/2020.,Completed,INV,No, ,Friendly,0,Undisclosed,0,18.360001, ,,,, ,,, ,Ufa,Russia,RU,Communications,Bashinformsvyaz PJSC,4548, ,N.A., ,N.A.,N.A., ,N.A.,, ,Moscow,Russia,RU,Financial Services,Financials,Asset Management,Internet Initiatives Development Fund,, , , , , , , , , ,,,,,,,,,
,, ,209146764, ,2020-01-21,N/A,N/A,N/A,2020-01-21,,PKR,N/A,"Asset Sale, Private Equity",Winter Capital Advisors LLC acquired Bystrinskiy copper project. The transaction was completed on 1/21/2020. Financial terms of the transaction are undisclosed.,Completed,AST,No, ,Friendly,0,Cash,0,100,2020-01-21,,,, ,,, ,Limassol,Russia,CY,Financials,Winter Capital Advisors LLC,, ,N.A., ,,N.A., ,N.A.,, ,,Russia,,Materials,Materials,Metals & Mining,Bystrinskiy copper project,,, , , , , , , , ,,,,,,,,,
,, ,209280237, ,2020-01-24,N/A,N/A,N/A,2020-01-24,,RUB,N/A,Company Takeover,Sistema PJSFC acquired Swedwood Karelia OOO. The transaction was completed on 1/24/2020. Financial terms of the transaction are undisclosed.,Completed,M&A,No, ,Friendly,0,Undisclosed,0,100, ,,,, ,,, ,Moscow,Russia,RU,Communications,Sistema PJSFC,,PHONE NO  RADI,4813, ,0811,N.A., ,N.A.,, ,N.A,Russia,RU,Materials,Materials,"Forestry, Paper & Wood Products",Swedwood Karelia OOO,,TIMBER TRACTS, , , , , , , , ,,,,,,,,,
,, ,209409619, ,2020-01-28,N/A,N/A,N/A,2020-07-03,,RUB,N/A,"Company Takeover, Cross Border",The deal has been withdrawn on 07/03/2020. USM Holdings Ltd announced the sale of Ural Steel OAO to Private Investor.  Financial terms of the transaction are undisclosed.,Withdrawn,M&A,No, ,Friendly,0,Undisclosed,0,100,2020-01-28,Preliminary Offer,,, ,,, ,Moscow,Russia,RU,Materials,Zagorsk Pipe Plant,, ,N.A.,N.A.,N.A.,British Virgin Islands,VG,Industrials,USM Holdings Ltd, ,Novotroitsk,Russia,RU,Materials,Materials,Steel,Ural Steel OAO,, , , , , , , , , ,,,,,,,,,
,, ,209531956, ,2020-01-30,98.55,98.55,6253.0 Mln,2020-01-30,,RUB,98.55,"Company Takeover, Cross Border",NAC Kazatomprom JSC sold Centr po Ubagasheniyu Urana ZAO to Tvel OAO for RUB 6253.00M. The transaction was completed on 1/30/2020.,Completed,M&A,No, ,Friendly,0,Cash,50,50,2020-01-30,,,, ,,, ,Moscow,Russia,RU,Energy,Tvel OAO,34088,INORG CHEM NEC,2819,N.A.,N.A.,Kazakhstan,KZ,Materials,NAC Kazatomprom JSC, ,Novouralsk,Russia,RU,Materials,Materials,Chemicals,Centr po Ubagasheniyu Urana ZAO,, , , , , , , , , ,,,,,,,,,
,, ,209818696, ,2020-02-05,N/A,N/A,N/A,2020-08-05,,RUB,N/A,Minority Purchase,Er-Telekom Holding ZAO announced the acquisition of a minority stake in Information Retail Integrated Systems LLC. Financial terms of the transaction are undisclosed.,Withdrawn,INV,No, ,Friendly,0,Undisclosed,0,4.9,2020-02-05,,,, ,,, ,Moscow,Russia,RU,Communications,Er-Telekom Holding ZAO,14332,COMMUN SRV NEC,4899, ,N.A.,N.A., ,N.A.,, , ,Russia,RU,Software & Tech Services,Technology,Software,Information Retail Integrated Systems LLC,, , , , , , , , , ,,,,,,,,,
,, ,209823348, ,2020-02-05,N/A,N/A,N/A,2020-02-05,,RUB,N/A,Majority Purchase,Mobile TeleSystems PJSC acquired Zelenaya Tochka Group. The transaction was completed on 2/5/2020. Financial terms of the transaction are undisclosed.,Completed,M&A,No, ,Friendly,0,Undisclosed,0,51, ,,,, ,,, ,Moscow,Russia,RU,Communications,Mobile TeleSystems PJSC,60388, ,N.A., ,N.A.,N.A., ,N.A.,, ,Belgorod,Russia,RU,Telecommunications,Communications,Telecommunications,Zelenaya Tochka Group,, , , , , , , , , ,,,,,,,,,
,, ,209940469, ,2020-02-07,N/A,N/A,N/A,2020-02-07,,USD,N/A,"Company Takeover, Cross Border",Liberty Mutual Holding Co Inc sold Liberty Insurance JSC to SovCo Capital Partners BV. The transaction was completed on 2/7/2020. Financial terms of the transaction are undisclosed.,Completed,M&A,No, ,Friendly,0,Undisclosed,0,99.989998, ,,,, ,,, ,Hoofddorp,Russia,NL,Financials,SovCo Capital Partners BV,, ,N.A.,6331,N.A.,United States,US,Financials,Liberty Mutual Holding Co Inc,FIRE/MARIN INS,Moscow,Russia,RU,Insurance,Financials,Insurance,Liberty Insurance JSC,, , , , , , , , , ,,,,,,,,,
,, ,210584348, ,2020-04-03,N/A,N/A,N/A,2020-06-30,,RUB,N/A,Majority Purchase,A consortium led by Sberbank of Russia PJSC announced the acquisition of Smart Space OOO. The transaction was announced on 4/3/2020 and is expected to be completed by 6/30/2020. Financial terms of the transaction are undisclosed.,Pending,M&A,No, ,Friendly,0,Undisclosed,0,75.599998,2020-02-20,Preliminary Offer,,, ,,, ,,Russia,,"Financials, Communications","Sberbank of Russia PJSC,VK IPJSC",,,, ,N.A.,N.A., ,N.A.,, ,Saint Petersburg,Russia,RU,Software & Tech Services,Technology,Software,Smart Space OOO,, , , , , , , , , ,,,,N/A,,,,,
,, ,211200666, ,2020-03-02,N/A,N/A,N/A,2020-03-02,,RUB,N/A,"Cross Border, Majority Purchase",AAK AB acquired NPO Margaron OOO. The transaction was completed on 3/2/2020. Financial terms of the transaction are undisclosed.,Completed,M&A,No, ,Friendly,0,Undisclosed,0,75, ,,,, ,,, ,Malmo,Sweden,SE,Consumer Staples,AAK AB,4050, ,N.A., ,2079,N.A., ,N.A.,, ,St. Petersburg,Russia,RU,Consumer Staple Products,Consumer Staples,Food,NPO Margaron OOO,,EDIBLE FAT/OIL, , , , , , , , ,,,,,,,,,
,, ,211330082, ,2020-03-03,N/A,N/A,62156.53125/sh.,2020-05-26,,RUB,N/A,"Mandatory Offer, Private Equity, Minority Purchase, Additional Stake Purchase, Tender Offer",Sistema PJSFC acquired a minority stake in Sintez PAO. The transaction was announced on 3/3/2020 and completed on 5/26/2020. Financial terms of the transaction are undisclosed.,Completed,INV,No, ,Friendly,0,Cash,46.5,9.7, ,,,, ,,, ,Moscow,Russia,RU,Communications,Sistema PJSFC,,PHONE NO  RADI,4813, ,N.A.,N.A., ,N.A.,, ,Sankt-peterburg,Russia,RU,Health Care,Health Care,Biotech & Pharma,Sintez PAO,, , , , , , , , , ,,,,,,,,,
,, ,211895070, ,2020-03-13,N/A,N/A,N/A,2020-03-13,,RUB,N/A,Company Takeover,Severstal PAO acquired Sintez-CIP Ltd. The transaction was completed on 3/13/2020. Financial terms of the transaction are undisclosed.,Completed,M&A,No, ,Friendly,0,Undisclosed,0,100, ,,,, ,,, ,Cherepovets,Russia,RU,Materials,Severstal PAO,, ,N.A., ,N.A.,N.A., ,N.A.,, ,Dzerzhinsk,Russia,RU,Materials,Materials,Chemicals,Sintez-CIP Ltd,, , , , , , , , , ,,,,,,,,,
,, ,211895150, ,2020-03-13,N/A,N/A,N/A,2020-03-13,,RUB,N/A,Company Takeover,Severstal PAO acquired Sintez-Proizvodstvo Poroshkov Ltd. The transaction was completed on 3/13/2020. Financial terms of the transaction are undisclosed.,Completed,M&A,No, ,Friendly,0,Undisclosed,0,100, ,,,, ,,, ,Cherepovets,Russia,RU,Materials,Severstal PAO,, ,N.A., ,N.A.,N.A., ,N.A.,, ,Dzerzhinsk,Russia,RU,Materials,Materials,Metals & Mining,Sintez-Proizvodstvo Poroshkov Ltd,, , , , , , , , , ,,,,,,,,,
PwC,Baker McKenzie, ,211904720, ,2020-01-28,N/A,N/A,N/A, ,,RUB,N/A,"Company Takeover, Cross Border",Ecco Holding A/S announced the acquisition of Ekko-Ros OOO. The transaction was announced on 1/28/2020 and is currently pending. Financial terms of the transaction are undisclosed.,Pending,M&A,No, ,Friendly,0,Undisclosed,0,100, ,,,, ,,, ,Bredebro,Denmark,DK,Consumer Discretionary,Ecco Holding A/S,,HOLDING CO NEC,6719, ,5661,N.A., ,N.A.,, ,Rp Parfino,Russia,RU,Retail & Whsle - Discretionary,Consumer Discretionary,Retail - Discretionary,Ekko-Ros OOO,,SHOE STORES, , , , , , , , ,,,,N/A,,,,,
,, ,211951957, ,2020-03-16,N/A,N/A,N/A,2020-03-16,,RUB,N/A,"Company Takeover, Cross Border",Salym Petroleum Development NV/Netherlands acquired Salymsky-2 OOO. The transaction was completed on 3/16/2020. Financial terms of the transaction are undisclosed.,Completed,M&A,No, ,Friendly,0,Undisclosed,0,100, ,,,, ,,, ,'S-Gravenhage,Netherlands,NL,Energy,Salym Petroleum Development NV/Netherlands,1003,CRUDE PETR/NG,1311, ,N.A.,N.A., ,N.A.,, ,Khanty-Mansiysk,Russia,RU,Materials,Materials,Metals & Mining,Salymsky-2 OOO,, , , , , , , , , ,,,,2020-03-16,,,,,
Morgan Stanley,, ,212145917, ,2020-03-19,20,20,20.0 Mln,2020-03-31,,USD,20,Minority Purchase,Solidcore Resources PLC announced the acquisition of a minority stake in ThreeArc Mining Ltd. The transaction was announced on 3/19/2020 and is expected to be completed by 3/31/2020.,Pending,INV,No, ,Friendly,0,Cash,0,9.1, ,,,, ,,, ,G.astana,Russia,KZ,Materials,Solidcore Resources PLC,3884, ,N.A., ,N.A.,N.A., ,N.A.,, ,Saint Petersburg,Russia,RU,Materials,Materials,Metals & Mining,ThreeArc Mining Ltd,, , , , , , , , , ,,,,,,,,,
,, ,212184837, ,2020-03-19,N/A,N/A,N/A,2020-03-19,,RUB,N/A,"Private Equity, Minority Purchase",Russian Direct Investment Fund Management Co acquired a minority stake in Medpromresurs LLC. The transaction was completed on 3/19/2020. Financial terms of the transaction are undisclosed.,Completed,INV,No, ,Friendly,0,Cash,0,0, ,,,, ,,, ,Moscow,Russia,RU,Financials,Russian Direct Investment Fund Management Co,, ,N.A., ,N.A.,N.A., ,N.A.,, ,Moscow,Russia,RU,Health Care,Health Care,Health Care Facilities & Svcs,Medpromresurs LLC,, , , , , , , , , ,,,,,,,,,
,, ,212545558, ,2020-03-04,3.01,3.01,200.0 Mln,2020-03-04,,RUB,3.01,"Private Equity, Minority Purchase",Skolkovo Venture Investments LLC acquired a minority stake in CM.Expert. The transaction was completed on 3/4/2020.,Completed,INV,No, ,Friendly,0,Cash,0,0, ,,,, ,,, ,Moscow,Russia,RU,Financials,Skolkovo Venture Investments LLC,, ,N.A., ,N.A.,N.A., ,N.A.,, , ,Russia,RU,Media,Communications,Internet Media & Services,CM.Expert,, , , , , , , , , ,,,,,,,,,
,, ,212759073, ,2020-03-29,N/A,N/A,14.07/sh., ,,USD,N/A,"Cross Border, Majority Purchase",Shanghai Huace Navigation Technology Ltd announced the acquisition of Prin AO. The transaction was announced on 3/29/2020 and is currently pending. Financial terms of the transaction are undisclosed.,Pending,M&A,No, ,Friendly,0,Cash,0,86, ,,,, ,,, ,Shanghai,China,CN,Technology,Shanghai Huace Navigation Technology Ltd,2333,SEARCH/NAVIG,3812, ,7389,N.A., ,N.A.,, ,Moscow,Russia,RU,Industrial Services,Industrials,Commercial Support Services,Prin AO,,BUSINESS SVC, , , , , , , , ,,,,,,,,,
,, ,212769908, ,2019-06-07,46.26,46.26,3000.0 Mln,2020-05-18,,RUB,41.22,"Cross Border, Private Equity, Minority Purchase, Additional Stake Purchase",A consortium led by Schneider Electric SE acquired a minority stake in GK Elektroshchit - TM Samara ZAO. The transaction was announced on 6/7/2019 and completed on 5/18/2020.,Completed,INV,No, ,Friendly,0,Cash,0,0, ,,,, ,,, ,,France,,"Industrials, Financials","Schneider Electric SE,Russian Direct Investment Fund Management Co (Fund: RDIF Mubadala Co-investment Fund)",,,, ,3699,N.A., ,N.A.,, ,Samara,Russia,RU,Industrial Products,Industrials,Electrical Equipment,GK Elektroshchit - TM Samara ZAO,,ELEC EQUIP NEC, , , , , , , , ,,,,,,,,,
,, ,212839035, ,2020-03-31,150,150,150.0 Mln,2020-03-31,,USD,150,"Venture Capital, Cross Border, Private Equity, Minority Purchase, Additional Stake Purchase, Financing Round",A consortium led by Baring Vostok Capital Partners Ltd/Russia acquired a minority stake in Internet Resheniya OOO. The transaction was completed on 3/31/2020.,Completed,INV,No, ,Friendly,0,Cash,0,0, ,,,, ,,, ,,Russia,,"Financials, Financials, Financials","Baring Vostok Capital Partners Ltd/Russia,Sistema Venchur Kepital AO,Princeville Global LLC (Fund: Princeville Climate Technology LP)",,,, ,N.A.,N.A., ,N.A.,, ,MOSCOW,Russia,RU,Media,Communications,Internet Media & Services,Internet Resheniya OOO,, , , , , , , , , ,,,,,,,,,
,, ,212931111, ,2021-03-18,N/A,N/A,N/A, ,,ILS,N/A,"Cross Border, Asset Sale",Gett Inc announced the sale of Russia business of Gett to Citymobil LLC. The transaction was announced on 3/18/2021 and is currently pending. Financial terms of the transaction are undisclosed.,Pending,AST,No, ,Friendly,0,Cash,0,100,2020-04-01,Strategic Alt Review,,, ,,, ,Moscow,Russia,RU,Communications,Citymobil LLC,, ,N.A.,N.A.,,Israel,IL,Communications,Gett Inc, ,,Russia,,Software & Tech Services,Technology,Software,Russia business of Gett,,, , , , , , , , ,,,,,,,,,
,, ,213090673, ,2020-04-02,1,1,1.0 Mln,2020-04-02,,USD,1,"Venture Capital, Private Equity, Minority Purchase, Financing Round, Cross Border",Embria Ventures Group Ltd acquired a minority stake in ASOdesk. The transaction was completed on 4/2/2020.,Completed,INV,No, ,Friendly,0,Cash,0,0, ,,,, ,,, ,N.A,Cyprus,CY,Financials,Embria Ventures Group Ltd,, ,N.A., ,N.A.,N.A., ,N.A.,, ,Moscow,Russia,RU,Software & Tech Services,Technology,Software,ASOdesk,, , , , , , , , , ,,,,,,,,,
,, ,213287086, ,2020-04-07,N/A,N/A,N/A, ,,HUF,N/A,"Cross Border, Minority Purchase",Richter Gedeon Nyrt announced the sale of a minority stake in Protek PAO to TsV Protek AO. The transaction was announced on 4/7/2020 and is currently pending. Financial terms of the transaction are undisclosed.,Pending,INV,No, ,Friendly,0,Undisclosed,0,5, ,,,, ,,, ,Moscow,Russia,RU,Health Care,TsV Protek AO,,DRUGS/SUNDRIES,5122,N.A.,,Hungary,HU,Health Care,Richter Gedeon Nyrt, ,,Russia,,Financial Services,Financials,Asset Management,Protek PAO,,, , , , , , , , ,,,,,,,,,
,Morgan Lewis, ,213740825, ,2021-09-20,N/A,N/A,14000.0 Mln,2021-11-01,,RUB,160.14,"Company Takeover, Cross Border",Pioneer Capital Invest Too announced the acquisition of Asian-Pacific Bank PAO. The transaction was announced on 9/20/2021 and is expected to be completed by 11/1/2021. Financial terms of the transaction are undisclosed.,Pending,M&A,No, ,Friendly,-819.942383,Cash,0,100,2020-04-17,Negotiation,,, ,,, , ,Kazakhstan,KZ,Financials,Pioneer Capital Invest Too,, ,N.A., ,N.A.,N.A., ,N.A.,, ,Blagoveshchensk,Russia,RU,Banking,Financials,Banking,Asian-Pacific Bank PAO,3178, ,0.05, ,0.05,0.01, , , , ,,,,,,,,,
,, ,213885777, ,2020-04-21,N/A,N/A,N/A,2020-04-21,,RUB,N/A,Minority Purchase,Diginavis LLC acquired a minority stake in LP Technologies LLC. The transaction was completed on 4/21/2020. Financial terms of the transaction are undisclosed.,Completed,INV,No, ,Friendly,0,Cash,0,0, ,,,, ,,, ,Kazan,Russia,RU,Industrials,Diginavis LLC,, ,N.A., ,N.A.,N.A., ,N.A.,, , ,Russia,RU,Telecommunications,Communications,Telecommunications,LP Technologies LLC,, , , , , , , , , ,,,,,,,,,
,, ,214336331, ,2019-09-23,N/A,N/A,N/A,2021-05-21,,USD,N/A,"Option Agreement, Company Takeover, Cross Border, Additional Stake Purchase",Agestinia Trading Ltd announced the sale of UFK TEMI LLC to Petropavlovsk PLC. The transaction was announced on 9/23/2019 and is expected to be completed by 5/21/2021. Financial terms of the transaction are undisclosed.,Pending,M&A,No, ,Friendly,0,Cash and Stock,75,25, ,,,, ,,, ,Moscow,Russia,RU,Materials,Petropavlovsk PLC,8889, ,N.A.,N.A.,N.A.,Cyprus,CY,Financials,Agestinia Trading Ltd, ,N.A,Russia,RU,Financial Services,Financials,Asset Management,UFK TEMI LLC,, , , , , , , , , ,,,,,,,,,
,, ,214401987, ,2020-04-30,N/A,N/A,N/A, ,,RUB,N/A,"Company Takeover, Cross Border",USM Holdings Ltd announced the acquisition of ICS Holding LLC/Russia. The transaction was announced on 4/30/2020 and is currently pending. Financial terms of the transaction are undisclosed.,Pending,M&A,No, ,Friendly,0,Undisclosed,0,100, ,,,, ,,, , ,British Virgin Islands,VG,Industrials,USM Holdings Ltd,, ,N.A., ,N.A.,N.A., ,N.A.,, , ,Russia,RU,Tech Hardware & Semiconductors,Technology,Technology Hardware,ICS Holding LLC/Russia,, , , , , , , , , ,,,,,,,,,
,, ,214937821, ,2020-05-08,N/A,N/A,N/A, ,,RUB,N/A,"Private Equity, Minority Purchase",VEB.RF GK announced the acquisition of a minority stake in Strelka KB LLC. The transaction was announced on 5/8/2020 and is currently pending. Financial terms of the transaction are undisclosed.,Pending,INV,No, ,Friendly,0,Cash,0,20, ,,,, ,,, ,Moscow,Russia,RU,Government,VEB.RF GK,12722, ,N.A., ,N.A.,N.A., ,N.A.,, ,Moscow,Russia,RU,Industrial Services,Industrials,Commercial Support Services,Strelka KB LLC,, , , , , , , , , ,,,,,,,,,
,, ,215344425, ,2020-05-15,N/A,N/A,N/A,2020-11-16,,USD,N/A,"Company Takeover, Cross Border","Whirlpool Corp announced the sale of Embraco Eurosales Srl, Embraco Mexico S de RL de CV, Embraco Mexico Servicios S de R L de CV, Embraco North America Inc, Embraco Slovakia sro, Embraco RUS LLC, Embraco Industria de Compressores e Solucoes em Refrigeracao Ltda & Embraco US LLC to NIDEC CORP...",Withdrawn,M&A,No, ,Friendly,0,Undisclosed,0,100,2020-05-15,Negotiation,,, ,,, ,Kyoto,Japan,JP,Industrials,NIDEC CORP,104285,MOTOR/GENERATR,3621,3630,,United States,US,Consumer Discretionary,Whirlpool Corp,HSHLD APPLIANC,,Italy,,"Tech Hardware & Semiconductors, Industrial Products, Tech Hardware & Semiconductors, Tech Hardware & Semiconductors, Industrial Products, Tech Hardware & Semiconductors, Retail & Whsle - Discretionary, Industrial Products","Technology, Industrials, Technology, Technology, Industrials, Technology, Consumer Discretionary, Industrials","Technology Hardware, Electrical Equipment, Technology Hardware, Technology Hardware, Electrical Equipment, Technology Hardware, E-Commerce Discretionary, Electrical Equipment","Embraco Eurosales Srl,Embraco Mexico S de RL de CV,Embraco Mexico Servicios S de R L de CV,Embraco North America Inc,Embraco Slovakia sro,Embraco RUS LLC,Embraco Industria de Compressores e Solucoes em Refrigeracao Ltda,Embraco US LLC",,, , , , , , , , ,,,2019-06-26,,,,,,
,, ,215626333, ,2020-05-21,42,42,42.0 Mln,2020-05-21,,USD,42,"Venture Capital, Cross Border, Private Equity, Minority Purchase, Financing Round",A consortium co-led by Morgan Stanley Venture Partners & PeakSpan Capital LLC acquired a minority stake in Ecwid Inc. The transaction was completed on 05/21/2020.,Completed,INV,No, ,Friendly,0,Cash,0,0, ,,,Manatt Phelps, ,,, ,,Russia,,"Financials, Financials, Financials","Private Investor,Morgan Stanley Venture Partners (Fund: Morgan Stanley Expansion Capital LP),PeakSpan Capital LLC (Fund: PeakSpan Capital Growth Partners II LP)",,,, ,7372,N.A., ,N.A.,, ,Encinitas,Russia,US,Software & Tech Services,Technology,Software,Ecwid Inc,,PREPAKG SOFTW, , , , , , , , ,,,,,,,,,
,, ,215791000, ,2020-05-25,N/A,N/A,N/A,2020-05-25,,USD,N/A,"Cross Border, Private Equity, Minority Purchase",BlackRock Inc announced the sale of a minority stake in GV Gold Vysochaishy Pjsc to Private Investor. Financial terms of the transaction are undisclosed.,Withdrawn,INV,No, ,Friendly,0,Cash,0,17.99,2020-05-25,Negotiation,,, ,,, ,,Russia,,N.A.,Private Investor,,,,6211,N.A.,United States,US,Financials,BlackRock Inc,SEC BROKER/DLR,Moscow,Russia,RU,Materials,Materials,Metals & Mining,GV Gold Vysochaishy Pjsc,, , , , , , , , , ,,,,,,,,,
,, ,216020990, ,2018-09-03,0.13,0.13,9.0 Mln,2018-09-03,,RUB,0.13,"Venture Capital, Cross Border, Private Equity, Minority Purchase, Additional Stake Purchase, Financing Round",A consortium led by Private Investor acquired a minority stake in New Medicine Ltd/The. The transaction was completed on 9/3/2018.,Completed,INV,No, ,Friendly,0,Cash,0,0, ,,,, ,,, ,,Russia,,"Financials, Financials, Communications","Private Investor,VNV Global Ltd,Nebius Group NV,Baring Vostok Capital Partners Ltd/Russia (Fund: Baring Vostok Private Equity Fund V LP)",,,, ,N.A.,N.A., ,N.A.,, ,Moscow,Russia,RU,Health Care,Health Care,Health Care Facilities & Svcs,New Medicine Ltd/The,, , , , , , , , , ,,,,,,,,,
,, ,216246687, ,2020-06-02,N/A,N/A,N/A,2020-06-02,,BSD,N/A,"Cross Border, Majority Purchase",Renova Holding Ltd sold Akado Holding AO to AVK Investments LLC. The transaction was completed on 6/2/2020. Financial terms of the transaction are undisclosed.,Completed,M&A,No, ,Friendly,0,Undisclosed,0,51, ,,,, ,,, , ,United States,US,Financials,AVK Investments LLC,, ,N.A.,N.A.,N.A.,Bahamas,BS,Financials,Renova Holding Ltd, ,Moscow,Russia,RU,Telecommunications,Communications,Telecommunications,Akado Holding AO,, , , , , , , , , ,,,,,,,,,
,, ,216394578, ,2020-06-04,N/A,N/A,N/A,2020-12-04,,RUB,N/A,Minority Purchase,Sberbank of Russia PJSC announced the acquisition of a minority stake in Internet Resheniya OOO. Financial terms of the transaction are undisclosed.,Withdrawn,INV,No, ,Friendly,0,Undisclosed,0,0,2020-06-04,,,, ,,, ,Moscow,Russia,RU,Financials,Sberbank of Russia PJSC,289721,NATL COML BANK,6021, ,N.A.,N.A., ,N.A.,, ,MOSCOW,Russia,RU,Media,Communications,Internet Media & Services,Internet Resheniya OOO,, , , , , , , , , ,,,,,,,,,
,, ,216724977, ,2020-06-11,700,700,700.0 Mln,2023-04-24,,USD,700,"Cross Border, Additional Stake Purchase",Uber Technologies Inc sold Yandex.Taxi LLC to Nebius Group NV for USD 700.00M. The transaction was announced on 6/11/2020 and completed on 4/24/2023.,Completed,INV,No, ,Friendly,0,Cash,59.299999,29,2020-06-11,Negotiation,,, ,,, ,Schiphol,Russia,NL,Communications,Nebius Group NV,1543,COMPUT PROG,7370,7372,N.A.,United States,US,Communications,Uber Technologies Inc,PREPAKG SOFTW,Moscow,Russia,RU,Industrial Services,Industrials,Transportation & Logistics,Yandex.Taxi LLC,, , , , , , , , , ,,,,,,,,,
,, ,217184836, ,2020-02-05,N/A,N/A,N/A,2020-02-07,,EUR,N/A,"Convertible, Cross Border, Minority Purchase",Aeon Mining Ltd sold a minority stake in Petropavlovsk PLC to Uzhuralzoloto Group of Cos OJSC. The transaction was announced on 2/5/2020 and completed on 2/7/2020. Financial terms of the transaction are undisclosed.,Completed,INV,No, ,Friendly,0,Undisclosed,0,22.370001, ,,VTB Capital,, ,,, ,Plast,Russia,RU,Unclassifiable,Uzhuralzoloto Group of Cos OJSC,,GOLD ORE,1041,N.A.,N.A.,Cyprus,CY,Financials,Aeon Mining Ltd, ,Moscow,Russia,RU,Materials,Materials,Metals & Mining,Petropavlovsk PLC,8889, , , , , , , , , ,,,,,,,,,
,Bryan Cave Leigh, ,217616498, ,2020-06-30,N/A,N/A,N/A,2020-06-30,,USD,N/A,Asset Sale,Sberbank of Russia PJSC acquired Mayak & Prima building/Moscow. The transaction was completed on 6/30/2020. Financial terms of the transaction are undisclosed.,Completed,AST,No, ,Friendly,0,Cash,0,50, ,,,, ,,, ,Moscow,Russia,RU,Financials,Sberbank of Russia PJSC,289721,NATL COML BANK,6021, ,,N.A., ,N.A.,, ,,Russia,,Real Estate,Real Estate,REIT,Mayak & Prima building/Moscow,,, , , , , , , , ,,,,,,,,,
,, ,217633888, ,2020-05-29,116.68,116.68,1100.0 Mln,2020-09-09,,SEK,125.52,"Reverse Merger, Company Takeover, Cross Border",Kopy Goldfields AB acquired Amur Zoloto OOO for SEK 1100.00M. The transaction was announced on 5/29/2020 and completed on 9/9/2020.,Completed,M&A,No, ,Friendly,0,Cash,0,100, ,,,, ,VTB Capital,, ,Stockholm,Sweden,SE,Materials,Kopy Goldfields AB,1039, ,N.A., ,1041,N.A., ,N.A.,, ,Khabarovsk,Russia,RU,Materials,Materials,Metals & Mining,Amur Zoloto OOO,,GOLD ORE, , , , , , , , ,,,,,,,,,
,, ,217915135, ,2020-07-06,N/A,N/A,N/A,2020-07-06,,RUB,N/A,Minority Purchase,VK IPJSC acquired a minority stake in SkillFactory/Russia. The transaction was completed on 7/6/2020. Financial terms of the transaction are undisclosed.,Completed,INV,No, ,Friendly,0,Undisclosed,0,18.309999, ,,,, ,,Dla Piper Llp, ,Sankt-peterburg,Russia,RU,Communications,VK IPJSC,,AMUSEMENT SVC,7999, ,N.A.,N.A., ,N.A.,, ,Moscow,Russia,RU,Media,Communications,Internet Media & Services,SkillFactory/Russia,, , , , , , , , , ,,,,,,,,,
,, ,217922240, ,2020-07-06,N/A,N/A,N/A,2020-07-06,,RUB,N/A,"Company Takeover, Cross Border",Freedom Holding Corp/NV acquired IK Tserikh Capital Management OAO. The transaction was completed on 7/6/2020. Financial terms of the transaction are undisclosed.,Completed,M&A,No, ,Friendly,0,Undisclosed,0,100, ,,,, ,,, ,Almaty,Kazakhstan,KZ,Financials,Freedom Holding Corp/NV,11627,CRUDE PETR/NG,1311, ,6726,N.A., ,N.A.,, , ,Russia,RU,Financial Services,Financials,Specialty Finance,IK Tserikh Capital Management OAO,,INVEST OFF NEC, , , , , , , , ,,,,,,,,,
,, ,218194326, ,2020-07-09,N/A,N/A,N/A,2020-07-09,,USD,N/A,"Cross Border, Minority Purchase, Additional Stake Purchase",Linde PLC sold a minority stake in Linde Silovye Mashiny OOO to Severstal PAO. The transaction was completed on 7/9/2020. Financial terms of the transaction are undisclosed.,Completed,INV,No, ,Friendly,0,Undisclosed,26,24, ,,,, ,,, ,Cherepovets,Russia,RU,Materials,Severstal PAO,, ,N.A.,2810,1629,United Kingdom,GB,Materials,Linde PLC,IND INORG CHEM,N.A,Russia,RU,Industrial Services,Industrials,Engineering & Construction,Linde Silovye Mashiny OOO,,HVY CONSTR NEC, , , , , , , , ,,,,,,,,,
,, ,218391711, ,2020-07-15,N/A,N/A,N/A,2020-07-17,,RUB,N/A,Majority Purchase,Rostelecom PJSC acquired Forkam Ltd. The transaction was announced on 7/15/2020 and completed on 7/17/2020. Financial terms of the transaction are undisclosed.,Completed,M&A,No, ,Friendly,0,Undisclosed,0,51, ,,,, ,,, ,Moscow,Russia,RU,Communications,Rostelecom PJSC,,PHONE NO  RADI,4813, ,N.A.,N.A., ,N.A.,, ,Moscow,Russia,RU,Software & Tech Services,Technology,Software,Forkam Ltd,, , , , , , , , , ,,,,,,,,,
,, ,218447653, ,2020-07-16,N/A,N/A,N/A,2020-09-21,,USD,N/A,"Cross Border, Asset Sale",Cargill Inc sold Chicken processing facility/Efremov to Cherkizovo Group PJSC. The transaction was announced on 7/16/2020 and completed on 9/21/2020. Financial terms of the transaction are undisclosed.,Completed,AST,No, ,Friendly,0,Cash,0,100,2020-07-16,,,, ,,, ,Moscow,Russia,RU,Consumer Staples,Cherkizovo Group PJSC,842, ,N.A.,5159,,United States,US,Consumer Staples,Cargill Inc,FARM PROD NEC,,Russia,,Consumer Staple Products,Consumer Staples,Food,Chicken processing facility/Efremov,,, , , , , , , , ,,,,,,,,,
,, ,218610108, ,2020-07-21,N/A,N/A,N/A,2020-07-21,,RUB,N/A,Additional Stake Purchase,Laboratoriya Kasperskogo ZAO acquired New Cloud Technologies LLC. The transaction was completed on 7/21/2020. Financial terms of the transaction are undisclosed.,Completed,INV,No, ,Friendly,0,Undisclosed,29.5,17.5, ,,,, ,,, ,Moscow,Russia,RU,Technology,Laboratoriya Kasperskogo ZAO,,PREPAKG SOFTW,7372, ,N.A.,N.A., ,N.A.,, ,Moscow,Russia,RU,Software & Tech Services,Technology,Software,New Cloud Technologies LLC,, , , , , , , , , ,,,,,,,,,
,, ,218612188, ,2020-07-21,N/A,N/A,N/A, ,,USD,N/A,Asset Sale,A consortium led by Sberbank of Russia PJSC announced the acquisition of PNK Park Veshki/Moscow. The transaction was announced on 7/21/2020 and is currently pending. Financial terms of the transaction are undisclosed.,Pending,AST,No, ,Friendly,0,Cash,0,100, ,,,, ,,, ,,Russia,,"Financials, Real Estate","Sberbank of Russia PJSC,PNK group LLC",,,, ,,N.A., ,N.A.,, ,,Russia,,Real Estate,Real Estate,REIT,PNK Park Veshki/Moscow,,, , , , , , , , ,,,,,,,,,
,, ,218618968, ,2020-07-21,N/A,N/A,N/A, ,,RUB,N/A,Minority Purchase,Chelyabinsk Pipe Plant PJSC announced the acquisition of a minority stake in Zagorsk Pipe Plant. The transaction was announced on 7/21/2020 and is currently pending. Financial terms of the transaction are undisclosed.,Pending,INV,No, ,Friendly,0,Undisclosed,0,50, ,,,, ,,, ,Chelyabinsk,Russia,RU,Materials,Chelyabinsk Pipe Plant PJSC,, ,N.A., ,N.A.,N.A., ,N.A.,, ,Moscow,Russia,RU,Materials,Materials,Steel,Zagorsk Pipe Plant,, , , , , , , , , ,,,,,,,,,
,, ,218620733, ,2020-07-21,0.14,0.14,10.0 Mln,2020-07-21,,RUB,0.14,Minority Purchase,Sberbank of Russia PJSC acquired a minority stake in Malivar LLC. The transaction was completed on 7/21/2020.,Completed,INV,No, ,Friendly,0,Cash,0,8.06, ,,,, ,,, ,Moscow,Russia,RU,Financials,Sberbank of Russia PJSC,289721,NATL COML BANK,6021, ,N.A.,N.A., ,N.A.,, ,Sverdlovsk,Russia,RU,Tech Hardware & Semiconductors,Technology,Technology Hardware,Malivar LLC,, , , , , , , , , ,,,,,,,,,
,, ,218668345, ,2020-07-21,4.5,4.5,4.5 Mln,2020-07-21,,USD,4.5,"Venture Capital, Cross Border, Private Equity, Minority Purchase, Additional Stake Purchase, Financing Round",A consortium co-led by Addventure Venture Capital Fund & Target Global acquired a minority stake in Bestdoktor LLC. The transaction was completed on 07/21/2020.,Completed,INV,No, ,Friendly,0,Cash,0,0, ,,,, ,,, ,,Russia,,"Financials, Financials, Financials","Addventure Venture Capital Fund (Fund: Addventure III),Target Global,LVL1 Group",,,, ,N.A.,N.A., ,N.A.,, ,Moscow,Russia,RU,Media,Communications,Internet Media & Services,Bestdoktor LLC,, , , , , , , , , ,,,,,,,,,
,, ,218837785, ,2020-12-23,N/A,N/A,N/A,2020-12-23,,USD,N/A,"Cross Border, Majority Purchase",General Motors Co sold General Motors Auto LLC to Hyundai Motor Co. The transaction was completed on 12/23/2020. Financial terms of the transaction are undisclosed.,Completed,M&A,No, ,Friendly,0,Undisclosed,0,94.830002,2020-07-27,,RBC Capital Mkts,, ,,, , ,South Korea,KR,Consumer Discretionary,Hyundai Motor Co,, ,N.A.,3711,3711,United States,US,Consumer Discretionary,General Motors Co,VEHIC/CAR BODY,Saint Petersburg,Russia,RU,Consumer Discretionary Products,Consumer Discretionary,Automotive,General Motors Auto LLC,,VEHIC/CAR BODY, , , , , , , , ,,,,,,,,,
,, ,218954811, ,2020-07-29,N/A,N/A,N/A,2020-07-29,,RUB,N/A,"Company Takeover, Additional Stake Purchase",VTB Bank PJSC acquired Mirogroup Resources LLC. The transaction was completed on 7/29/2020. Financial terms of the transaction are undisclosed.,Completed,M&A,No, ,Friendly,0,Undisclosed,70,30, ,,,, ,,, ,Moscow,Russia,RU,Financials,VTB Bank PJSC,, ,N.A., ,N.A.,N.A., ,N.A.,, , ,Russia,RU,Retail & Whsle - Discretionary,Consumer Discretionary,Wholesale - Discretionary,Mirogroup Resources LLC,, , , , , , , , , ,,,,,,,,,
VTB Capital,Skadden Arps, ,219096180, ,2020-07-31,857.15,1107.37,3.0/sh.,2020-11-19,,GBP,1118.96,"Company Takeover, Squeeze Out, Cross Border, Additional Stake Purchase, Tender Offer, Going Private",Fortiana Holdings Ltd acquired Highland Gold Mining Ltd for GBP 845.39M. The transaction was announced on 7/31/2020 and completed on 11/19/2020.,Completed,M&A,No, ,Friendly,191.028305,Cash,40.060001,59.939999, ,,,, ,Citi/Numis,Weil Gotshal, , ,Cyprus,CY,Financials,Fortiana Holdings Ltd,, ,N.A., ,N.A.,N.A., ,N.A.,, ,Moscow,Russia,RU,Materials,Materials,Metals & Mining,Highland Gold Mining Ltd,2798, ,1.51,6.79,3.61,1.01,1.77,7.98,4.25,1.19,,,,,,,2020-09-17,,
VTB Capital,Skadden Arps, ,219096305, ,2020-07-31,572.79,572.79,3.0/sh.,2020-11-19,,GBP,572.79,"Cross Border, Minority Purchase",A consortium led by Private Investor sold a minority stake in Highland Gold Mining Ltd to Fortiana Holdings Ltd. The transaction was announced on 7/31/2020 and completed on 11/19/2020.,Completed,INV,No, ,Friendly,0,Cash,0,40.060001, ,,,, ,Citi/Numis,Weil Gotshal, , ,Cyprus,CY,Financials,Fortiana Holdings Ltd,, ,N.A.,,N.A.,United States,,Financials,"Private Investor,Denalot Worldwide Ltd,NEW Evolution Trading Ltd,Matteson Overseas Ltd",,Moscow,Russia,RU,Materials,Materials,Metals & Mining,Highland Gold Mining Ltd,2798, ,1.51,6.79,3.61,1.01,1.51,6.79,3.61,1.01,,,,,,,,,
,, ,219244536, ,2020-07-30,N/A,N/A,N/A,2020-12-07,,RUB,N/A,Company Takeover,Promsvyazbank PJSC acquired Roskosmosbank JSC. The transaction was announced on 7/30/2020 and completed on 12/7/2020. Financial terms of the transaction are undisclosed.,Completed,M&A,No, ,Friendly,0,Undisclosed,0,100,2020-07-30,On the Block,,, ,,, ,Moscow,Russia,RU,Financials,Promsvyazbank PJSC,,MISC BUS CRED,6159, ,N.A.,N.A., ,N.A.,, ,Moscow,Russia,RU,Banking,Financials,Banking,Roskosmosbank JSC,, , , , , , , , , ,,,,,,,,,
,, ,219413242, ,2020-08-05,N/A,N/A,N/A,2020-08-05,,RUB,N/A,Asset Sale,Abrau-Durso PJSC acquired Yubileinaya winery/Krasnodar. The transaction was completed on 8/5/2020. Financial terms of the transaction are undisclosed.,Completed,AST,No, ,Friendly,0,Cash,0,100, ,,,, ,,, ,Moscow,Russia,RU,Consumer Staples,Abrau-Durso PJSC,97, ,N.A., ,,N.A., ,N.A.,, ,,Russia,,Retail & Wholesale - Staples,Consumer Staples,Wholesale - Consumer Staples,Yubileinaya winery/Krasnodar,,, , , , , , , , ,,,,,,,,,
,, ,219502746, ,2020-08-06,N/A,N/A,N/A, ,,RUB,N/A,Majority Purchase,Rostelecom PJSC announced the acquisition of Fastech Ltd. The transaction was announced on 8/6/2020 and is currently pending. Financial terms of the transaction are undisclosed.,Pending,M&A,No, ,Friendly,0,Undisclosed,0,51, ,,,, ,,, ,Moscow,Russia,RU,Communications,Rostelecom PJSC,,PHONE NO  RADI,4813, ,N.A.,N.A., ,N.A.,, ,Cheboksary,Russia,RU,Software & Tech Services,Technology,Software,Fastech Ltd,, , , , , , , , , ,,,,,,,,,
,, ,220195523, ,2020-08-21,4,4,4.0 Mln,2020-08-21,,USD,4,"Venture Capital, Cross Border, Private Equity, Minority Purchase, Additional Stake Purchase, Financing Round",A consortium led by Gagarin Capital Partners acquired a minority stake in iFarm Corp. The transaction was completed on 08/21/2020.,Completed,INV,No, ,Friendly,0,Cash,0,0, ,,,, ,,, ,,Cyprus,,"Financials, Financials, Financials, Financials","Private Investor,IMI.VC,Impulse VC,PMT Matrix Capital Ltd,Gagarin Capital Partners",,,, ,N.A.,N.A., ,N.A.,, ,Helsinki,Russia,FI,Health Care,Health Care,Biotech & Pharma,iFarm Corp,, , , , , , , , , ,,,,,,,,,
,, ,220273722, ,2015-12-27,0,0,0.125 Mln,2015-12-27,,RUB,0,"Venture Capital, Cross Border, Private Equity, Minority Purchase, Seed",500 Startups Management Co LLC acquired a minority stake in Easy Ten LLC. The transaction was completed on 12/27/2015.,Completed,INV,No, ,Friendly,0,Cash,0,0, ,,,, ,,, ,Mountain View,United States,US,Financials,500 Startups Management Co LLC,,MISC INVSTRS,6799, ,N.A.,N.A., ,N.A.,, ,N.A,Russia,RU,Software & Tech Services,Technology,Software,Easy Ten LLC,, , , , , , , , , ,,,,,,,,,
,, ,220324646, ,2019-06-07,0.05,0.05,3.0 Mln,2019-06-07,,RUB,0.05,"Venture Capital, Cross Border, Private Equity, Minority Purchase, Series A / 1","A consortium led by Target Germanium GmbH , Ascent Venture Partners & Addventure Venture Capital Fund acquired a minority stake in BestDoctor LLC. The transaction was completed on 06/07/2019.",Completed,INV,No, ,Friendly,0,Cash,0,0, ,,,, ,,, ,,United States,,"Financials, Financials, Financials","Private Investor,Addventure Venture Capital Fund (Fund: Addventure III),Ascent Venture Partners (Fund: Ascent Venture Partners VI LP),Target Germanium GmbH",,,, ,N.A.,N.A., ,N.A.,, ,Moscow,Russia,RU,Insurance,Financials,Insurance,BestDoctor LLC,, , , , , , , , , ,,,,,,,,,
,, ,220395513, ,2020-08-26,N/A,N/A,N/A,2020-08-26,,EUR,N/A,"Cross Border, Additional Stake Purchase",Repsol SA sold Eurotek-Yugra JSC to Gazprom Neft PJSC. The transaction was completed on 8/26/2020. Financial terms of the transaction are undisclosed.,Completed,INV,No, ,Friendly,0,Undisclosed,28.49,2.81, ,,,, ,,, ,Moscow,Russia,RU,Energy,Gazprom Neft PJSC,,PETROL REFINNG,2911,2911,N.A.,Spain,ES,Energy,Repsol SA,PETROL REFINNG, ,Russia,RU,Oil & Gas,Energy,Oil & Gas Supply Chain,Eurotek-Yugra JSC,, , , , , , , , , ,,,,,,,,,
,, ,220682075, ,2020-09-01,10.86,10.86,N/A,2020-09-01,,RUB,N/A,Company Takeover,Rostelecom PJSC acquired Elvis-Plus AO for RUB 800.00M. The transaction was completed on 9/1/2020.,Completed,M&A,No, ,Friendly,0,Undisclosed,0,100, ,,,, ,,, ,Moscow,Russia,RU,Communications,Rostelecom PJSC,,PHONE NO  RADI,4813, ,4813,N.A., ,N.A.,, ,"Moscow, Zelenograd",Russia,RU,Software & Tech Services,Technology,IT Services,Elvis-Plus AO,,PHONE NO  RADI, , , , , , , , ,,,,,,,,,
,, ,221110165, ,2020-09-09,1.54,1.54,116.0 Mln,2021-01-25,,RUB,1.54,"Company Takeover, Cross Border",Brodrene Hartmann A/S acquired Gotek-Litar ZAO for RUB 116.00M. The transaction was announced on 9/9/2020 and completed on 1/25/2021.,Completed,M&A,No, ,Friendly,0,Cash,0,100, ,,,, ,,, ,Gentofte,Denmark,DK,Materials,Brodrene Hartmann A/S,3064, ,N.A., ,2631,N.A., ,N.A.,, ,N.A,Russia,RU,Materials,Materials,Containers & Packaging,Gotek-Litar ZAO,,PAPERBRD MILL, , , , , , , , ,,,,,,,,,
,Freshfields, ,221150512, ,2020-09-10,N/A,N/A,N/A, ,,USD,N/A,"Cross Border, Majority Purchase, Additional Stake Purchase",General Electric Co announced the sale of Rus Gas Turbines Holdings BV to Inter RAO UES PJSC. The transaction was announced on 9/10/2020 and is currently pending. Financial terms of the transaction are undisclosed.,Pending,M&A,No, ,Friendly,0,Undisclosed,50,0.99, ,,,, ,,, ,Moscow,Russia,RU,Utilities,Inter RAO UES PJSC,634,ELECTRIC SVC,4911,3724,N.A.,United States,US,Industrials,General Electric Co,AIRCRAFT ENGNS,Amsterdam,Russia,NL,Industrial Services,Industrials,Engineering & Construction,Rus Gas Turbines Holdings BV,, , , , , , , , , ,,,,,,,,,
,, ,221245231, ,2020-09-11,1.66,1.66,125.0 Mln, ,,RUB,1.52,Minority Purchase,Mobile TeleSystems PJSC announced the acquisition of a minority stake in CoinKeeper. The transaction was announced on 9/11/2020 and is currently pending.,Pending,INV,No, ,Friendly,0,Cash,0,0, ,,,, ,,, ,Moscow,Russia,RU,Communications,Mobile TeleSystems PJSC,60388, ,N.A., ,N.A.,N.A., ,N.A.,, ,Sankt-Peterburg,Russia,RU,Software & Tech Services,Technology,Software,CoinKeeper,, , , , , , , , , ,,,,,,,,,
,Freshfields, ,221635446, ,2020-09-21,N/A,N/A,N/A, ,,USD,N/A,"Company Takeover, Cross Border, Additional Stake Purchase, Tender Offer",AGC Glass Europe SA announced the acquisition of AGC Bor Glassworks JSC. The transaction was announced on 9/21/2020 and is currently pending. Financial terms of the transaction are undisclosed.,Pending,M&A,No, ,Friendly,0,Undisclosed,85.230003,14.77, ,,,, ,,, ,Louvain-La-Neuve,Belgium,BE,Materials,AGC Glass Europe SA,12768, ,N.A., ,N.A.,N.A., ,N.A.,, ,Bor,Russia,RU,Consumer Discretionary Products,Consumer Discretionary,Automotive,AGC Bor Glassworks JSC,1122, , , , , , , , , ,,,,,,,,,
Morgan Stanley,, ,221713758, ,2020-09-22,5480,5480,N/A,2020-10-16,,USD,5480,Company Takeover,Nebius Group NV announced the acquisition of TCS Group Holding PLC for USD 5480.00M.,Withdrawn,M&A,No, ,Friendly,0,Cash and Stock,0,100,2020-09-22,Negotiation,,, ,,, ,Schiphol,Russia,NL,Communications,Nebius Group NV,1543,COMPUT PROG,7370, ,N.A.,N.A., ,N.A.,, ,Vladivostok,Russia,RU,Banking,Financials,Banking,TCS Group Holding PLC,64857, ,4.35, ,2.62,0.72,4.35, ,2.62,0.72,,,,,,,,,
,, ,222044992, ,2020-09-29,12.65,12.65,1000.0 Mln,2020-09-29,,RUB,12.65,"Venture Capital, Private Equity, Minority Purchase, Financing Round",A consortium led by Private Investor acquired a minority stake in NtechLab Ltd. The transaction was completed on 9/29/2020.,Completed,INV,No, ,Friendly,0,Cash,0,0, ,,,, ,,, ,,Russia,,Financials,"Private Investor,Russian Direct Investment Fund Management Co",,,, ,N.A.,N.A., ,N.A.,, ,Moscow,Russia,RU,Software & Tech Services,Technology,Software,NtechLab Ltd,, , , , , , , , , ,,,,,,,,,
,, ,222137551, ,2020-09-03,0.02,0.02,1.5 Mln,2020-09-03,,RUB,0.02,"Venture Capital, Private Equity, Minority Purchase, Additional Stake Purchase, Financing Round",A consortium led by Internet Initiatives Development Fund acquired a minority stake in Texel LLC. The transaction was completed on 9/3/2020.,Completed,INV,No, ,Friendly,0,Cash,0,0, ,,,, ,,, ,,Russia,,"Communications, Financials","Internet Initiatives Development Fund,Sistema PJSFC (Fund: Sistema Rusnano SICAR)",,,, ,N.A.,N.A., ,N.A.,, ,Msocow,Russia,RU,Tech Hardware & Semiconductors,Technology,Technology Hardware,Texel LLC,, , , , , , , , , ,,,,,,,,,
,, ,222188713, ,2018-05-01,0.82,0.82,51.7 Mln,2018-05-01,,RUB,0.82,"Venture Capital, Private Equity, Minority Purchase, Seed",Internet Initiatives Development Fund acquired a minority stake in Texel Inc. The transaction was completed on 5/1/2018.,Completed,INV,No, ,Friendly,0,Cash,0,0, ,,,, ,,, ,Moscow,Russia,RU,Financials,Internet Initiatives Development Fund,, ,N.A., ,N.A.,N.A., ,N.A.,, ,Moscow,Russia,RU,Tech Hardware & Semiconductors,Technology,Technology Hardware,Texel Inc,, , , , , , , , , ,,,,,,,,,
,Hogan Lovells US, ,222302885, ,2020-10-02,N/A,N/A,N/A,2020-10-02,,RUB,N/A,"Cross Border, Majority Purchase",O2O Holding LLC acquired Lokalkitchen LLC. The transaction was completed on 10/2/2020. Financial terms of the transaction are undisclosed.,Completed,M&A,No, ,Friendly,0,Undisclosed,0,84.699997, ,,,, ,,, ,Moscow,United States,RU,Technology,O2O Holding LLC,, ,N.A., ,N.A.,N.A., ,N.A.,, ,Moscow,Russia,RU,Software & Tech Services,Technology,Software,Lokalkitchen LLC,, , , , , , , , , ,,,,,,,,,
,, ,222375506, ,2019-05-15,N/A,N/A,N/A,2019-05-15,,RUB,N/A,"Venture Capital, Cross Border, Private Equity, Minority Purchase, Series B / 2",A consortium led by Marks & Spencer PLC acquired a minority stake in Texel Inc. The transaction was completed on 5/15/2019. Financial terms of the transaction are undisclosed.,Completed,INV,No, ,Friendly,0,Cash,0,0, ,,,, ,,, ,,United Kingdom,,"Consumer Discretionary, Financials","Marks & Spencer PLC,Founders Factory Ltd/UK",,,, ,N.A.,N.A., ,N.A.,, ,Moscow,Russia,RU,Tech Hardware & Semiconductors,Technology,Technology Hardware,Texel Inc,, , , , , , , , , ,,,,,,,,,
,, ,222724280, ,2020-10-12,N/A,N/A,N/A,2020-10-12,,RUB,N/A,"Company Takeover, Additional Stake Purchase",Mobile TeleSystems PJSC acquired RIKT JSC. The transaction was completed on 10/12/2020. Financial terms of the transaction are undisclosed.,Completed,M&A,No, ,Friendly,0,Undisclosed,97.400002,2.6, ,,,, ,,, ,Moscow,Russia,RU,Communications,Mobile TeleSystems PJSC,60388, ,N.A., ,N.A.,N.A., ,N.A.,, ,Mezhdurechensk,Russia,RU,Telecommunications,Communications,Telecommunications,RIKT JSC,, , , , , , , , , ,,,,,,,,,
,, ,222843721, ,2020-10-14,N/A,N/A,N/A,2020-10-14,,RUB,N/A,Minority Purchase,VK IPJSC acquired a minority stake in TK Tetrika OOO. The transaction was completed on 10/14/2020. Financial terms of the transaction are undisclosed.,Completed,INV,No, ,Friendly,0,Undisclosed,0,45, ,,,, ,,, ,Sankt-peterburg,Russia,RU,Communications,VK IPJSC,,AMUSEMENT SVC,7999, ,N.A.,N.A., ,N.A.,, ,Moscow,Russia,RU,Software & Tech Services,Technology,Software,TK Tetrika OOO,, , , , , , , , , ,,,,,,,,,
,, ,222848531, ,2020-10-14,N/A,N/A,N/A,2021-04-14,,USD,N/A,Company Takeover,Mobile TeleSystems PJSC announced the acquisition of TCS Group Holding PLC. Financial terms of the transaction are undisclosed.,Withdrawn,M&A,No, ,Friendly,-363.855408,Undisclosed,0,100,2020-10-14,,,, ,,, ,Moscow,Russia,RU,Communications,Mobile TeleSystems PJSC,60388, ,N.A., ,N.A.,N.A., ,N.A.,, ,Vladivostok,Russia,RU,Banking,Financials,Banking,TCS Group Holding PLC,64857, ,0.29, ,0.18,0.05, , , , ,,,,,,,,,
,, ,222889323, ,2020-10-15,N/A,N/A,N/A, ,,EUR,N/A,"Cross Border, Additional Stake Purchase",BNP Paribas SA announced the sale of Draiv Klik Bank OOO to Sberbank of Russia PJSC. The transaction was announced on 10/15/2020 and is currently pending. Financial terms of the transaction are undisclosed.,Pending,INV,No, ,Friendly,0,Undisclosed,70,20.799999, ,,,, ,,, ,Moscow,Russia,RU,Financials,Sberbank of Russia PJSC,289721,NATL COML BANK,6021,N.A.,6021,France,FR,Financials,BNP Paribas SA, ,Moscow,Russia,RU,Banking,Financials,Banking,Draiv Klik Bank OOO,,NATL COML BANK, , , , , , , , ,,,,,,,,,
,, ,223209392, ,2020-10-22,19.64,19.64,1500.0 Mln, ,,RUB,19.64,Company Takeover,MTT OAO announced the sale of Synterra Media JSC to Rostelecom PJSC for RUB 1500.00M. The transaction was announced on 10/22/2020 and is currently pending.,Pending,M&A,No, ,Friendly,0,Cash,0,100, ,,,, ,,, ,Moscow,Russia,RU,Communications,Rostelecom PJSC,,PHONE NO  RADI,4813,4899,N.A.,Cyprus,RU,Communications,MTT OAO,COMMUN SRV NEC,Moscow,Russia,RU,Media,Communications,Entertainment Content,Synterra Media JSC,, , , , , , , , , ,,,,,,,,,
,, ,223211437, ,2020-10-22,N/A,N/A,N/A, ,,RUB,N/A,Majority Purchase,A consortium led by Sberbank of Russia PJSC announced the acquisition of eApteka LLC. The transaction was announced on 10/22/2020 and is currently pending. Financial terms of the transaction are undisclosed.,Pending,M&A,No, ,Friendly,0,Undisclosed,0,90, ,,,, ,,Freshfields, ,,Russia,,"Financials, Consumer Staples","Sberbank of Russia PJSC,R-Farm AO",,,, ,N.A.,N.A., ,N.A.,, ,Moscow,Russia,RU,Retail & Whsle - Discretionary,Consumer Discretionary,E-Commerce Discretionary,eApteka LLC,, , , , , , , , , ,,,,,,,,,
,, ,223345040, ,2020-10-26,N/A,N/A,N/A,2020-10-26,,USD,N/A,"Cross Border, Asset Sale",Allied Group Holdings LLC acquired Maximo Mall/Waterfront Skyway Marina & 10600 sq ft single tenant retail building/Waterfront Skyway Marina. The transaction was completed on 10/26/2020. Financial terms of the transaction are undisclosed.,Completed,AST,No, ,Friendly,0,Cash,0,100, ,,,, ,,, ,Jericho,United States,US,Financials,Allied Group Holdings LLC,253,INS AGENT/BROK,6411, ,,N.A., ,N.A.,, ,,Russia,,"Real Estate, Real Estate","Real Estate, Real Estate","REIT, REIT","Maximo Mall/Waterfront Skyway Marina,10600 sq ft single tenant retail building/Waterfront Skyway Marina",,, , , , , , , , ,,,,,,,,,
,, ,223407307, ,2020-10-27,N/A,N/A,N/A,2020-10-27,,RUB,N/A,"Cross Border, Majority Purchase",Fixmap Sp zoo acquired Terra Telekom ZAO. The transaction was completed on 10/27/2020. Financial terms of the transaction are undisclosed.,Completed,M&A,No, ,Friendly,0,Cash,0,90, ,,,, ,,, ,Warszawa,Poland,PL,Industrials,Fixmap Sp zoo,, ,N.A., ,4899,N.A., ,N.A.,, ,Moscow,Russia,RU,Telecommunications,Communications,Telecommunications,Terra Telekom ZAO,,COMMUN SRV NEC, , , , , , , , ,,,,,,,,,
,, ,223457271, ,2020-10-28,N/A,N/A,N/A, ,,RUB,N/A,Minority Purchase,MegaFon PJSC announced the acquisition of a minority stake in Digital Media Holding/Russia. The transaction was announced on 10/28/2020 and is currently pending. Financial terms of the transaction are undisclosed.,Pending,INV,No, ,Friendly,0,Undisclosed,0,33.799999, ,,,, ,,, ,Sankt-peterburg,Russia,RU,Communications,MegaFon PJSC,, ,N.A., ,N.A.,N.A., ,N.A.,, , ,Russia,RU,Financial Services,Financials,Asset Management,Digital Media Holding/Russia,, , , , , , , , , ,,,,,,,,,
,, ,223532532, ,2020-10-29,N/A,N/A,N/A,2021-04-06,,CAD,N/A,"Cross Border, Asset Sale",Orsu Metals Corp announced the acquisition of Alexandrovskoye open pit gold mining project & mining processing plant/Russia. Financial terms of the transaction are undisclosed.,Withdrawn,AST,No, ,Friendly,0,Cash,0,100,2020-10-29,Negotiation,,, ,,, ,London,United Kingdom,GB,Materials,Orsu Metals Corp,,METAL ORES NEC,1099, ,,N.A., ,N.A.,, ,,Russia,,Materials,Materials,Metals & Mining,Alexandrovskoye open pit gold mining project & mining processing plant/Russia,,, , , , , , , , ,,,,,,,,,
,, ,223551577, ,2019-08-21,0.76,0.76,50.0 Mln,2019-08-21,,RUB,0.76,"Venture Capital, Private Equity, Minority Purchase, Seed",A consortium led by Russian Venture Co OJSC & Skolkovo Venture Investments LLC acquired a minority stake in BFG OOO. The transaction was completed on 08/21/2019.,Completed,INV,No, ,Friendly,0,Cash,0,0, ,,,, ,,, ,,Russia,,"Financials, Financials","Private Investor,Skolkovo Venture Investments LLC (Fund: Skolkovo Digital),Russian Venture Co OJSC (Fund: Far East High Technology Fund LLC)",,,, ,N.A.,N.A., ,N.A.,, , ,Russia,RU,Industrial Products,Industrials,Electrical Equipment,BFG OOO,, , , , , , , , , ,,,,,,,,,
,, ,223709915, ,2015-02-23,N/A,N/A,N/A,2015-02-23,,RUB,N/A,"Private Equity, Minority Purchase",Addventure Venture Capital Fund acquired a minority stake in K50 LLC. The transaction was completed on 2/23/2015. Financial terms of the transaction are undisclosed.,Completed,INV,No, ,Friendly,0,Cash,0,0, ,,,, ,,, ,Moscow,Russia,RU,Financials,Addventure Venture Capital Fund,, ,N.A., ,N.A.,N.A., ,N.A.,, , ,Russia,RU,Software & Tech Services,Technology,Software,K50 LLC,, , , , , , , , , ,,,,,,,,,
,, ,223841182, ,2020-11-03,N/A,N/A,N/A,2021-05-03,,RUB,N/A,"Cross Border, Minority Purchase",LWM CIS BV announced the acquisition of a minority stake in Lamb Weston Belaya Dacha LLC. Financial terms of the transaction are undisclosed.,Withdrawn,INV,No, ,Friendly,0,Undisclosed,0,39.380001,2020-11-03,,,, ,,, ,Kruiningen,Netherlands,NL,Financials,LWM CIS BV,, ,N.A., ,N.A.,N.A., ,N.A.,, ,Lipetsk,Russia,RU,Financial Services,Financials,Asset Management,Lamb Weston Belaya Dacha LLC,, , , , , , , , , ,,,,,,,,,
,, ,224061305, ,2020-06-08,N/A,N/A,N/A,2020-09-30,,RUB,N/A,Majority Purchase,Sberbank of Russia PJSC acquired SIM ZAO. The transaction was announced on 6/8/2020 and completed on 9/30/2020. Financial terms of the transaction are undisclosed.,Completed,M&A,No, ,Friendly,0,Undisclosed,46.5,6.5, ,,,, ,,, ,Moscow,Russia,RU,Financials,Sberbank of Russia PJSC,289721,NATL COML BANK,6021, ,2721,N.A., ,N.A.,, , ,Russia,RU,Media,Communications,Publishing & Broadcasting,SIM ZAO,,PERIODICALS, , , , , , , , ,,,,,,,,,
,, ,224607805, ,2020-11-19,17.03,17.03,1300.0 Mln,2021-05-19,,RUB,15.8,Majority Purchase,Rostelecom PJSC announced the acquisition of Bolshaya Troika OOO for RUB 1300.00M.,Withdrawn,M&A,No, ,Friendly,0,Cash,0,51,2020-11-19,,,, ,,, ,Moscow,Russia,RU,Communications,Rostelecom PJSC,,PHONE NO  RADI,4813, ,N.A.,N.A., ,N.A.,, ,Moscow,Russia,RU,Software & Tech Services,Technology,Software,Bolshaya Troika OOO,, , , , , , , , , ,,,,,,,,,
,, ,224615865, ,2020-10-14,N/A,N/A,N/A,2020-10-14,,RUB,N/A,"Private Equity, Minority Purchase",Russian Direct Investment Fund Management Co acquired a minority stake in Kharris Sng OOO. The transaction was completed on 10/14/2020. Financial terms of the transaction are undisclosed.,Completed,INV,No, ,Friendly,0,Cash,0,0, ,,,, ,,Cleary Gottlieb, ,Moscow,Russia,RU,Financials,Russian Direct Investment Fund Management Co,, ,N.A., ,2051,N.A., ,N.A.,, , ,Russia,RU,Consumer Staple Products,Consumer Staples,Food,Kharris Sng OOO,,BREAD/OTH PROD, , , , , , , , ,,,,,,,,,
,Hogan Lovells US, ,224641647, ,2020-11-20,N/A,N/A,N/A, ,,RUB,N/A,Company Takeover,Sberbank of Russia PJSC announced the acquisition of Zvooq. The transaction was announced on 11/20/2020 and is currently pending. Financial terms of the transaction are undisclosed.,Pending,M&A,No, ,Friendly,0,Undisclosed,0,100, ,,,, ,,Dla Piper Llp, ,Moscow,Russia,RU,Financials,Sberbank of Russia PJSC,289721,NATL COML BANK,6021, ,N.A.,N.A., ,N.A.,, ,Moscow,Russia,RU,Media,Communications,Internet Media & Services,Zvooq,, , , , , , , , , ,,,,,,,,,
,, ,224711324, ,2020-11-05,N/A,N/A,N/A, ,,INR,N/A,"Cross Border, Asset Sale",Bosch Ltd announced the sale of Thermotechnology radiator factory to Purmo Group Oy AB. The transaction was announced on 11/5/2020 and is currently pending. Financial terms of the transaction are undisclosed.,Pending,AST,No, ,Friendly,0,Cash,0,51, ,,,Houthoff, ,,, ,Helsinki,Finland,FI,Consumer Discretionary,Purmo Group Oy AB,, ,N.A.,N.A.,,India,IN,Consumer Discretionary,Bosch Ltd, ,,Russia,,Consumer Discretionary Products,Consumer Discretionary,Automotive,Thermotechnology radiator factory,,, , , , , , , , ,,,,,,,,,
,, ,224715150, ,2020-11-27,0.02,0.02,1.2 Mln, ,,RUB,0.01,"Company Takeover, Cross Border, Additional Stake Purchase",Ferrotec Corp announced the acquisition of RMT Ltd/RU for RUB 1.20M. The transaction was announced on 11/27/2020 and is currently pending.,Pending,M&A,No, ,Friendly,0,Cash,95.019997,4.98, ,,,, ,,, ,Tokyo,Japan,JP,Technology,Ferrotec Corp,16858, ,N.A., ,N.A.,N.A., ,N.A.,, ,Moscow,Russia,RU,Industrial Products,Industrials,Electrical Equipment,RMT Ltd/RU,, , , , , , , , , ,,,,,,,,,
,, ,224716832, ,2020-11-27,1050.17,1050.17,79800.0 Mln,2021-05-27,,RUB,969.57,Minority Purchase,Khanty-Mansiysk bank Otkritie PAO announced the acquisition of a minority stake in VTB Bank PJSC.,Withdrawn,INV,No, ,Friendly,0,Cash,0,9,2020-11-27,On the Block,,, ,,, ,Khanty-Mansiysk,Russia,RU,Financials,Khanty-Mansiysk bank Otkritie PAO,10277, ,N.A., ,N.A.,N.A., ,N.A.,, ,Moscow,Russia,RU,Banking,Financials,Banking,VTB Bank PJSC,, ,0.89, ,0.61,0.06,0.89, ,0.61,0.06,,,,,,,,,
,, ,224728836, ,2020-11-28,N/A,N/A,N/A, ,,INR,N/A,"Cross Border, Asset Sale","Glenmark Pharmaceuticals Ltd announced the sale of Momat Rino for Russia and Kazakhstan and Uzbekistan/Glenmark Pharmaceuticals Ltd, Momat Rino Advance for Russia/Glenmark Pharmaceuticals Ltd, Momat A for Kazakhstan and Uzbekistan/Glenmark Pharmaceuticals Ltd & Glenspray and Glenspray Active ...",Pending,AST,No, ,Friendly,0,Cash,0,100, ,,,, ,,, ,Hyderabad,India,IN,Health Care,Dr Reddy's Laboratories Ltd,28091, ,N.A.,N.A.,,India,IN,Health Care,Glenmark Pharmaceuticals Ltd, ,,Russia,,"Health Care, Health Care, Health Care, Health Care","Health Care, Health Care, Health Care, Health Care","Biotech & Pharma, Biotech & Pharma, Biotech & Pharma, Biotech & Pharma","Momat Rino for Russia and Kazakhstan and Uzbekistan/Glenmark Pharmaceuticals Ltd,Momat Rino Advance for Russia/Glenmark Pharmaceuticals Ltd,Momat A for Kazakhstan and Uzbekistan/Glenmark Pharmaceuticals Ltd,Glenspray and Glenspray Active for Ukraine/Glenmark Pharmaceuticals Ltd",,, , , , , , , , ,,,,,,,,,
,Cleary Gottlieb, ,224730238, ,2020-11-30,386.64,386.64,160.0/sh.,2020-12-16,,RUB,402.9,"Cross Border, Private Equity, Minority Purchase, Tender Offer",Altus Capital Partners Inc acquired a minority stake in Detsky Mir PJSC. The transaction was announced on 11/30/2020 and completed on 12/16/2020.,Completed,INV,No, ,Friendly,0,Cash,0,25,2020-11-30,Preliminary Offer,,, ,Goldman Sachs,Herbert Smith Fr, ,Wilton,United States,US,Financials,Altus Capital Partners Inc,,MISC INVSTRS,6799, ,N.A.,N.A., ,N.A.,, ,Moscow,Russia,RU,Retail & Whsle - Discretionary,Consumer Discretionary,Retail - Discretionary,Detsky Mir PJSC,, , ,5.16,0.92,1.28, ,5.16,0.92,1.28,,,,,,,,,
,, ,224730735, ,2020-11-30,16.68,16.68,1275.0 Mln,2020-11-30,,RUB,16.68,Minority Purchase,Rostelecom PJSC acquired a minority stake in Big Three LLC. The transaction was completed on 11/30/2020.,Completed,INV,No, ,Friendly,0,Cash,0,1, ,,,, ,,, ,Moscow,Russia,RU,Communications,Rostelecom PJSC,,PHONE NO  RADI,4813, ,N.A.,N.A., ,N.A.,, , ,Russia,RU,Software & Tech Services,Technology,IT Services,Big Three LLC,, , , , , , , , , ,,,,,,,,,
,, ,224732685, ,2020-11-30,156.96,156.96,12000.0 Mln,2021-05-31,,RUB,145.8,Majority Purchase,"With no further information, the deal has been withdrawn on 05/31/2021. Sberbank of Russia PJSC proposed to acquire Instamart Holding for RUB 12,000.00M. The transaction was proposed on 11/30/2020.",Withdrawn,M&A,No, ,Friendly,0,Cash,0,0,2020-11-30,On the Block,,, ,,, ,Moscow,Russia,RU,Financials,Sberbank of Russia PJSC,289721,NATL COML BANK,6021, ,N.A.,N.A., ,N.A.,, ,Moscow,Russia,RU,Retail & Whsle - Discretionary,Consumer Discretionary,E-Commerce Discretionary,Instamart Holding,, , , , , , , , , ,,,,,,,,,
,, ,224765633, ,2020-12-02,N/A,N/A,N/A,2021-06-02,,EUR,N/A,"Cross Border, Asset Sale",Independent Petroleum Co Holdings CY Ltd announced the sale of Payakha field to Rosneft Oil Co PJSC. Financial terms of the transaction are undisclosed.,Withdrawn,AST,No, ,Friendly,0,Cash,0,0,2020-12-02,Negotiation,,, ,,, ,Moscow,Russia,RU,Energy,Rosneft Oil Co PJSC,302100, ,N.A.,N.A.,,Cyprus,CY,Unclassifiable,Independent Petroleum Co Holdings CY Ltd, ,,Russia,,Oil & Gas,Energy,Oil & Gas Supply Chain,Payakha field,,, , , , , , , , ,,,,,,,,,
,Baker Botts, ,224767655, ,2020-12-02,N/A,N/A,N/A,2021-03-31,,USD,N/A,"Company Takeover, Cross Border",MetLife Inc announced the sale of SK Sovkombank Zhizn AO to Sovcombank PJSC. The transaction was announced on 12/2/2020 and is expected to be completed by 3/31/2021. Financial terms of the transaction are undisclosed.,Pending,M&A,No, ,Friendly,0,Undisclosed,0,100, ,,Goldman Sachs,Cms Legal, ,,, ,Kostroma,Russia,RU,Financials,Sovcombank PJSC,35115,NATL COML BANK,6021,6311,6311,United States,US,Financials,MetLife Inc,LIFE INSURANCE,Moscow,Russia,RU,Insurance,Financials,Insurance,SK Sovkombank Zhizn AO,,LIFE INSURANCE, , , , , , , , ,,,,,,,,,
,, ,224829524, ,2020-12-08,N/A,N/A,N/A,2020-12-31,,RUB,N/A,"Private Equity, Minority Purchase",A consortium led by VK IPJSC announced the acquisition of a minority stake in UCHI.RU OOO. The transaction was announced on 12/8/2020 and is expected to be completed by 12/31/2020. Financial terms of the transaction are undisclosed.,Pending,INV,No, ,Friendly,0,Cash,0,0, ,,,, ,,, ,,Russia,,"Communications, Financials","VK IPJSC,Russian Direct Investment Fund Management Co (Fund: Russia-China Investment Fund)",,,, ,N.A.,N.A., ,N.A.,, ,Moscow,Russia,RU,Media,Communications,Internet Media & Services,UCHI.RU OOO,, , , , , , , , , ,,,,,,,,,
,, ,224942361, ,2020-11-20,N/A,N/A,N/A,2020-11-20,,USD,N/A,"Cross Border, Private Equity, Minority Purchase",TPG Capital LP/US sold a minority stake in FESCO Transportation Group Managing Co Limite to Private Investor. The transaction was completed on 11/20/2020. Financial terms of the transaction are undisclosed.,Completed,INV,No, ,Friendly,0,Cash,0,17.4, ,,,Cleary Gottlieb, ,,, ,,Russia,,N.A.,Private Investor,,,,6799,N.A.,United States,US,"Financials, Consumer Discretionary",TPG Capital LP/US,MISC INVSTRS,Moscow,Russia,RU,Industrial Services,Industrials,Transportation & Logistics,FESCO Transportation Group Managing Co Limite,, , , , , , , , , ,,,,,,,,,
,Dla Piper Llp, ,224974476, ,2020-09-23,2,2,2.0 Mln,2020-09-23,,USD,2,"Cross Border, Private Equity, Minority Purchase",A consortium led by Private Investor acquired a minority stake in NaPopravku.ru LLC. The transaction was completed on 9/23/2020.,Completed,INV,No, ,Friendly,0,Cash,0,0, ,,,, ,,, ,,United States,,Financials,"Private Investor,VNV Global AB",,,, ,N.A.,N.A., ,N.A.,, ,St  Petersburg,Russia,RU,Health Care,Health Care,Health Care Facilities & Svcs,NaPopravku.ru LLC,, , , , , , , , , ,,,,,,,,,
,Dla Piper Llp, ,224974482, ,2020-10-12,N/A,N/A,N/A,2020-10-12,,RUB,N/A,"Cross Border, Minority Purchase",Aristocrat Leisure Ltd acquired a minority stake in Neskin Games LLC. The transaction was completed on 10/12/2020. Financial terms of the transaction are undisclosed.,Completed,INV,No, ,Friendly,0,Undisclosed,0,0, ,,,, ,,, ,North Ryde,Australia,AU,Consumer Discretionary,Aristocrat Leisure Ltd,7400,AMUSEMENT SVC,7999, ,N.A.,N.A., ,N.A.,, ,Minsk,Russia,BY,Media,Communications,Entertainment Content,Neskin Games LLC,, , , , , , , , , ,,,,,,,,,
,Dla Piper Llp, ,225012657, ,2020-12-23,N/A,N/A,N/A, ,,EUR,N/A,"Cross Border, Majority Purchase, Additional Stake Purchase",ATOL Group SNC announced the sale of Evotor LLC to Sberbank of Russia PJSC. The transaction was announced on 12/23/2020 and is currently pending. Financial terms of the transaction are undisclosed.,Pending,M&A,No, ,Friendly,0,Undisclosed,49,29, ,,,, ,,, ,Moscow,Russia,RU,Financials,Sberbank of Russia PJSC,289721,NATL COML BANK,6021,5021,N.A.,France,FR,Consumer Discretionary,ATOL Group SNC,FURNITURE,Moscow,Russia,RU,Software & Tech Services,Technology,IT Services,Evotor LLC,, , , , , , , , , ,,,,,,,,,
,Cleary Gottlieb, ,225018176, ,2020-12-23,329.25,329.25,24700.0 Mln,2020-12-28,,RUB,335.18,"Cross Border, Majority Purchase",Megapolis Invest LLC acquired Electrozavod OJSHC for RUB 24700.00M. The transaction was announced on 12/23/2020 and completed on 12/28/2020.,Completed,M&A,No, ,Friendly,0,Cash,0,64.370003, ,,,, ,,Dla Piper Llp, , ,Ukraine,RU,Financials,Megapolis Invest LLC,, ,N.A., ,N.A.,N.A., ,N.A.,, ,Moscow,Russia,RU,Industrial Products,Industrials,Electrical Equipment,Electrozavod OJSHC,259, ,3.11, ,31.81,2.68,3.11, ,31.81,2.68,,,,,,,,,
,, ,225028434, ,2020-12-24,472.85,472.85,35000.0 Mln,2020-12-31,,RUB,425.25,Minority Purchase,VTB Bank PJSC announced the acquisition of a minority stake in Rostelecom Data Centers. The transaction was announced on 12/24/2020 and is expected to be completed by 12/31/2020.,Pending,INV,No, ,Friendly,0,Cash,0,44.799999, ,,,, ,,White & Case LLP, ,Moscow,Russia,RU,Financials,VTB Bank PJSC,, ,N.A., ,N.A.,N.A., ,N.A.,, ,Moscow,Russia,RU,Telecommunications,Communications,Telecommunications,Rostelecom Data Centers,, , , , , , , , , ,,,,,,,,,
,, ,225064894, ,2020-12-29,N/A,N/A,N/A, ,,RUB,N/A,Minority Purchase,VEB.RF GK announced the acquisition of a minority stake in Russian Railways JSC. The transaction was announced on 12/29/2020 and is currently pending. Financial terms of the transaction are undisclosed.,Pending,INV,No, ,Friendly,0,Undisclosed,0,0, ,,,, ,,, ,Moscow,Russia,RU,Government,VEB.RF GK,12722, ,N.A., ,N.A.,N.A., ,N.A.,, ,Moscow,Russia,RU,Industrial Services,Industrials,Transportation & Logistics,Russian Railways JSC,, , , , , , , , , ,,,,,,,,,
,, ,225082991, ,2020-12-30,N/A,N/A,N/A,2020-12-30,,RUB,N/A,"Company Takeover, Additional Stake Purchase",VK IPJSC acquired GeekBrains. The transaction was completed on 12/30/2020. Financial terms of the transaction are undisclosed.,Completed,M&A,No, ,Friendly,0,Undisclosed,0,100, ,,,, ,,, ,Sankt-peterburg,Russia,RU,Communications,VK IPJSC,,AMUSEMENT SVC,7999, ,N.A.,N.A., ,N.A.,, ,Moscow,Russia,RU,Media,Communications,Internet Media & Services,GeekBrains,, , , , , , , , , ,,,,,,,,,
,, ,225142357, ,2021-01-05,N/A,N/A,N/A,2021-10-04,,EUR,N/A,Company Takeover,Potential Buyer proposed to acquire Nord Gold PLC. The transaction was proposed on 01/05/2021. Financial terms of the transaction are unknown. With no further information the deal has been withdrawn on 10/04/2021.,Withdrawn,M&A,No, ,Friendly,0,Undisclosed,0,100,2021-01-05,Strategic Alt Review,,, ,,, ,,British Virgin Islands,,N.A.,Potential Buyer,,,, ,N.A.,N.A., ,N.A.,, ,London,Russia,RU,Materials,Materials,Metals & Mining,Nord Gold PLC,7969, , , , , , , , , ,,,,,,,,,
,, ,225181359, ,2020-12-31,N/A,N/A,N/A,2020-12-31,,USD,N/A,"Cross Border, Asset Sale, Private Equity, Infrastructure/Real Assets",A consortium led by Fortum Oyj acquired 350 MW wind farms/Ulyanovsk & Rostov. The transaction was completed on 12/31/2020. Financial terms of the transaction are undisclosed.,Completed,AST,No, ,Friendly,0,Cash,0,100, ,,,, ,,, ,,Finland,,"Utilities, Financials","Fortum Oyj,Russian Direct Investment Fund Management Co (Fund: RDIF Mubadala Co-investment Fund)",,,, ,,N.A., ,N.A.,, ,,Russia,,Renewable Energy,Energy,Renewable Energy,350 MW wind farms/Ulyanovsk & Rostov,,, , , , , , , , ,,,,,,,,,
,, ,225184378, ,2021-01-17,55.3,55.3,55.3 Mln,2021-01-17,,USD,55.3,"Asset Sale, Private Equity, Real Estate",GMC Properties LLC sold 1699 68th St N/St. Petersburg to Covenant Capital Group LLC for USD 55.30M. The transaction was completed on 1/17/2021.,Completed,AST,No, ,Friendly,0,Cash,0,100, ,,,, ,,, ,Nashville,United States,US,Financials,Covenant Capital Group LLC,,MISC INVSTRS,6799,N.A.,,United States,US,Real Estate,GMC Properties LLC, ,,Russia,,Media,Communications,Internet Media & Services,1699 68th St N/St. Petersburg,,, , , , , , , , ,,,,,,,,,
,, ,225206299, ,2021-01-12,N/A,N/A,N/A,2021-01-12,,EUR,N/A,"Cross Border, Asset Sale",ABH Holdings SA sold Fertilizer plant/Alfa-Bank AO to Uralkali PJSC. The transaction was completed on 1/12/2021. Financial terms of the transaction are undisclosed.,Completed,AST,No, ,Friendly,0,Cash,0,100, ,,,, ,,, ,Berezniki,Russia,RU,Materials,Uralkali PJSC,13465, ,N.A.,N.A.,,Luxembourg,RU,Financials,ABH Holdings SA, ,,Russia,,Materials,Materials,Chemicals,Fertilizer plant/Alfa-Bank AO,,, , , , , , , , ,,,,,,,,,
,, ,225237328, ,2021-01-15,2.35,2.35,1.7 Mln,2021-03-08,,USD,2.35,"Cross Border, Asset Sale",Sharmel Ltd sold Licence 67/Tomsk Oblast to PetroNeft Resources PLC for USD 2.35M. The transaction was announced on 1/15/2021 and completed on 3/8/2021.,Completed,AST,No, ,Friendly,0,Cash and Stock,50,40, ,,,,80.0 Mln Sh,,, ,Dublin 2,Russia,IE,Energy,PetroNeft Resources PLC,37, ,N.A.,N.A.,,Cyprus,CY,Financials,Sharmel Ltd, ,,Russia,,Oil & Gas,Energy,Oil & Gas Supply Chain,Licence 67/Tomsk Oblast,,, , , , , , , , ,,,,,,,,,
,Dla Piper Llp/Morgan Lewis, ,225292640, ,2021-01-19,4.07,4.07,300.0 Mln,2021-01-19,,RUB,4.07,"Private Equity, Minority Purchase, Additional Stake Purchase",A consortium led by Russian Direct Investment Fund Management Co acquired a minority stake in Motorica LLC. The transaction was completed on 1/19/2021.,Completed,INV,No, ,Friendly,0,Cash,0,0, ,,,, ,,, ,,Russia,,"Financials, Financials","Russian Direct Investment Fund Management Co (Fund: RDIF Mubadala Co-investment Fund),Russian Venture Co OJSC (Fund: Far East High Technology Fund LLC)",,,, ,N.A.,N.A., ,N.A.,, ,Moscow,Russia,RU,Health Care,Health Care,Medical Equipment & Devices,Motorica LLC,, , , , , , , , , ,,,,,,,,,
,, ,225326633, ,2021-01-26,N/A,N/A,N/A,2021-01-26,,RUB,N/A,"Cross Border, Minority Purchase",Prosperity Capital Management UK Ltd acquired a minority stake in Etalon Group PLC. The transaction was completed on 1/26/2021. Financial terms of the transaction are undisclosed.,Completed,INV,No, ,Friendly,0,Undisclosed,0,5.34, ,,,, ,,, ,London,United Kingdom,GB,Financials,Prosperity Capital Management UK Ltd,9, ,N.A., ,N.A.,N.A., ,N.A.,, ,Novosibirsk,Russia,RU,Real Estate,Real Estate,Real Estate Owners & Developers,Etalon Group PLC,7123, , , , , , , , , ,,,,,,,,,
,, ,225328535, ,2021-01-26,N/A,N/A,N/A, ,,RUB,N/A,"Company Takeover, Cross Border",Protect Pharmaceutical Corp announced the acquisition of Puma OOO. The transaction was announced on 1/26/2021 and is currently pending. Financial terms of the transaction are undisclosed.,Pending,M&A,No, ,Friendly,0,Undisclosed,0,100, ,,,, ,,, ,Princeton,United States,US,Health Care,Protect Pharmaceutical Corp,,PHARM PREPS,2834, ,3081,N.A., ,N.A.,, , ,Russia,RU,Industrial Products,Industrials,Industrial Intermediate Prod,Puma OOO,,PLASTIC FILM, , , , , , , , ,,,,,,,,,
,, ,225337044, ,2021-01-27,N/A,N/A,N/A,2021-01-27,,RUB,N/A,Minority Purchase,Rostelecom PJSC acquired a minority stake in Glonass ZAO. The transaction was completed on 1/27/2021. Financial terms of the transaction are undisclosed.,Completed,INV,No, ,Friendly,0,Undisclosed,0,25, ,,,, ,,, ,Moscow,Russia,RU,Communications,Rostelecom PJSC,,PHONE NO  RADI,4813, ,N.A.,N.A., ,N.A.,, ,Moscow,Russia,RU,Consumer Discretionary Services,Consumer Discretionary,Consumer Services,Glonass ZAO,, , , , , , , , , ,,,,,,,,,
,, ,225363121, ,2021-01-29,N/A,N/A,N/A,2021-12-31,,RUB,N/A,Company Takeover,With no further information the deal has been withdrawn on 12/31/2021. Sberbank of Russia PJSC proposed to acquire Telesport ZAO. The transaction was proposed on 01/29/2021. Financial terms of the transaction are unknown.,Withdrawn,M&A,No, ,Friendly,0,Undisclosed,0,100,2021-01-29,Negotiation,,, ,,, ,Moscow,Russia,RU,Financials,Sberbank of Russia PJSC,289721,NATL COML BANK,6021, ,7311,N.A., ,N.A.,, ,Moscow,Russia,RU,Media,Communications,Advertising & Marketing,Telesport ZAO,,ADVERT AGENCY, , , , , , , , ,,,,,,,,,
,, ,225393366, ,2021-02-01,N/A,N/A,N/A,2021-02-01,,USD,N/A,"Cross Border, Private Equity, Minority Purchase",Alibaba Group Holding Ltd sold a minority stake in AliExpress Russia to Mubadala Investment Co PJSC. The transaction was completed on 2/1/2021. Financial terms of the transaction are undisclosed.,Completed,INV,No, ,Friendly,0,Cash,0,7.85, ,,,, ,,, ,Abu Dhabi,United Arab Emirates,AE,Financials,Mubadala Investment Co PJSC,, ,N.A.,5961,N.A.,China,HK,Consumer Discretionary,Alibaba Group Holding Ltd,CATALOG SALES, ,Russia,RU,Retail & Whsle - Discretionary,Consumer Discretionary,E-Commerce Discretionary,AliExpress Russia,, , , , , , , , , ,,,,,,,,,
,, ,225424898, ,2020-12-23,2.13,2.13,160.0 Mln,2020-12-23,,RUB,2.13,"Venture Capital, Private Equity, Minority Purchase, Additional Stake Purchase, Series B / 2",A consortium led by Russian Venture Co OJSC acquired a minority stake in Intellogic LLC. The transaction was completed on 12/23/2020.,Completed,INV,No, ,Friendly,0,Cash,0,0, ,,,, ,,, ,,Russia,,"Financials, Financials, Health Care, Financials, Financials, Financials","Primer Capital,Russian Venture Co OJSC (Fund: Far East High Technology Fund LLC),Tashir MEDICA Co OJSC,RusBio Ventures LP,Orbita Capital Partners,ExpoCapital",,,, ,N.A.,N.A., ,N.A.,, , ,Russia,RU,Software & Tech Services,Technology,Software,Intellogic LLC,, , , , , , , , , ,,,,,,,,,
,, ,225425243, ,2019-05-30,1.5,1.5,1.5 Mln,2019-05-30,,USD,1.5,"Venture Capital, Private Equity, Minority Purchase, Additional Stake Purchase, Series A / 1",Russian Direct Investment Fund Management Co acquired a minority stake in Motorica LLC. The transaction was completed on 5/30/2019.,Completed,INV,No, ,Friendly,0,Cash,0,0, ,,,, ,,, ,Moscow,Russia,RU,Financials,Russian Direct Investment Fund Management Co,, ,N.A., ,N.A.,N.A., ,N.A.,, ,Moscow,Russia,RU,Health Care,Health Care,Medical Equipment & Devices,Motorica LLC,, , , , , , , , , ,,,,,,,,,
,, ,225425893, ,2020-12-29,2.43,2.43,180.0 Mln,2020-12-29,,RUB,2.43,Minority Purchase,National Technology Initiative Venture Fund acquired a minority stake in Medical screening systems LLC. The transaction was completed on 12/29/2020.,Completed,INV,No, ,Friendly,0,Cash,0,0, ,,,, ,,, ,Moscow,Russia,RU,Financials,National Technology Initiative Venture Fund,, ,N.A., ,N.A.,N.A., ,N.A.,, ,Moscow,Russia,RU,Health Care,Health Care,Medical Equipment & Devices,Medical screening systems LLC,, , , , , , , , , ,,,,,,,,,
,, ,225433090, ,2021-02-04,N/A,N/A,N/A,2021-08-04,,VND,N/A,"Cross Border, Asset Sale","With no further information, the deal has been withdrawn on 08/04/2021. Artemovsky Rudnik JSC proposed to sell Lysogorskoye gold deposit/Russia to Cache Exploration Inc. The transaction was proposed on 02/04/2021. Financial terms of the transaction are unknown.",Withdrawn,AST,No, ,Friendly,0,Cash,0,100,2021-02-04,Negotiation,,, ,,, ,Delta,Canada,CA,Financials,Cache Exploration Inc,, ,N.A.,N.A.,,Vietnam,VN,Financials,Artemovsky Rudnik JSC, ,,Russia,,Materials,Materials,Metals & Mining,Lysogorskoye gold deposit/Russia,,, , , , , , , , ,,,,,,,,,
,, ,225471011, ,2021-02-08,N/A,N/A,N/A, ,,RUB,N/A,"Company Takeover, Cross Border",Sika AG announced the acquisition of Kreps LLC. The transaction was announced on 2/8/2021 and is currently pending. Financial terms of the transaction are undisclosed.,Pending,M&A,No, ,Friendly,0,Undisclosed,0,100, ,,,Dla Piper Llp, ,,, ,Baar,Switzerland,CH,Materials,Sika AG,33856, ,N.A., ,N.A.,N.A., ,N.A.,, ,Petrozavodsk,Russia,RU,Materials,Materials,Construction Materials,Kreps LLC,, , , , , , , , , ,,,,,,,,,
,, ,225509175, ,2021-02-10,N/A,N/A,N/A,2021-08-10,,RUB,N/A,"Company Takeover, Cross Border","With no further information, the deal has been withdrawn on 08/10/2021. Kernel Holding SA proposed to acquire Kaskadagro OOO. The transaction was proposed on 02/10/2021. Financial terms of the transaction are unknown.",Withdrawn,M&A,No, ,Friendly,0,Undisclosed,0,100,2021-02-10,,,, ,,, ,Kiev,Ukraine,UA,Consumer Staples,Kernel Holding SA,10760, ,N.A., ,N.A.,N.A., ,N.A.,, ,Chelyabinsk,Russia,RU,Consumer Staple Products,Consumer Staples,Food,Kaskadagro OOO,, , , , , , , , , ,,,,,,,,,
,, ,225535982, ,2021-02-12,N/A,N/A,N/A,2021-02-12,,RUB,N/A,Company Takeover,Wildberries OOO acquired Standart-Kredit Bank Co Ltd. The transaction was completed on 2/12/2021. Financial terms of the transaction are undisclosed.,Completed,M&A,No, ,Friendly,0,Undisclosed,0,100, ,,,, ,,, ,Moscow,Russia,RU,Consumer Discretionary,Wildberries OOO,,CATALOG SALES,5961, ,N.A.,N.A., ,N.A.,, ,Moscow,Russia,RU,Banking,Financials,Banking,Standart-Kredit Bank Co Ltd,, , , , , , , , , ,,,,,,,,,
,, ,225550446, ,2021-02-15,N/A,N/A,N/A,2021-04-30,,EUR,N/A,"Company Takeover, Cross Border",Atria Oyj sold PIT Produkt Group to Cherkizovo Group PJSC. The transaction was announced on 2/15/2021 and completed on 4/30/2021. Financial terms of the transaction are undisclosed.,Completed,M&A,No, ,Friendly,0,Undisclosed,0,100, ,,,, ,,, ,Moscow,Russia,RU,Consumer Staples,Cherkizovo Group PJSC,842, ,N.A.,N.A.,N.A.,Finland,FI,Consumer Staples,Atria Oyj, ,Lipetsk,Russia,RU,Consumer Staple Products,Consumer Staples,Food,PIT Produkt Group,, , , , , , , , , ,,,,,,,,,
,Dentons, ,225552297, ,2021-02-16,181.63,181.63,N/A,2021-02-16,,EUR,181.63,"Company Takeover, Cross Border",Keiji Impex sold Yo-engineering LLC to Sberbank of Russia PJSC for EUR 150.00M. The transaction was completed on 2/16/2021.,Completed,M&A,No, ,Friendly,0,Undisclosed,0,100, ,,,, ,,, ,Moscow,Russia,RU,Financials,Sberbank of Russia PJSC,289721,NATL COML BANK,6021,N.A.,N.A.,Belarus,BY,Technology,Keiji Impex, , ,Russia,RU,Telecommunications,Communications,Telecommunications,Yo-engineering LLC,, , , , , , , , , ,,,,,,,,,
,, ,225603113, ,2021-02-19,78.3,78.3,5800.0 Mln,2021-03-01,,RUB,78.18,Additional Stake Purchase,Sistema PJSFC acquired Electrozavod OJSHC for RUB 5800.00M. The transaction was announced on 2/19/2021 and completed on 3/1/2021.,Completed,INV,No, ,Friendly,0,Cash,64.370003,29.639999, ,,,, ,,Dla Piper Llp, ,Moscow,Russia,RU,Communications,Sistema PJSFC,,PHONE NO  RADI,4813, ,N.A.,N.A., ,N.A.,, ,Moscow,Russia,RU,Industrial Products,Industrials,Electrical Equipment,Electrozavod OJSHC,259, ,1.01,57.64,4.87,0.77,1.01,57.64,4.87,0.77,,,,,,,,,
,Hogan Lovells US, ,225727287, ,2021-02-19,10,10,10.0 Mln,2021-02-19,,USD,10,"Venture Capital, Private Equity, Minority Purchase, Series A / 1",A consortium led by Russian Direct Investment Fund Management Co acquired a minority stake in Algoritmika LLC. The transaction was completed on 2/19/2021.,Completed,INV,No, ,Friendly,0,Cash,0,0, ,,,, ,,, ,,Russia,,"Financials, Financials","Russian Direct Investment Fund Management Co,Winter Capital Advisors LLC",,,, ,N.A.,N.A., ,N.A.,, ,Moscow,Russia,RU,Media,Communications,Internet Media & Services,Algoritmika LLC,, , , , , , , , , ,,,,,,,,,
,Dentons, ,225759271, ,2021-03-04,N/A,N/A,N/A,2021-03-04,,RUB,N/A,"Company Takeover, Cross Border",Puratos Group SA acquired Rushleb Research. The transaction was completed on 3/4/2021. Financial terms of the transaction are undisclosed.,Completed,M&A,No, ,Friendly,0,Undisclosed,0,100, ,,,, ,,, ,Groot-bijgaarden,Belgium,BE,Consumer Staples,Puratos Group SA,,HOLDING CO NEC,6719, ,N.A.,N.A., ,N.A.,, ,ST. PETERSBURG,Russia,RU,Consumer Staple Products,Consumer Staples,Food,Rushleb Research,, , , , , , , , , ,,,,,,,,,
,, ,225771214, ,2021-03-05,4.43,4.43,329.0 Mln,2021-03-05,,RUB,4.43,Minority Purchase,Moscow Exchange MICEX-RTS PJSC acquired a minority stake in NT Progress LLC. The transaction was completed on 3/5/2021.,Completed,INV,No, ,Friendly,0,Cash,0,25, ,,,, ,,, ,Moscow,Russia,RU,Financials,Moscow Exchange MICEX-RTS PJSC,3771,SEC EXCHANGES,6231, ,N.A.,N.A., ,N.A.,, ,MOSCOW,Russia,RU,Software & Tech Services,Technology,Software,NT Progress LLC,, , , , , , , , , ,,,,,,,,,
JP Morgan,, ,225869506, ,2021-03-16,179.8,179.8,318.26/sh.,2022-03-07,,RUB,90.88,"Mandatory Offer, Company Takeover, Additional Stake Purchase, Tender Offer",TMK PJSC acquired Chelyabinsk Pipe Plant PJSC for RUB 13095.36M. The transaction was announced on 3/16/2021 and completed on 3/7/2022.,Completed,M&A,No, ,Friendly,0,Cash,86.540001,13.46, ,,,, ,,, ,Moscow,Russia,RU,Materials,TMK PJSC,,STEEL PIPE,3317, ,N.A.,N.A., ,N.A.,, ,Chelyabinsk,Russia,RU,Materials,Materials,Steel,Chelyabinsk Pipe Plant PJSC,, ,12.35,3.73,0.71,0.74,12.35,3.73,0.71,0.74,,,,,,,,,
,, ,225895029, ,2021-03-18,71,71,71.0 Mln,2020-09-30,,USD,71,Company Takeover,United Co RUSAL International acquired Pikalevskiy Glinozemniy Zavod for USD 71.00M. The transaction was announced on 3/18/2021 and completed on 9/30/2020.,Completed,M&A,No, ,Friendly,0,Cash,0,100, ,,,, ,,, ,Moscow,Russia,RU,Materials,United Co RUSAL International,50895, ,N.A., ,1081,N.A., ,N.A.,, ,Pikalevo,Russia,RU,Materials,Materials,Metals & Mining,Pikalevskiy Glinozemniy Zavod,,METAL MNG SVC, , , , , , , , ,,,,,,,,,
,, ,225930579, ,2021-03-22,0.7,0.7,0.7018 Mln,2021-03-22,,USD,0.7,"Minority Purchase, Additional Stake Purchase",Private Investor acquired a minority stake in Ros Agro PLC. The transaction was completed on 3/22/2021.,Completed,INV,No, ,Friendly,0,Cash,0,0, ,,,, ,,, ,,Russia,,N.A.,Private Investor,,,, ,N.A.,N.A., ,N.A.,, ,Tambov,Russia,RU,Retail & Wholesale - Staples,Consumer Staples,Wholesale - Consumer Staples,Ros Agro PLC,29781, , , , , , , , , ,,,,,,,,,
,, ,225976077, ,2021-03-25,N/A,N/A,N/A,2021-03-25,,USD,N/A,Company Takeover,Bunge Global SA sold Rostov Grain Terminal LLC to Private Investor. The transaction was completed on 3/25/2021. Financial terms of the transaction are undisclosed.,Completed,M&A,No, ,Friendly,0,Undisclosed,0,100, ,,,, ,,, ,,Russia,,N.A.,Private Investor,,,,5159,N.A.,United States,US,Consumer Staples,Bunge Global SA,FARM PROD NEC,Rostov,Russia,RU,Retail & Wholesale - Staples,Consumer Staples,Wholesale - Consumer Staples,Rostov Grain Terminal LLC,, , , , , , , , , ,,,,,,,,,
,, ,226022229, ,2021-03-30,N/A,N/A,N/A,2021-03-30,,RUB,N/A,Minority Purchase,AliExpress Russia acquired a minority stake in Marketpleis-Tehnologii OOO. The transaction was completed on 3/30/2021. Financial terms of the transaction are undisclosed.,Completed,INV,No, ,Friendly,0,Cash,0,30, ,,,, ,,, , ,Russia,RU,Consumer Discretionary,AliExpress Russia,, ,N.A., ,N.A.,N.A., ,N.A.,, ,Tatarstan,Russia,RU,Retail & Whsle - Discretionary,Consumer Discretionary,E-Commerce Discretionary,Marketpleis-Tehnologii OOO,, , , , , , , , , ,,,,,,,,,
,, ,226060403, ,2021-04-01,N/A,N/A,N/A,2021-04-01,,RUB,N/A,Company Takeover,Karlou BV acquired Zhelezny Kryazh OOO. The transaction was completed on 4/1/2021. Financial terms of the transaction are undisclosed.,Completed,M&A,No, ,Friendly,0,Cash,0,100, ,,,, ,,, ,Kaliningrad,Russia,RU,Materials,Karlou BV,, ,N.A., ,8712,N.A., ,N.A.,, , ,Russia,RU,Industrial Services,Industrials,Engineering & Construction,Zhelezny Kryazh OOO,,ARCHITECTURE, , , , , , , , ,,,,,,,,,
,, ,226082692, ,2021-04-05,N/A,N/A,N/A,2021-04-05,,RUB,N/A,Minority Purchase,Strakhovoe Obshchestvo Gazovoi Promyshlennosti OAO acquired a minority stake in Sibur Holding PAO. The transaction was completed on 4/5/2021. Financial terms of the transaction are undisclosed.,Completed,INV,No, ,Friendly,0,Undisclosed,0,12.5, ,,,, ,,, ,Arkhangelsk,Russia,RU,Financials,Strakhovoe Obshchestvo Gazovoi Promyshlennosti OAO,, ,N.A., ,1311,N.A., ,N.A.,, ,Moscow,Russia,RU,Materials,Materials,Chemicals,Sibur Holding PAO,,CRUDE PETR/NG, , , , , , , , ,,,,,,,,,
,, ,226151678, ,2021-04-09,N/A,N/A,N/A,2021-04-09,,RUB,N/A,"Cross Border, Private Equity, Minority Purchase",A consortium led by Private Investor acquired a minority stake in Zettek OOO. The transaction was completed on 4/9/2021. Financial terms of the transaction are undisclosed.,Completed,INV,No, ,Friendly,0,Cash,0,0, ,,,, ,,, ,,Russia,,"Financials, Financials","Private Investor,Russian Direct Investment Fund Management Co,Mubadala Investment Co PJSC",,,, ,2841,N.A., ,N.A.,, ,Moscow,Russia,RU,Consumer Staple Products,Consumer Staples,Household Products,Zettek OOO,,SOAP/DETERGENT, , , , , , , , ,,,,,,,,,
,, ,226204455, ,2021-04-16,N/A,N/A,N/A,2023-05-02,,RUB,N/A,"Company Takeover, Additional Stake Purchase",Mobile TeleSystems PJSC acquired Zelenaya Tochka Group. The transaction was announced on 4/16/2021 and completed on 5/2/2023. Financial terms of the transaction are undisclosed.,Completed,M&A,No, ,Friendly,0,Undisclosed,51,49, ,,,, ,,, ,Moscow,Russia,RU,Communications,Mobile TeleSystems PJSC,60388, ,N.A., ,N.A.,N.A., ,N.A.,, ,Belgorod,Russia,RU,Telecommunications,Communications,Telecommunications,Zelenaya Tochka Group,, , , , , , , , , ,,,,,,,,,
,, ,226204588, ,2020-04-02,5,5,5.0 Mln,2020-04-02,,USD,5,"Venture Capital, Cross Border, Private Equity, Minority Purchase, Financing Round",A consortium led by Bonduelle SCA acquired a minority stake in Elementaree. The transaction was completed on 4/2/2020.,Completed,INV,No, ,Friendly,0,Cash,0,0, ,,,, ,,, ,,France,,"Consumer Staples, Financials","Bonduelle SCA,Private Investor,Russian Direct Investment Fund Management Co (Fund: RDIF Mubadala Co-investment Fund)",,,, ,N.A.,N.A., ,N.A.,, , ,Russia,RU,Software & Tech Services,Technology,Software,Elementaree,, , , , , , , , , ,,,,,,,,,
,, ,226207422, ,2021-04-16,N/A,N/A,N/A,2021-04-16,,USD,N/A,"PE Buyout, Company Takeover, Private Equity",Finstar Financial Group acquired Bank SIAB PJSC. The transaction was completed on 4/16/2021. Financial terms of the transaction are undisclosed.,Completed,M&A,No, ,Friendly,0,Cash,0,100, ,,,, ,,, ,Moscow,Russia,RU,Financials,Finstar Financial Group,,HOLDING CO NEC,6719, ,N.A.,N.A., ,N.A.,, ,Saint-Petersburg,Russia,RU,Banking,Financials,Banking,Bank SIAB PJSC,217, , , , , , , , , ,,,,,,,,,
VTB Capital,, ,226245223, ,2021-04-21,N/A,N/A,N/A,2021-04-21,,RUB,N/A,Minority Purchase,VTB Bank PJSC acquired a minority stake in SPB Exchange PJSC. The transaction was completed on 4/21/2021. Financial terms of the transaction are undisclosed.,Completed,INV,No, ,Friendly,0,Undisclosed,0,5, ,,,, ,,, ,Moscow,Russia,RU,Financials,VTB Bank PJSC,, ,N.A., ,N.A.,N.A., ,N.A.,, ,Moscow,Russia,RU,Financial Services,Financials,Institutional Financial Svcs,SPB Exchange PJSC,153, , , , , , , , , ,,,,,,,,,
,A&O Shearman LLP, ,226249499, ,2021-04-21,N/A,N/A,N/A,2021-04-21,,RUB,N/A,Company Takeover,Sberbank of Russia PJSC acquired Tsentr Reklamnykh Kommunikatsiy i Tekhnologiy OOO. The transaction was completed on 4/21/2021. Financial terms of the transaction are undisclosed.,Completed,M&A,No, ,Friendly,0,Undisclosed,0,100, ,,,, ,,, ,Moscow,Russia,RU,Financials,Sberbank of Russia PJSC,289721,NATL COML BANK,6021, ,N.A.,N.A., ,N.A.,, ,Moscow,Russia,RU,Media,Communications,Entertainment Content,Tsentr Reklamnykh Kommunikatsiy i Tekhnologiy OOO,, , , , , , , , , ,,,,,,,,,
,, ,226257464, ,2021-04-22,96.9,96.9,70.0 Mln,2021-06-30,,GBP,96.9,"Cross Border, Asset Sale",Inchcape PLC announced the sale of Toyota & Audi retail operations to Sbsv OOO for GBP 70.00M. The transaction was announced on 4/22/2021 and is expected to be completed by 6/30/2021.,Pending,AST,No, ,Friendly,0,Cash,0,100, ,,,, ,,, ,Goryachiy Klyuch,Russia,RU,Real Estate,Sbsv OOO,,REAL PROP LESS,6519,N.A.,,United Kingdom,GB,Consumer Discretionary,Inchcape PLC, ,,Russia,,Consumer Discretionary Products,Consumer Discretionary,Automotive,Toyota & Audi retail operations,,, , , , , , , , ,,,,,,,,,
,, ,226271955, ,2021-04-23,0.68,0.68,0.488352 Mln,2021-04-23,,GBP,0.68,"Cross Border, Minority Purchase",GRIT Investment Trust PLC sold a minority stake in Siberian Goldfields Ltd to Unnamed Buyer. The transaction was completed on 4/23/2021.,Completed,INV,No, ,Friendly,0,Cash,0,0, ,,,, ,,, ,,Russia,,N.A.,Unnamed Buyer,,,,N.A.,N.A.,United Kingdom,GB,N.A.,GRIT Investment Trust PLC, ,East Sussex,Russia,GB,Materials,Materials,Metals & Mining,Siberian Goldfields Ltd,, , , , , , , , , ,,,,,,,,,
,, ,226287311, ,2021-04-26,N/A,N/A,N/A, ,,RUB,N/A,"Cross Border, Private Equity, Additional Stake Purchase",Altus Capital Partners Inc announced the acquisition of Detsky Mir PJSC. The transaction was announced on 4/26/2021 and is currently pending. Financial terms of the transaction are undisclosed.,Pending,INV,No, ,Friendly,0,Cash,25,4.99, ,,,, ,,, ,Wilton,United States,US,Financials,Altus Capital Partners Inc,,MISC INVSTRS,6799, ,N.A.,N.A., ,N.A.,, ,Moscow,Russia,RU,Retail & Whsle - Discretionary,Consumer Discretionary,Retail - Discretionary,Detsky Mir PJSC,, , , , , , , , , ,,,,,,,,,
,, ,226304558, ,2021-04-27,N/A,N/A,N/A,2021-05-31,,RUB,N/A,Minority Purchase,Severstal PAO announced the acquisition of a minority stake in Production Association Nizhne-Volzhsky Pipe Plant LLC. The transaction was announced on 4/27/2021 and is expected to be completed by 5/31/2021. Financial terms of the transaction are undisclosed.,Pending,INV,No, ,Friendly,0,Undisclosed,0,20, ,,,, ,,, ,Cherepovets,Russia,RU,Materials,Severstal PAO,, ,N.A., ,N.A.,N.A., ,N.A.,, , ,Russia,RU,Oil & Gas,Energy,Oil & Gas Supply Chain,Production Association Nizhne-Volzhsky Pipe Plant LLC,, , , , , , , , , ,,,,,,,,,
,, ,226332137, ,2021-04-29,14.74,14.74,1100.0 Mln,2021-07-16,,RUB,14.86,Company Takeover,Nebius Group NV acquired Commercial Bank Acropol JSC for RUB 1100.00M. The transaction was announced on 4/29/2021 and completed on 7/16/2021.,Completed,M&A,No, ,Friendly,0,Cash,0,100, ,,,, ,,, ,Schiphol,Russia,NL,Communications,Nebius Group NV,1543,COMPUT PROG,7370, ,N.A.,N.A., ,N.A.,, , ,Russia,RU,Banking,Financials,Banking,Commercial Bank Acropol JSC,, , , , , , , , , ,,2021-07-16,,,,,,,
,, ,226332185, ,2021-04-29,14.74,14.74,1100.0 Mln, ,,RUB,13.36,Company Takeover,Nebius Group NV announced the acquisition of CB Acropol JSC for RUB 1100.00M. The transaction was announced on 4/29/2021 and is currently pending.,Pending,M&A,No, ,Friendly,0,Cash,0,100, ,,,, ,,, ,Schiphol,Russia,NL,Communications,Nebius Group NV,1543,COMPUT PROG,7370, ,N.A.,N.A., ,N.A.,, ,Moscow,Russia,RU,Banking,Financials,Banking,CB Acropol JSC,, , , , , , , , , ,,N/A,,,,,,,
,, ,226336108, ,2021-04-29,N/A,N/A,N/A,2021-04-29,,PKR,N/A,Majority Purchase,TCS Group Holding PLC acquired Beskontakt OOO. The transaction was completed on 4/29/2021. Financial terms of the transaction are undisclosed.,Completed,M&A,No, ,Friendly,0,Undisclosed,0,0, ,,,, ,,, ,Vladivostok,Russia,RU,Financials,TCS Group Holding PLC,64857, ,N.A., ,N.A.,N.A., ,N.A.,, ,St  Petersburg,Russia,RU,Software & Tech Services,Technology,Software,Beskontakt OOO,, , , , , , , , , ,,,,,,,,,
,, ,226350099, ,2021-04-30,N/A,N/A,N/A,2021-04-30,,RUB,N/A,Majority Purchase,Atom Gold ooo acquired Bystrinsky Mining Co. The transaction was completed on 4/30/2021. Financial terms of the transaction are undisclosed.,Completed,M&A,No, ,Friendly,0,Undisclosed,0,75, ,,,, ,,, , ,Russia,RU,Financials,Atom Gold ooo,, ,N.A., ,N.A.,N.A., ,N.A.,, ,Petropavlovsk-kamchatskiy,Russia,RU,Industrial Products,Industrials,Machinery,Bystrinsky Mining Co,, , , , , , , , , ,,,,,,,,,
Ernst & Young,, ,226444108, ,2021-05-07,N/A,N/A,N/A,2021-05-07,,RUB,N/A,"Company Takeover, Cross Border",Akola Group AB acquired VitOMEK LLC. The transaction was completed on 5/7/2021. Financial terms of the transaction are undisclosed.,Completed,M&A,No, ,Friendly,0,Undisclosed,0,100, ,,,, ,,, ,Panevezys,Lithuania,LT,Consumer Staples,Akola Group AB,5295, ,N.A., ,N.A.,N.A., ,N.A.,, ,Moscow,Russia,RU,Consumer Staple Products,Consumer Staples,Food,VitOMEK LLC,, , , , , , , , , ,,,,,,,,,
,, ,226458433, ,2021-04-19,N/A,N/A,N/A,2021-04-19,,RUB,N/A,Company Takeover,APK Sibagro OOO acquired Promagro OOO. The transaction was completed on 4/19/2021. Financial terms of the transaction are undisclosed.,Completed,M&A,No, ,Friendly,0,Undisclosed,0,100, ,,,, ,VTB Capital,, , ,Russia,RU,Consumer Staples,APK Sibagro OOO,,GRAIN/BEANS,5153, ,5085,N.A., ,N.A.,, ,Saint Petersburg,Russia,RU,Industrial Products,Industrials,Machinery,Promagro OOO,,INDL SUPPLIES, , , , , , , , ,,,,,,,,,
,, ,226502815, ,2021-05-13,N/A,N/A,N/A, ,,EUR,N/A,"Cross Border, Minority Purchase",Repsol SA announced the sale of a minority stake in AR Oil & Gaz BV to Private Investor. The transaction was announced on 5/13/2021 and is currently pending. Financial terms of the transaction are undisclosed.,Pending,INV,No, ,Friendly,0,Undisclosed,0,49, ,,,, ,,, ,,Russia,,N.A.,Private Investor,,,,2911,N.A.,Spain,ES,Energy,Repsol SA,PETROL REFINNG,Amsterdam,Russia,NL,Oil & Gas,Energy,Oil & Gas Supply Chain,AR Oil & Gaz BV,, , , , , , , , , ,,,,,,,,,
,Baker Botts, ,226519896, ,2021-05-14,N/A,N/A,N/A, ,,RUB,N/A,"Company Takeover, Cross Border",Sedial Ltd announced the acquisition of Bank National Factoring Co JSC. The transaction was announced on 5/14/2021 and is currently pending. Financial terms of the transaction are undisclosed.,Pending,M&A,No, ,Friendly,0,Undisclosed,0,100, ,,,, ,,, , ,British Virgin Islands,VG,Financials,Sedial Ltd,, ,N.A., ,N.A.,N.A., ,N.A.,, ,Moscow,Russia,RU,Banking,Financials,Banking,Bank National Factoring Co JSC,320, , , , , , , , , ,,,,,,,,,
,Dla Piper Llp, ,226521803, ,2021-04-23,N/A,N/A,N/A,2021-04-23,,RUB,N/A,Majority Purchase,Sberbank of Russia PJSC acquired Tekhnologii Interaktivnogo Video OOO. The transaction was completed on 4/23/2021. Financial terms of the transaction are undisclosed.,Completed,M&A,No, ,Friendly,0,Undisclosed,0,80, ,,,, ,,, ,Moscow,Russia,RU,Financials,Sberbank of Russia PJSC,289721,NATL COML BANK,6021, ,N.A.,N.A., ,N.A.,, , ,Russia,RU,Media,Communications,Entertainment Content,Tekhnologii Interaktivnogo Video OOO,, , , , , , , , , ,,,,,,,,,
,, ,226544512, ,2021-05-18,N/A,N/A,N/A,2021-05-18,,RUB,N/A,"Cross Border, Majority Purchase",Hakuhodo DY Holdings Inc acquired Ailove Digital LLC. The transaction was completed on 5/18/2021. Financial terms of the transaction are undisclosed.,Completed,M&A,No, ,Friendly,0,Undisclosed,0,0, ,,,, ,,, ,Minato-Ku,Japan,JP,Communications,Hakuhodo DY Holdings Inc,28921, ,N.A., ,N.A.,N.A., ,N.A.,, ,Moscow,Russia,RU,Media,Communications,Advertising & Marketing,Ailove Digital LLC,, , , , , , , , , ,,,,,,,,,
Bofa Securities/VTB Capital,Hogan Lovells US, ,226544738, ,2021-05-18,1185.23,1185.23,87600.0 Mln,2021-07-22,,RUB,1186.1,Company Takeover,Magnit PJSC acquired Dixy Holding Ltd for RUB 87600.00M. The transaction was announced on 5/18/2021 and completed on 7/22/2021.,Completed,M&A,No, ,Friendly,0,Cash,0,100, ,,,, ,,Skadden Arps, ,Krasnodar,Russia,RU,Consumer Staples,Magnit PJSC,359, ,N.A., ,6719,N.A., ,N.A.,, ,Moscow,Russia,RU,Retail & Wholesale - Staples,Consumer Staples,Retail - Consumer Staples,Dixy Holding Ltd,,HOLDING CO NEC, , , , , , , , ,,,,,,,,,
,, ,226628621, ,2021-05-26,N/A,N/A,N/A,2021-05-26,,RUB,N/A,"Company Takeover, Additional Stake Purchase",Rosatom Corp acquired Koncern Rosjenergoatom OAO. The transaction was completed on 5/26/2021. Financial terms of the transaction are undisclosed.,Completed,M&A,No, ,Friendly,0,Undisclosed,85.989998,14, ,,,, ,,, ,Moscow,Russia,RU,Utilities,Rosatom Corp,, ,N.A., ,4911,N.A., ,N.A.,, ,Moscow,Russia,RU,Utilities,Utilities,Electric Utilities,Koncern Rosjenergoatom OAO,,ELECTRIC SVC, , , , , , , , ,,,,,,,,,
,, ,226628714, ,2021-05-26,250,250,250.0 Mln,2021-05-26,,USD,250,"Venture Capital, Cross Border, Private Equity, Minority Purchase, Additional Stake Purchase",A consortium led by VTB Capital JSC acquired a minority stake in Ivi.Ru OOO. The transaction was completed on 5/26/2021.,Completed,INV,No, ,Friendly,0,Cash,0,0, ,,,, ,,, ,,Russia,,"Financials, Materials, Financials, Financials, Financials, Financials, Financials","Millhouse Capital UK Ltd,Russian Direct Investment Fund Management Co,VTB Capital JSC,Baring Vostok Capital Partners Ltd/Russia (Fund: Baring Vostok Private Equity Fund V LP),Invest Unternehmensbeteiligungs AG,Flashpoint Venture Capital (Fund: Buran Venture Capital II LP),RTP Global",,,, ,N.A.,N.A., ,N.A.,, ,Moscow,Russia,RU,Media,Communications,Internet Media & Services,Ivi.Ru OOO,, , , , , , , , , ,,,,,,,,,
,, ,226638244, ,2021-05-27,N/A,N/A,N/A,2021-11-29,,EUR,N/A,"Cross Border, Asset Sale",Uniper SE announced the sale of Power plants/Russia to Inter RAO UES PJSC. Financial terms of the transaction are undisclosed.,Withdrawn,AST,No, ,Friendly,0,Cash,0,100,2021-05-27,Strategic Alt Review,,, ,,, ,Moscow,Russia,RU,Utilities,Inter RAO UES PJSC,634,ELECTRIC SVC,4911,N.A.,,Germany,DE,Utilities,Uniper SE, ,,Russia,,Utilities,Utilities,Electric Utilities,Power plants/Russia,,, , , , , , , , ,,,,,,,,,
,, ,226638309, ,2021-05-27,N/A,N/A,N/A,2021-05-27,,RUB,N/A,Company Takeover,Private Investor acquired Er-Stail Softlab AO. The transaction was completed on 5/27/2021. Financial terms of the transaction are undisclosed.,Completed,M&A,No, ,Friendly,0,Undisclosed,0,100, ,,,, ,,, ,,Poland,,N.A.,Private Investor,,,, ,7372,N.A., ,N.A.,, ,Moscow,Russia,RU,Software & Tech Services,Technology,Software,Er-Stail Softlab AO,,PREPAKG SOFTW, , , , , , , , ,,,,,,,,,
,, ,226655054, ,2021-05-28,2.56,2.56,2.1 Mln,2021-05-28,,EUR,2.56,"Venture Capital, Private Equity, Minority Purchase, Financing Round, Additional Stake Purchase",A consortium led by GO CAPITAL SAS & Bpifrance Investissement SASU acquired a minority stake in Babbar SAS. The transaction was completed on 05/28/2021.,Completed,INV,No, ,Friendly,0,Cash,0,0, ,,,, ,,, ,,United States,,"Financials, Financials, Financials, Financials","Management Group,Bpifrance Investissement SASU (Fund: Bpifrance Digital Ambition Fund),GO CAPITAL SAS (Fund: Go Capital Amorcage II),Normandie Participations SASU,Normandie Business Angels",,,, ,N.A.,N.A., ,N.A.,, ,Le Petit-Quevilly,Russia,FR,Software & Tech Services,Technology,Software,Babbar SAS,, , , , , , , , , ,,,,,,,,,
,, ,226658224, ,2021-05-28,N/A,N/A,N/A,2021-05-28,,EUR,N/A,"Company Takeover, Cross Border, Additional Stake Purchase",BASF SE sold Sovmestnoye Predpriyatiye Volgodeminoyl OOO to LUKOIL PJSC. The transaction was completed on 5/28/2021. Financial terms of the transaction are undisclosed.,Completed,M&A,No, ,Friendly,0,Undisclosed,50,50, ,,,, ,,, ,Moscow,Russia,RU,Energy,LUKOIL PJSC,, ,N.A.,2800,1311,Germany,DE,Materials,BASF SE,CHEMICALS,Volograd,Russia,RU,Oil & Gas,Energy,Oil & Gas Supply Chain,Sovmestnoye Predpriyatiye Volgodeminoyl OOO,,CRUDE PETR/NG, , , , , , , , ,,,,,,,,,
,, ,226671190, ,2021-05-31,N/A,N/A,N/A,2021-07-09,,RUB,N/A,Company Takeover,Nebius Group NV announced the acquisition of KupiVip.ru. Financial terms of the transaction are undisclosed.,Withdrawn,M&A,No, ,Friendly,0,Undisclosed,0,100, ,,,, ,,, ,Schiphol,Russia,NL,Communications,Nebius Group NV,1543,COMPUT PROG,7370, ,N.A.,N.A., ,N.A.,, ,Moscow,Russia,RU,Retail & Whsle - Discretionary,Consumer Discretionary,E-Commerce Discretionary,KupiVip.ru,, , , , , , , , , ,,,,,,,,,
,, ,226674878, ,2021-05-31,N/A,N/A,N/A,2021-05-31,,MXN,N/A,"Company Takeover, Cross Border",Blendiser Corp Ltd acquired GSK Yugoriya AO. The transaction was completed on 5/31/2021. Financial terms of the transaction are undisclosed.,Completed,M&A,No, ,Friendly,0,Undisclosed,0,100, ,,,, ,,, ,Limassol,Cyprus,CY,Unclassifiable,Blendiser Corp Ltd,, ,N.A., ,6311,N.A., ,N.A.,, ,Khanty-mansiysk,Russia,RU,Insurance,Financials,Insurance,GSK Yugoriya AO,,LIFE INSURANCE, , , , , , , , ,,,,,,,,,
,, ,226685396, ,2021-06-01,N/A,N/A,N/A,2021-06-01,,RUB,N/A,Company Takeover,Neftegazindustriya OOO acquired Knz-Krasnodarekoneft ZAO. The transaction was completed on 6/1/2021. Financial terms of the transaction are undisclosed.,Completed,M&A,No, ,Friendly,0,Undisclosed,0,100, ,,,, ,,, ,Moscow,Russia,RU,Energy,Neftegazindustriya OOO,,PETROL REFINNG,2911, ,2911,N.A., ,N.A.,, , ,Russia,RU,Oil & Gas,Energy,Oil & Gas Supply Chain,Knz-Krasnodarekoneft ZAO,,PETROL REFINNG, , , , , , , , ,,,,,,,,,
,, ,226694065, ,2021-06-01,N/A,N/A,N/A,2021-07-26,,RUB,N/A,Company Takeover,Sberbank of Russia PJSC acquired NSPF Renaissance Pensions JSC. The transaction was announced on 6/1/2021 and completed on 7/26/2021. Financial terms of the transaction are undisclosed.,Completed,M&A,No, ,Friendly,0,Cash,0,100, ,,,, ,,, ,Moscow,Russia,RU,Financials,Sberbank of Russia PJSC,289721,NATL COML BANK,6021, ,N.A.,N.A., ,N.A.,, ,Moscow,Russia,RU,Financial Services,Financials,Specialty Finance,NSPF Renaissance Pensions JSC,, , , , , , , , , ,,2021-07-26,,,,,,,
,, ,226719856, ,2021-06-03,204.6,602.03,15000.0 Mln,2021-12-03,,RUB,536.27,Company Takeover,Gazprom Energoholding OOO announced the acquisition of Quadra Power Generation PJSC for RUB 44137.05M.,Withdrawn,M&A,No, ,Friendly,29137.05078,Cash,0,100,2021-06-03,Negotiation,,, ,,, ,Moscow,Russia,RU,Energy,Gazprom Energoholding OOO,,CONSULTING SVC,8742, ,4911,N.A., ,N.A.,, ,Tula,Russia,RU,Utilities,Utilities,Electric Utilities,Quadra Power Generation PJSC,11653,ELECTRIC SVC,0.34,1.69,0.27,0.16,0.99,4.96,0.8,0.47,,,,,,,,,
,, ,226724466, ,2021-06-03,N/A,N/A,N/A, ,,RUB,N/A,Minority Purchase,Segezha Group PJSC announced the acquisition of a minority stake in Tegli Holding. The transaction was announced on 6/3/2021 and is currently pending. Financial terms of the transaction are undisclosed.,Pending,INV,No, ,Friendly,0,Undisclosed,0,0, ,,,, ,,, ,Moscow,Russia,RU,Materials,Segezha Group PJSC,295, ,N.A., ,N.A.,N.A., ,N.A.,, , ,Russia,RU,Unclassifiable,Unclassifiable,Unclassifiable,Tegli Holding,, , , , , , , , , ,,,,,,,,,
,Cleary Gottlieb, ,226739003, ,2021-06-04,75,75,75.0 Mln, ,,USD,75,Minority Purchase,VTB Bank PJSC announced the acquisition of a minority stake in Karshering Russiia OOO. The transaction was announced on 6/4/2021 and is currently pending.,Pending,INV,No, ,Friendly,0,Cash,0,15, ,,,, ,,, ,Moscow,Russia,RU,Financials,VTB Bank PJSC,, ,N.A., ,N.A.,N.A., ,N.A.,, ,Moscow,Russia,RU,Retail & Whsle - Discretionary,Consumer Discretionary,Retail - Discretionary,Karshering Russiia OOO,950, , , , , , , , , ,,,,,,,,,
,White & Case LLP, ,226758845, ,2021-06-07,N/A,N/A,N/A,2021-06-07,,RUB,N/A,Minority Purchase,VTB Bank PJSC acquired a minority stake in Ivi.Ru OOO. The transaction was completed on 6/7/2021. Financial terms of the transaction are undisclosed.,Completed,INV,No, ,Friendly,0,Undisclosed,0,8.8, ,,,, ,,, ,Moscow,Russia,RU,Financials,VTB Bank PJSC,, ,N.A., ,N.A.,N.A., ,N.A.,, ,Moscow,Russia,RU,Media,Communications,Internet Media & Services,Ivi.Ru OOO,, , , , , , , , , ,,,,,,,,,
,, ,226791018, ,2021-06-09,89.96,89.96,N/A, ,,RUB,N/A,Company Takeover,Tatneft PJSC announced the acquisition of Ekopet OOO for RUB 6500.00M. The transaction was announced on 6/9/2021 and is currently pending.,Pending,M&A,No, ,Friendly,0,Undisclosed,0,100, ,,,, ,,, ,Tatarstan,Russia,RU,Energy,Tatneft PJSC,, ,N.A., ,3341,N.A., ,N.A.,, ,N.A,Russia,RU,Materials,Materials,Metals & Mining,Ekopet OOO,,SECOND NONFERR, , , , , , , , ,,,,,,,,,
,, ,226791693, ,2021-06-09,3.02,3.02,218.36 Mln,2021-06-09,,RUB,3.02,Minority Purchase,Mobile TeleSystems PJSC acquired a minority stake in TalkBank. The transaction was completed on 6/9/2021.,Completed,INV,No, ,Friendly,0,Cash,0,0, ,,,, ,,, ,Moscow,Russia,RU,Communications,Mobile TeleSystems PJSC,60388, ,N.A., ,N.A.,N.A., ,N.A.,, , ,Russia,RU,Software & Tech Services,Technology,Software,TalkBank,, , , , , , , , , ,,,,,,,,,
,, ,226815543, ,2021-06-10,N/A,N/A,N/A,2021-08-13,,RUB,N/A,Company Takeover,Nebius Group NV announced the acquisition of Azbuka Vkusa OOO. Financial terms of the transaction are undisclosed.,Withdrawn,M&A,No, ,Friendly,0,Undisclosed,0,100,2021-06-10,Negotiation,,, ,,, ,Schiphol,Russia,NL,Communications,Nebius Group NV,1543,COMPUT PROG,7370, ,5499,N.A., ,N.A.,, , ,Russia,RU,Retail & Wholesale - Staples,Consumer Staples,Retail - Consumer Staples,Azbuka Vkusa OOO,,MISC FOOD STOR, , , , , , , , ,,,,,,,,,
,Dla Piper Llp, ,226864676, ,2021-06-16,16,16,16.0 Mln,2021-06-16,,USD,16,Majority Purchase,VEON Ltd acquired OTM OOO for USD 16.00M. The transaction was completed on 6/16/2021.,Completed,M&A,No, ,Friendly,0,Cash,0,67, ,,,, ,,, ,DUBAI,Russia,AE,Communications,VEON Ltd,18938,RADIOPHONE COM,4812, ,N.A.,N.A., ,N.A.,, ,SKOLKOVO INNOVATSIONNOGO TSENT,Russia,RU,Software & Tech Services,Technology,IT Services,OTM OOO,, , , , , , , , , ,,,,,,,,,
,, ,226879301, ,2021-06-17,33.81,33.81,2450.0 Mln,2021-08-26,,RUB,33.03,Company Takeover,Lenta International Co PJSC acquired Semya Logistika OOO for RUB 2450.00M. The transaction was announced on 6/17/2021 and completed on 8/26/2021.,Completed,M&A,No, ,Friendly,0,Cash,0,100, ,,,, ,,, ,Saint Petersburg,Russia,RU,Consumer Staples,Lenta International Co PJSC,66700,NONWEAVE FAB,2297, ,5149,N.A., ,N.A.,, ,Perm,Russia,RU,Retail & Wholesale - Staples,Consumer Staples,Wholesale - Consumer Staples,Semya Logistika OOO,,GROCERIES, , , , , , , , ,,,,2021-07-27,,,,,
,, ,226891498, ,2021-06-18,N/A,N/A,N/A,2021-06-18,,RUB,N/A,Minority Purchase,Private Investor acquired a minority stake in Baltic Methanol LLC. The transaction was completed on 6/18/2021. Financial terms of the transaction are undisclosed.,Completed,INV,No, ,Friendly,0,Undisclosed,0,50, ,,,, ,,, ,,Russia,,N.A.,Private Investor,,,, ,N.A.,N.A., ,N.A.,, ,N.A,Russia,RU,Oil & Gas,Energy,Oil & Gas Supply Chain,Baltic Methanol LLC,, , , , , , , , , ,,,,,,,,,
,, ,226951492, ,2021-06-24,N/A,N/A,N/A,2021-06-24,,RUB,N/A,Minority Purchase,Rostec State Corp acquired a minority stake in RFK JSC. The transaction was completed on 6/24/2021. Financial terms of the transaction are undisclosed.,Completed,INV,No, ,Friendly,0,Undisclosed,0,26, ,,,, ,,, ,Moscow,Russia,RU,Industrials,Rostec State Corp,200,MISC INVSTRS,6799, ,N.A.,N.A., ,N.A.,, ,Moscow,Russia,RU,Consumer Staple Products,Consumer Staples,Beverages,RFK JSC,, , , , , , , , , ,,,,,,,,,
,Cleary Gottlieb, ,226986326, ,2021-06-10,26,26,26.0 Mln,2021-06-10,,USD,26,"Venture Capital, Cross Border, Private Equity, Minority Purchase, Additional Stake Purchase, Series B / 2",A consortium led by UNIQA Insurance Group AG acquired a minority stake in BestDoctor LLC. The transaction was completed on 6/10/2021.,Completed,INV,No, ,Friendly,0,Cash,0,0, ,,,, ,,Dla Piper Llp, ,,Austria,,"Financials, Financials, Financials, Financials, Financials, Financials","UNIQA Insurance Group AG,Addventure Venture Capital Fund (Fund: Addventure III),Target Global (Fund: Target Global Early Stage Fund I LP),Winter Capital Advisors LLC,LVL1 Group,VNV Global AB",,,, ,N.A.,N.A., ,N.A.,, ,Moscow,Russia,RU,Insurance,Financials,Insurance,BestDoctor LLC,, , , , , , , , , ,,,,,,,,,
,Morgan Lewis, ,227058454, ,2021-06-04,21.97,21.97,1600.0 Mln,2021-06-04,,RUB,21.97,"Private Equity, Minority Purchase",A consortium led by Sberbank of Russia PJSC acquired a minority stake in Eruditor Group. The transaction was completed on 6/4/2021.,Completed,INV,No, ,Friendly,0,Cash,0,0, ,,,, ,,, ,,Russia,,"Financials, Financials","Sberbank of Russia PJSC,Russian Direct Investment Fund Management Co",,,, ,N.A.,N.A., ,N.A.,, , ,Russia,RU,Media,Communications,Internet Media & Services,Eruditor Group,, , , , , , , , , ,,,,,,,,,
,, ,227075614, ,2021-07-05,70.82,70.82,N/A,2021-07-05,,RUB,N/A,Company Takeover,Mobile TeleSystems PJSC acquired GDTs Energy Group LLC for RUB 5200.00M. The transaction was completed on 7/5/2021.,Completed,M&A,No, ,Friendly,0,Undisclosed,0,100, ,,,, ,,, ,Moscow,Russia,RU,Communications,Mobile TeleSystems PJSC,60388, ,N.A., ,N.A.,N.A., ,N.A.,, ,Moscow,Russia,RU,Financial Services,Financials,Asset Management,GDTs Energy Group LLC,, , , , , , , , , ,,,,,,,,,
,, ,227105929, ,2021-07-08,N/A,N/A,N/A,2021-09-30,,EUR,N/A,"Cross Border, Asset Sale",Fortum Oyj sold Argayash coal fired heat & power plant to Rosatom Corp. The transaction was announced on 7/8/2021 and completed on 9/30/2021. Financial terms of the transaction are undisclosed.,Completed,AST,No, ,Friendly,0,Cash,0,100, ,,,, ,,, ,Moscow,Russia,RU,Utilities,Rosatom Corp,, ,N.A.,N.A.,,Finland,FI,Utilities,Fortum Oyj, ,,Russia,,Materials,Materials,Metals & Mining,Argayash coal fired heat & power plant,,, , , , , , , , ,,,,,,,,,
,, ,227187015, ,2021-07-16,1.5,1.5,1.5 Mln,2021-07-16,,USD,1.5,"Venture Capital, Cross Border, Private Equity, Minority Purchase, Financing Round",A consortium led by Phystech Ventures acquired a minority stake in Welldone. The transaction was completed on 7/16/2021.,Completed,INV,No, ,Friendly,0,Cash,0,0, ,,,, ,,, ,,Russia,,"Financials, Financials","Phystech Ventures,Lever VC (Fund: Lever VC Fund I)",,,, ,N.A.,N.A., ,N.A.,, ,N.A,Russia,RU,Health Care,Health Care,Biotech & Pharma,Welldone,, , , , , , , , , ,,,,,,,,,
,, ,227234533, ,2021-07-22,N/A,N/A,N/A,2021-07-22,,RUB,N/A,Minority Purchase,Sistema PJSFC acquired a minority stake in Zarya. The transaction was completed on 7/22/2021. Financial terms of the transaction are undisclosed.,Completed,INV,No, ,Friendly,0,Undisclosed,0,49, ,,,, ,,, ,Moscow,Russia,RU,Communications,Sistema PJSFC,,PHONE NO  RADI,4813, ,N.A.,N.A., ,N.A.,, ,Krutogorovskiy,Russia,RU,Retail & Wholesale - Staples,Consumer Staples,Wholesale - Consumer Staples,Zarya,, , , , , , , , , ,,,,,,,,,
,, ,227283786, ,2021-07-27,11.75,11.75,350.0 Mln,2021-07-27,,RUB,4.74,Majority Purchase,Mobile TeleSystems PJSC acquired Factorin LLC for RUB 867.00M. The transaction was completed on 7/27/2021.,Completed,M&A,No, ,Friendly,0,Cash,0,51, ,,,, ,,, ,Moscow,Russia,RU,Communications,Mobile TeleSystems PJSC,60388, ,N.A., ,N.A.,N.A., ,N.A.,, , ,Russia,RU,Consumer Discretionary Services,Consumer Discretionary,Consumer Services,Factorin LLC,, , , , , , , , , ,,,,,,,,,
,, ,227285009, ,2021-07-27,N/A,N/A,N/A,2021-07-27,,EUR,N/A,"Company Takeover, Cross Border",Pruskanza Holding Ltd sold Pir Produkt JSC to Sistema PJSFC. The transaction was completed on 7/27/2021. Financial terms of the transaction are undisclosed.,Completed,M&A,No, ,Friendly,0,Undisclosed,0,100, ,,,, ,,, ,Moscow,Russia,RU,Communications,Sistema PJSFC,,PHONE NO  RADI,4813,N.A.,N.A.,Cyprus,CY,Financials,Pruskanza Holding Ltd, , ,Russia,RU,Consumer Staple Products,Consumer Staples,Food,Pir Produkt JSC,, , , , , , , , , ,,,,,,,,,
,, ,227313319, ,2021-07-29,1.98,1.98,145.0 Mln,2021-07-29,,RUB,1.98,Company Takeover,UpHealth Group Ltd acquired Rav Agro Rost OOO for RUB 145.00M. The transaction was completed on 7/29/2021.,Completed,M&A,No, ,Friendly,0,Cash,0,100, ,,,, ,,, ,Singapore,Russia,SG,Consumer Staples,UpHealth Group Ltd,, ,N.A., ,N.A.,N.A., ,N.A.,, , ,Russia,RU,Consumer Staple Products,Consumer Staples,Food,Rav Agro Rost OOO,, , , , , , , , , ,,,,,,,,,
,, ,227316293, ,2021-07-29,N/A,N/A,N/A,2021-07-28,,USD,N/A,"Company Takeover, Cross Border",Resort-m LLC sold Altai Avia OOO to Sistema PJSFC. The transaction was announced on 7/29/2021 and completed on 7/28/2021. Financial terms of the transaction are undisclosed.,Completed,M&A,No, ,Friendly,0,Undisclosed,0,100, ,,,, ,,, ,Moscow,Russia,RU,Communications,Sistema PJSFC,,PHONE NO  RADI,4813,N.A.,N.A.,United States,US,Financials,Resort-m LLC, , ,Russia,RU,Industrial Products,Industrials,Aerospace & Defense,Altai Avia OOO,, , , , , , , , , ,,,,,,,,,
,, ,227419837, ,2021-01-27,N/A,N/A,N/A,2021-01-27,,RUB,N/A,"Venture Capital, Cross Border, Private Equity, Minority Purchase, Additional Stake Purchase, Series B / 2",A consortium led by Tencent Holdings Ltd acquired a minority stake in Mundfish. The transaction was completed on 1/27/2021. Financial terms of the transaction are undisclosed.,Completed,INV,No, ,Friendly,0,Cash,0,0, ,,,, ,,, ,,China,,"Communications, Financials","Tencent Holdings Ltd,Gaijin ApS,GEM Capital",,,, ,N.A.,N.A., ,N.A.,, , ,Russia,RU,Media,Communications,Internet Media & Services,Mundfish,, , , , , , , , , ,,,,,,,,,
,, ,227420823, ,2021-07-16,0.55,0.55,0.55 Mln,2021-07-16,,USD,0.55,"Venture Capital, Cross Border, Private Equity, Minority Purchase, Seed",GIVC Tech ll Ltd acquired a minority stake in Qmarketing Academy. The transaction was completed on 7/16/2021.,Completed,INV,No, ,Friendly,0,Cash,0,0, ,,,, ,,, , ,Ukraine,UA,Financials,GIVC Tech ll Ltd,, ,N.A., ,N.A.,N.A., ,N.A.,, ,N.A,Russia,RU,Software & Tech Services,Technology,Software,Qmarketing Academy,, , , , , , , , , ,,,,,,,,,
,Hogan Lovells US/Squire Patton, ,227431663, ,2021-08-09,43,43,43.0 Mln,2021-08-09,,USD,43,"Venture Capital, Private Equity, Minority Purchase, Financing Round",A consortium led by iTech Capital acquired a minority stake in Aviasales. The transaction was completed on 8/9/2021.,Completed,INV,No, ,Friendly,0,Cash,0,0, ,,,, ,,, ,,Cayman Islands,,"Financials, Financials","iTech Capital (Fund: iTech Fund II LP),Elbrus Capital OOO (Fund: Elbrus Capital Fund III)",,,, ,N.A.,N.A., ,N.A.,, ,Moscow,Russia,RU,Media,Communications,Internet Media & Services,Aviasales,, , , , , , , , , ,,,,,,,,,
,, ,227455473, ,2021-08-11,N/A,N/A,N/A, ,,RUB,N/A,"Venture Capital, Private Equity, Minority Purchase, Financing Round",A consortium led by Private Investor announced the acquisition of a minority stake in AliExpress Russia. The transaction was announced on 8/11/2021 and is currently pending. Financial terms of the transaction are undisclosed.,Pending,INV,No, ,Friendly,0,Cash,0,0, ,,,, ,,, ,,Russia,,Communications,"Private Investor,VK IPJSC",,,, ,N.A.,N.A., ,N.A.,, , ,Russia,RU,Retail & Whsle - Discretionary,Consumer Discretionary,E-Commerce Discretionary,AliExpress Russia,, , , , , , , , , ,,,,,,,,,
,, ,227456358, ,2021-08-11,0.06,0.06,4.625 Mln,2021-08-11,,RUB,0.06,Company Takeover,Rybokombinat Ostrovnoi ZAO acquired Chukotrybpromkhoz AO for RUB 4.62M. The transaction was completed on 8/11/2021.,Completed,M&A,No, ,Friendly,0,Cash,0,100, ,,,, ,,, ,Malokurilskoye,Russia,RU,Consumer Staples,Rybokombinat Ostrovnoi ZAO,,FINFISH,0912, ,N.A.,N.A., ,N.A.,, ,ANADYR,Russia,RU,Consumer Staple Products,Consumer Staples,Food,Chukotrybpromkhoz AO,, , , , , , , , , ,,,,,,,,,
,, ,227457097, ,2021-08-11,N/A,N/A,N/A,2021-08-11,,RUB,N/A,Company Takeover,Er-Telekom Holding ZAO acquired Avantel ZAO. The transaction was completed on 8/11/2021. Financial terms of the transaction are undisclosed.,Completed,M&A,No, ,Friendly,0,Undisclosed,0,100, ,,,, ,,, ,Moscow,Russia,RU,Communications,Er-Telekom Holding ZAO,14332,COMMUN SRV NEC,4899, ,4813,N.A., ,N.A.,, ,Barnaul,Russia,RU,Telecommunications,Communications,Telecommunications,Avantel ZAO,,PHONE NO  RADI, , , , , , , , ,,,,,,,,,
,, ,227479857, ,2021-09-29,N/A,N/A,N/A,2021-09-30,,RUB,N/A,Majority Purchase,Sheremetyevo International Airport OAO announced the acquisition of Biblio-Globus. The transaction was announced on 9/29/2021 and is expected to be completed by 9/30/2021. Financial terms of the transaction are undisclosed.,Pending,M&A,No, ,Friendly,0,Undisclosed,0,75,2021-08-13,,,, ,,, ,Moscow,Russia,RU,Industrials,Sheremetyevo International Airport OAO,, ,N.A., ,N.A.,N.A., ,N.A.,, ,Moscow,Russia,RU,Media,Communications,Internet Media & Services,Biblio-Globus,, , , , , , , , , ,,,,,,,,,
,, ,227494652, ,2021-08-16,N/A,N/A,N/A,2021-06-28,,RUB,N/A,Additional Stake Purchase,HeadHunter Group PLC acquired Skillaz. The transaction was announced on 8/16/2021 and completed on 6/28/2021. Financial terms of the transaction are undisclosed.,Completed,INV,No, ,Friendly,0,Undisclosed,25.01,9.97, ,,,, ,,, ,Moscow,Russia,RU,Communications,HeadHunter Group PLC,, ,N.A., ,N.A.,N.A., ,N.A.,, , ,Russia,RU,Software & Tech Services,Technology,Software,Skillaz,, , , , , , , , , ,,,,,,,,,
Ernst & Young,Baker McKenzie, ,227517421, ,2021-08-18,N/A,N/A,N/A,2021-08-11,,RUB,N/A,"Company Takeover, Cross Border",Embracer Group AB acquired SmartPhone Labs. The transaction was announced on 8/18/2021 and completed on 8/11/2021. Financial terms of the transaction are undisclosed.,Completed,M&A,No, ,Friendly,0,Cash,0,100, ,,,, ,,, ,Karlstad,Sweden,SE,Communications,Embracer Group AB,6096, ,N.A., ,N.A.,N.A., ,N.A.,, , ,Russia,RU,Software & Tech Services,Technology,Software,SmartPhone Labs,, , , , , , , , , ,,,,,,,,,
,, ,227517666, ,2021-08-18,N/A,N/A,N/A,2022-02-14,,RUB,N/A,Additional Stake Purchase,"On 02/14/2022, with no further information deal has been withdarwn. VTB Bank PJSC proposed to acquire Pochta Bank PAO. The transaction was proposed on 08/18/2021. Financial terms of the transaction are unknown.",Withdrawn,INV,No, ,Friendly,0,Undisclosed,49,2,2021-08-18,Negotiation,,, ,,, ,Moscow,Russia,RU,Financials,VTB Bank PJSC,, ,N.A., ,6021,N.A., ,N.A.,, ,Moscow,Russia,RU,Banking,Financials,Banking,Pochta Bank PAO,,NATL COML BANK, , , , , , , , ,,,,,,,,,
,, ,227542502, ,2021-08-20,N/A,N/A,N/A, ,,RUB,N/A,Company Takeover,Samolet Group proposed to acquire INTEKO CJSC. The transaction was proposed on 8/20/2021. Financial terms of the transaction are unknown.,Proposed,M&A,No, ,Friendly,0,Undisclosed,0,100,2021-08-20,,,, ,,, ,Moscow,Russia,RU,Real Estate,Samolet Group,6139, ,N.A., ,1521,N.A., ,N.A.,, ,Moscow,Russia,RU,Real Estate,Real Estate,Real Estate Owners & Developers,INTEKO CJSC,,GEN CONSTR/SF, , , , , , , , ,,,,,,,,,
,, ,227586816, ,2021-08-25,N/A,N/A,N/A,2021-08-23,,RUB,N/A,Majority Purchase,Sitronics-Nanotechnology OAO acquired Sputnix Ltd. The transaction was announced on 8/25/2021 and completed on 8/23/2021. Financial terms of the transaction are undisclosed.,Completed,M&A,No, ,Friendly,0,Undisclosed,0,71.059998, ,,,, ,,, ,Zelenograd,Russia,RU,Industrials,Sitronics-Nanotechnology OAO,, ,N.A., ,N.A.,N.A., ,N.A.,, ,Moscow,Russia,RU,Industrial Products,Industrials,Aerospace & Defense,Sputnix Ltd,, , , , , , , , , ,,,,,,,,,
,, ,227615123, ,2021-08-27,0.07,0.07,5.0 Mln,2021-08-27,,RUB,0.07,"Venture Capital, Private Equity, Minority Purchase, Financing Round",Private Investor acquired a minority stake in B2broker Ltd. The transaction was completed on 8/27/2021.,Completed,INV,No, ,Friendly,0,Cash,0,0, ,,,, ,,, ,,United States,,N.A.,Private Investor,,,, ,N.A.,N.A., ,N.A.,, ,Limassol,Russia,CY,Financial Services,Financials,Specialty Finance,B2broker Ltd,, , , , , , , , , ,,,,,,,,,
,, ,227626822, ,2021-08-31,35,35,35.0 Mln,2021-08-31,,USD,35,"Venture Capital, Cross Border, Private Equity, Minority Purchase, Series C / 3, Additional Stake Purchase",A consortium led by Private Investor acquired a minority stake in Dostavista OOO. The transaction was completed on 8/31/2021.,Completed,INV,No, ,Friendly,0,Cash,0,0, ,,,, ,,, ,,Russia,,"Financials, Financials, Financials","Private Investor,VNV Global Ltd,Russian Direct Investment Fund Management Co,Mubadala Investment Co PJSC",,,, ,N.A.,N.A., ,N.A.,, , ,Russia,RU,Industrial Services,Industrials,Transportation & Logistics,Dostavista OOO,, , , , , , , , , ,,,,,,,,,
JP Morgan/VTB Capital,Cooley LLP, ,227640335, ,2021-08-31,702.5,702.5,702.5 Mln,2023-04-21,,USD,702.5,"Option Agreement, Company Takeover, Cross Border, Additional Stake Purchase",Uber Technologies Inc sold MLU BV to Nebius Group NV for USD 702.50M. The transaction was announced on 8/31/2021 and completed on 4/21/2023.,Completed,M&A,No, ,Friendly,0,Cash,71,29, ,,Bofa Securities,NautaDutilh, ,,, ,Schiphol,Russia,NL,Communications,Nebius Group NV,1543,COMPUT PROG,7370,7372,N.A.,United States,US,Communications,Uber Technologies Inc,PREPAKG SOFTW,Amsterdam,Russia,NL,Industrial Services,Industrials,Transportation & Logistics,MLU BV,, , , , , , , , , ,,,,,,,,2021-08-31,
,, ,227640831, ,2021-08-31,N/A,N/A,N/A,2022-02-28,,RUB,N/A,"Cross Border, Minority Purchase",Greenleas International Holdings Ltd announced the acquisition of a minority stake in Raspadskaya OJSC. Financial terms of the transaction are undisclosed.,Withdrawn,INV,No, ,Friendly,0,Undisclosed,0,26.74,2021-08-31,Preliminary Offer,,, ,,, , ,British Virgin Islands,VG,Financials,Greenleas International Holdings Ltd,, ,N.A., ,N.A.,N.A., ,N.A.,, ,Mezhdurechensk,Russia,RU,Materials,Materials,Metals & Mining,Raspadskaya OJSC,16227, , , , , , , , , ,,,,,,,,,
,, ,227683175, ,2021-09-02,N/A,N/A,N/A, ,,RUB,N/A,"Reverse Merger, Company Takeover, Cross Border",Navigator Acquisition Corp announced the acquisition of Arifmetika LLC. The transaction was announced on 9/2/2021 and is currently pending. Financial terms of the transaction are undisclosed.,Pending,M&A,No, ,Friendly,0,Stock,0,100, ,,,, ,,, ,Vancouver,Canada,CA,Financials,Navigator Acquisition Corp,,BLANK CHECKS,6770, ,N.A.,N.A., ,N.A.,, ,Novosibirsk,Russia,RU,Financial Services,Financials,Specialty Finance,Arifmetika LLC,, , , , , , , , , ,,,,,,,,,
,Morgan Lewis, ,227683917, ,2021-09-02,N/A,N/A,N/A,2022-03-31,,RUB,N/A,Minority Purchase,"With no further information, the deal has been withdrawn on 03/31/2022. VTB Bank PJSC proposed the acquisition of a minority stake in Channel One Russia JSC. The transaction was proposed on 09/02/2021. Financial terms of the transaction are unknown.",Withdrawn,INV,No, ,Friendly,0,Undisclosed,0,33,2021-09-02,,,, ,,, ,Moscow,Russia,RU,Financials,VTB Bank PJSC,, ,N.A., ,4832,N.A., ,N.A.,, ,Moscow,Russia,RU,Media,Communications,Publishing & Broadcasting,Pervy Kanal OAO,,RADIO STATIONS, , , , , , , , ,,,,,,,,,
,, ,227684099, ,2021-09-02,N/A,N/A,N/A,2022-03-01,,INR,N/A,"Cross Border, Asset Sale","On 03/0182022, with no further information deal has been withdrawn. Oil & Natural Gas Corp Ltd proposed to acquire Vostok Oil project. The transaction was proposed on 09/02/2021. Financial terms of the transaction are unknown.",Withdrawn,AST,No, ,Friendly,0,Cash,0,0,2021-09-02,,,, ,,, ,New Delhi,India,IN,Energy,Oil & Natural Gas Corp Ltd,29986, ,N.A., ,,N.A., ,N.A.,, ,,Russia,,Oil & Gas,Energy,Oil & Gas Supply Chain,Vostok Oil project,,, , , , , , , , ,,,,,,,,,
,, ,227695493, ,2021-09-03,N/A,N/A,N/A, ,,RUB,N/A,Minority Purchase,VTB Bank PJSC announced the acquisition of a minority stake in Mobil Naya Karta OOO. The transaction was announced on 9/3/2021 and is currently pending. Financial terms of the transaction are undisclosed.,Pending,INV,No, ,Friendly,0,Undisclosed,0,49, ,,,, ,,, ,Moscow,Russia,RU,Financials,VTB Bank PJSC,, ,N.A., ,N.A.,N.A., ,N.A.,, , ,Russia,RU,Consumer Discretionary Services,Consumer Discretionary,Leisure Facilities & Services,Mobil Naya Karta OOO,, , , , , , , , , ,,,,,,,,,
,, ,227728662, ,2017-12-06,N/A,N/A,N/A,2017-12-06,,USD,N/A,"Cross Border, Private Equity, Minority Purchase",Russia-Japan Investment Fund LP acquired a minority stake in Transneft PJSC. The transaction was completed on 12/6/2017. Financial terms of the transaction are undisclosed.,Completed,INV,No, ,Friendly,0,Cash,0,0, ,,,, ,,, , ,Cayman Islands,KY,Financials,Russia-Japan Investment Fund LP,, ,N.A., ,N.A.,N.A., ,N.A.,, ,Moscow,Russia,RU,Oil & Gas,Energy,Oil & Gas Supply Chain,Transneft PJSC,, , , , , , , , , ,,,,,,,,,
,, ,227739846, ,2021-09-09,N/A,N/A,N/A,2021-09-09,,RUB,N/A,Minority Purchase,Private Investor acquired a minority stake in Samolet Group. The transaction was completed on 9/9/2021. Financial terms of the transaction are undisclosed.,Completed,INV,No, ,Friendly,0,Undisclosed,0,10, ,,,, ,,, ,,Russia,,N.A.,Private Investor,,,, ,N.A.,N.A., ,N.A.,, ,Moscow,Russia,RU,Real Estate,Real Estate,Real Estate Owners & Developers,Samolet Group,6139, , , , , , , , , ,,,,,,,,,
VTB Capital,Skadden Arps, ,227796810, ,2021-09-15,N/A,N/A,N/A,2022-03-14,,RUB,N/A,"Company Takeover, Cross Border",Fortiana Holdings Ltd announced the acquisition of Kamchatka Gold CJSC. Financial terms of the transaction are undisclosed.,Withdrawn,M&A,No, ,Friendly,0,Undisclosed,0,100,2021-09-15,,,, ,,, , ,Cyprus,CY,Financials,Fortiana Holdings Ltd,, ,N.A., ,N.A.,N.A., ,N.A.,, ,Petropavlovsk-kamchatskiy,Russia,RU,Materials,Materials,Metals & Mining,Kamchatka Gold CJSC,, , , , , , , , , ,,,,,,,,,
,, ,227840428, ,2021-09-15,N/A,N/A,N/A,2021-09-15,,RUB,N/A,Company Takeover,New Investment Holding JSC acquired Nearmedic International Ltd. The transaction was completed on 9/15/2021. Financial terms of the transaction are undisclosed.,Completed,M&A,No, ,Friendly,0,Cash,0,100,2021-07-15,,,, ,,, , ,Russia,RU,Financials,New Investment Holding JSC,, ,N.A., ,N.A.,N.A., ,N.A.,, ,Moskva,Russia,CY,Health Care,Health Care,Health Care Facilities & Svcs,Nearmedic International Ltd,, , , , , , , , , ,,,,,,,,,
,, ,227848047, ,2021-09-21,137,137,N/A,2021-09-21,,RUB,N/A,Company Takeover,Samolet Group acquired Spb Renovatsiya OOO for RUB 10000.00M. The transaction was completed on 9/21/2021.,Completed,M&A,No, ,Friendly,0,Undisclosed,0,100, ,,,, ,,, ,Moscow,Russia,RU,Real Estate,Samolet Group,6139, ,N.A., ,N.A.,N.A., ,N.A.,, , ,Russia,RU,Consumer Discretionary Products,Consumer Discretionary,Home Construction,Spb Renovatsiya OOO,, , , , , , , , , ,,,,,,,,,
,, ,227860881, ,2021-09-22,N/A,N/A,N/A,2021-09-30,,RUB,N/A,"Company Takeover, Cross Border",Embracer Group AB announced the acquisition of Bytex LLC. The transaction was announced on 9/22/2021 and is expected to be completed by 9/30/2021. Financial terms of the transaction are undisclosed.,Pending,M&A,No, ,Friendly,0,Undisclosed,0,100, ,,,, ,,, ,Karlstad,Sweden,SE,Communications,Embracer Group AB,6096, ,N.A., ,N.A.,N.A., ,N.A.,, ,Saransk,Russia,RU,Software & Tech Services,Technology,IT Services,Bytex LLC,, , , , , , , , , ,,,,,,,,,
VTB Capital,, ,227865456, ,2021-08-02,N/A,N/A,N/A, ,,RUB,N/A,Company Takeover,VTB Bank PJSC announced the acquisition of Rustranskom OOO. The transaction was announced on 8/2/2021 and is currently pending. Financial terms of the transaction are undisclosed.,Pending,M&A,No, ,Friendly,0,Undisclosed,0,100, ,,,, ,,, ,Moscow,Russia,RU,Financials,VTB Bank PJSC,, ,N.A., ,5149,N.A., ,N.A.,, ,N.A,Russia,RU,Consumer Discretionary Services,Consumer Discretionary,Consumer Services,Rustranskom OOO,,GROCERIES, , , , , , , , ,,,,,,,,,
,, ,227875709, ,2021-09-23,N/A,N/A,N/A,2021-08-31,,RUB,N/A,"Cross Border, Majority Purchase",Carlsberg AS acquired KONIX Brewery. The transaction was announced on 9/23/2021 and completed on 8/31/2021. Financial terms of the transaction are undisclosed.,Completed,M&A,No, ,Friendly,0,Cash,0,75, ,,,, ,,, ,Copenhagen V,Denmark,DK,Consumer Staples,Carlsberg AS,36964, ,N.A., ,N.A.,N.A., ,N.A.,, ,Moscow,Russia,RU,Consumer Staple Products,Consumer Staples,Beverages,KONIX Brewery,, , , , , , , , , ,,,,,,,,,
,Freshfields, ,227962908, ,2021-10-01,N/A,N/A,N/A,2021-10-01,,EUR,N/A,"Cross Border, Private Equity, Minority Purchase",Oxalis Ltd/Cyprus sold a minority stake in Kvadrat S LLC to Baring Vostok Capital Partners Ltd/Russia. The transaction was completed on 10/1/2021. Financial terms of the transaction are undisclosed.,Completed,INV,No, ,Friendly,0,Cash,0,16, ,,,, ,,, ,Moscow,Russia,RU,Financials,Baring Vostok Capital Partners Ltd/Russia,, ,N.A.,N.A.,N.A.,Cyprus,CY,Consumer Discretionary,Oxalis Ltd/Cyprus, ,Moscow,Russia,RU,Retail & Whsle - Discretionary,Consumer Discretionary,Retail - Discretionary,Kvadrat S LLC,, , , , , , , , , ,,,,,,,,,
,, ,227985351, ,2017-05-12,1.5,1.5,1.5 Mln,2017-05-12,,USD,1.5,"Venture Capital, Private Equity, Minority Purchase",Impulse VC acquired a minority stake in NtechLab Ltd. The transaction was completed on 5/12/2017.,Completed,INV,No, ,Friendly,0,Cash,0,0, ,,,, ,,, ,Moscow,Russia,RU,Financials,Impulse VC,, ,N.A., ,N.A.,N.A., ,N.A.,, ,Moscow,Russia,RU,Software & Tech Services,Technology,Software,NtechLab Ltd,, , , , , , , , , ,,,,,,,,,
,, ,227989120, ,2021-10-04,N/A,N/A,N/A, ,,GBP,N/A,Company Takeover,JKX Oil & Gas Ltd announced the sale of Yuzhgazenerdzhi OOO to Unnamed Buyer. The transaction was announced on 10/4/2021 and is currently pending. Financial terms of the transaction are undisclosed.,Pending,M&A,No, ,Friendly,0,Undisclosed,0,100, ,,,, ,,, ,,United Kingdom,,N.A.,Unnamed Buyer,,,,N.A.,1321,United Kingdom,GB,Energy,JKX Oil & Gas Ltd, ,Krasnodar,Russia,RU,Oil & Gas,Energy,Oil & Gas Supply Chain,Yuzhgazenerdzhi OOO,,NATL GAS LIQU, , , , , , , , ,,,,,,,,,
,, ,228000770, ,2021-10-05,N/A,N/A,N/A,2021-11-26,,RUB,N/A,"Majority Purchase, Additional Stake Purchase",VK IPJSC acquired SkillFactory/Russia. The transaction was announced on 10/5/2021 and completed on 11/26/2021. Financial terms of the transaction are undisclosed.,Completed,M&A,No, ,Friendly,0,Undisclosed,18.309999,43.490002,2021-10-05,,,, ,,, ,Sankt-peterburg,Russia,RU,Communications,VK IPJSC,,AMUSEMENT SVC,7999, ,N.A.,N.A., ,N.A.,, ,Moscow,Russia,RU,Media,Communications,Internet Media & Services,SkillFactory/Russia,, , , , , , , , , ,,,,,,,,,
,, ,228060622, ,2021-10-12,N/A,N/A,N/A, ,,EUR,N/A,"Cross Border, Majority Purchase",PPF Financial Holdings BV announced the sale of Home Credit & Finance Bank OOO to OTP Bank Nyrt. The transaction was announced on 10/12/2021 and is currently pending. Financial terms of the transaction are undisclosed.,Pending,M&A,No, ,Friendly,0,Undisclosed,0,91.120003, ,,,, ,,, ,Budapest,Hungary,HU,Financials,OTP Bank Nyrt,41089,NATL COML BANK,6021,N.A.,N.A.,Netherlands,CZ,Financials,PPF Financial Holdings BV, ,Moscow,Russia,RU,Banking,Financials,Banking,Home Credit & Finance Bank OOO,, , , , , , , , , ,,,,,,,,,
,, ,228087999, ,2021-10-11,0.7,0.7,50.0 Mln,2021-10-11,,RUB,0.7,"Venture Capital, Private Equity, Minority Purchase, Financing Round",Skolkovo Venture Investments LLC acquired a minority stake in Cyberphysics LLC. The transaction was completed on 10/11/2021.,Completed,INV,No, ,Friendly,0,Cash,0,0, ,,,, ,,, ,Moscow,Russia,RU,Financials,Skolkovo Venture Investments LLC,, ,N.A., ,N.A.,N.A., ,N.A.,, ,Moscow,Russia,RU,Software & Tech Services,Technology,Software,Cyberphysics LLC,, , , , , , , , , ,,,,,,,,,
,, ,228109954, ,2021-10-18,N/A,N/A,N/A,2021-10-18,,RUB,N/A,Additional Stake Purchase,Ros Agro PLC acquired Primorskaya Soya LLC. The transaction was completed on 10/18/2021. Financial terms of the transaction are undisclosed.,Completed,INV,No, ,Friendly,0,Undisclosed,25,25, ,,,, ,,, ,Tambov,Russia,RU,Consumer Staples,Ros Agro PLC,29781, ,N.A., ,N.A.,N.A., ,N.A.,, , ,Russia,RU,Consumer Staple Products,Consumer Staples,Food,Primorskaya Soya LLC,, , , , , , , , , ,,,,,,,,,
,, ,228145919, ,2021-10-21,N/A,N/A,N/A,2022-04-30,,RUB,N/A,"Majority Purchase, Cross Border","With no further information, the deal has been withdrawn on 04/30/22. Iida Group Holdings Co Ltd proposed to acquire Russian Forest Products Group. The transaction was proposed on 10/21/2021. Financial terms of the transaction are unknown.",Withdrawn,M&A,No, ,Friendly,0,Undisclosed,0,75,2021-10-21,,VTB Capital,, ,,, ,Musashino,Japan,JP,Consumer Discretionary,Iida Group Holdings Co Ltd,14217, ,N.A., ,N.A.,N.A., ,N.A.,, ,Moscow,Russia,RU,Materials,Materials,"Forestry, Paper & Wood Products",Russian Forest Products Group,, , , , , , , , , ,,,,,,,,,
,, ,228176028, ,2021-10-25,N/A,N/A,N/A,2023-12-31,,RUB,N/A,Majority Purchase,Rostelecom PJSC announced the acquisition of BFT Holding. The transaction was announced on 10/25/2021 and is expected to be completed by 12/31/2023. Financial terms of the transaction are undisclosed.,Pending,M&A,No, ,Friendly,0,Undisclosed,0,50.009998, ,,,, ,,, ,Moscow,Russia,RU,Communications,Rostelecom PJSC,,PHONE NO  RADI,4813, ,N.A.,N.A., ,N.A.,, , ,Russia,RU,Software & Tech Services,Technology,IT Services,BFT Holding,, , , , , , , , , ,,,,,,,,,
,, ,228190976, ,2021-10-26,N/A,N/A,N/A,2021-10-26,,EUR,N/A,Company Takeover,Solidcore Resources PLC acquired Ruskit ZAO. The transaction was completed on 10/26/2021. Financial terms of the transaction are undisclosed.,Completed,M&A,No, ,Friendly,0,Undisclosed,0,100, ,,,, ,,, ,G.astana,Russia,KZ,Materials,Solidcore Resources PLC,3884, ,N.A., ,1629,N.A., ,N.A.,, ,Moscow,Russia,RU,Industrial Services,Industrials,Engineering & Construction,Ruskit ZAO,,HVY CONSTR NEC, , , , , , , , ,,,,,,,,,
,, ,228229209, ,2021-05-18,12.86,12.86,404.0 Mln,2021-10-29,,THB,N/A,"Company Takeover, Cross Border",Charoen Pokphand Foods PCL announced the acquisition of BiltOil OOO for THB 404.00M. The transaction was announced on 5/18/2021 and terminated on 10/29/2021.,Terminated,M&A,No, ,Friendly,0,Cash,0,100, ,,,, ,,, ,Bangkok,Thailand,TH,Consumer Staples,Charoen Pokphand Foods PCL,, ,N.A., ,N.A.,N.A., ,N.A.,, , ,Russia,RU,Financial Services,Financials,Asset Management,BiltOil OOO,, , , , , , , , , ,,,,,,,,,
,, ,228369773, ,2021-11-11,62.87,62.87,N/A,2021-11-11,,RUB,62.87,"Company Takeover, Additional Stake Purchase",Rostelecom PJSC acquired Rostelecom Information Technologies for RUB 4500.00M. The transaction was completed on 11/11/2021.,Completed,M&A,No, ,Friendly,0,Undisclosed,50.099998,49.900002, ,,,, ,,, ,Moscow,Russia,RU,Communications,Rostelecom PJSC,,PHONE NO  RADI,4813, ,N.A.,N.A., ,N.A.,, , ,Russia,RU,Software & Tech Services,Technology,Software,Rostelecom Information Technologies,, , , , , , , , , ,,,,,,,,,
,, ,228381926, ,2021-11-12,N/A,N/A,N/A,2021-11-12,,USD,N/A,"Cross Border, Company Takeover",European Bank for Reconstruction & Development acquired Irkutsk Oil Co LLC. The transaction was completed on 11/12/2021. Financial terms of the transaction are undisclosed.,Completed,M&A,No, ,Friendly,0,Cash,0,100, ,,,, ,,, ,London,N.A.,GB,Government,European Bank for Reconstruction & Development,, ,N.A., ,1311,N.A., ,N.A.,, ,Irkutsk,Russia,RU,Oil & Gas,Energy,Oil & Gas Supply Chain,Irkutsk Oil Co LLC,,CRUDE PETR/NG, , , , , , , , ,,,,,,,,,
,, ,228419637, ,2021-11-17,N/A,N/A,N/A,2022-03-31,,RUB,N/A,"Minority Purchase, Cross Border",Tawazun Holding/Abu Dhabi announced the acquisition of a minority stake in RH-Technologies LLC. The transaction was announced on 11/17/2021 and is expected to be completed by 3/31/2022. Financial terms of the transaction are undisclosed.,Pending,INV,No, ,Friendly,0,Undisclosed,0,50, ,,,, ,,, ,Abu Dhabi,United Arab Emirates,AE,Financials,Tawazun Holding/Abu Dhabi,, ,N.A., ,N.A.,N.A., ,N.A.,, ,MOSCOW,Russia,RU,Industrial Services,Industrials,Transportation & Logistics,RH-Technologies LLC,, , , , , , , , , ,,,,,,,,,
,, ,228445127, ,2021-11-19,7.78,7.78,87.712 Mln, ,,TRY,7.78,"Minority Purchase, Cross Border",Alarko Holding AS announced the sale of a minority stake in Mosalarko OJSC/Moscow to Unnamed Buyer. The transaction was announced on 11/19/2021 and is currently pending.,Pending,INV,No, ,Friendly,0,Cash,0,50,2021-11-19,,,, ,,, ,,United States,,N.A.,Unnamed Buyer,,,,N.A.,N.A.,Turkey,TR,Industrials,Alarko Holding AS, , ,Russia,RU,Financial Services,Financials,Asset Management,Mosalarko OJSC/Moscow,, , , , , , , , , ,,,,,,,,,
,, ,228490824, ,2021-11-24,N/A,N/A,N/A,2022-05-24,,RUB,N/A,"Cross Border, Asset Sale","With no further information, deal has been withdrawn on 05/24/2022. Enel SpA proposed to sell Generating Assets/Enel SpA to Potential Buyer. The transaction was proposed on 11/24/2021. Financial terms of the transaction are unknown.",Withdrawn,AST,No, ,Friendly,0,Cash,0,100,2021-11-24,On the Block,,, ,,, ,,British Virgin Islands,,N.A.,Potential Buyer,,,,4911,,Italy,IT,Utilities,Enel SpA,ELECTRIC SVC,,Russia,,Utilities,Utilities,Electric Utilities,Generating Assets/Enel SpA,,, , , , , , , , ,,,,,,,,,
,, ,228511353, ,2021-11-26,N/A,N/A,N/A,2021-11-26,,RUB,N/A,Company Takeover,Zet-Kholdingz OOO acquired Zigrand OOO. The transaction was completed on 11/26/2021. Financial terms of the transaction are undisclosed.,Completed,M&A,No, ,Friendly,0,Undisclosed,0,100, ,,,, ,,, , ,Russia,RU,Consumer Staples,Zet-Kholdingz OOO,, ,N.A., ,N.A.,N.A., ,N.A.,, , ,Russia,RU,Consumer Staple Products,Consumer Staples,Food,Zigrand OOO,, , , , , , , , , ,,,,,,,,,
,, ,228529637, ,2021-11-10,N/A,N/A,N/A,2021-11-10,,RUB,N/A,"Private Equity, Minority Purchase, Venture Capital, Series A / 1",A consortium led by ExpoCapital acquired a minority stake in Kapsula LLC. The transaction was completed on 11/10/2021. Financial terms of the transaction are undisclosed.,Completed,INV,No, ,Friendly,0,Cash,0,0, ,,,, ,,Dla Piper Llp, ,,United States,,Financials,"Private Investor,ExpoCapital",,,, ,N.A.,N.A., ,N.A.,, ,Moscow,Russia,RU,Consumer Discretionary Services,Consumer Discretionary,Consumer Services,Kapsula LLC,, , , , , , , , , ,,,,,,,,,
,, ,228583162, ,2021-12-02,700,700,700.0 Mln, ,,USD,700,"Cross Border, Minority Purchase",Bundl Technologies Pvt Ltd announced the acquisition of a minority stake in Instamart Holding. The transaction was announced on 12/2/2021 and is currently pending.,Pending,INV,No, ,Friendly,0,Cash,0,0, ,,,, ,,, ,Bangalore,India,IN,Communications,Bundl Technologies Pvt Ltd,, ,N.A., ,N.A.,N.A., ,N.A.,, ,Moscow,Russia,RU,Retail & Whsle - Discretionary,Consumer Discretionary,E-Commerce Discretionary,Instamart Holding,, , , , , , , , , ,,,,,,,,,
,, ,228583891, ,2021-12-02,N/A,N/A,N/A, ,,RUB,N/A,"Minority Purchase, Cross Border",USM Holdings Ltd announced the sale of a minority stake in MF Technologies JSC to Strakhovoe Obshchestvo Gazovoi Promyshlennosti OAO. The transaction was announced on 12/2/2021 and is currently pending. Financial terms of the transaction are undisclosed.,Pending,INV,No, ,Friendly,0,Undisclosed,0,45, ,,,, ,,, ,Arkhangelsk,Russia,RU,Financials,Strakhovoe Obshchestvo Gazovoi Promyshlennosti OAO,, ,N.A.,N.A.,N.A.,British Virgin Islands,VG,Industrials,USM Holdings Ltd, ,Moscow,Russia,RU,Financial Services,Financials,Asset Management,MF Technologies JSC,, , , , , , , , , ,,,,,,,,,
,, ,228587748, ,2021-12-02,N/A,N/A,N/A,2022-06-02,,USD,N/A,Company Takeover,"With no further information, deal has been withdrawn on 06/02/2022. United Aircraft Corp PJSC proposed to acquire Russian Aircraft Corp MiG JSC & Grazhdanskie Samoleoty Sukhogo AO. The transaction was proposed on 12/02/2021. Financial terms of the transaction are unknown.",Withdrawn,M&A,No, ,Friendly,0,Undisclosed,0,100,2021-12-02,,,, ,,, ,Moscow,Russia,RU,Industrials,United Aircraft Corp PJSC,33517, ,N.A., ,,N.A., ,N.A.,, ,,Russia,,"Industrial Products, Industrial Products","Industrials, Industrials","Aerospace & Defense, Aerospace & Defense","Russian Aircraft Corp MiG JSC,Grazhdanskie Samoleoty Sukhogo AO",,, , , , , , , , ,,,,,,,,,
,, ,228627696, ,2021-12-07,2,2,2.0 Mln,2021-12-07,,USD,2,"Minority Purchase, Cross Border, Private Equity",MY.GAMES Venture Capital LLC acquired a minority stake in Talerock & Playwell Ltd. The transaction was completed on 12/7/2021.,Completed,INV,No, ,Friendly,0,Cash,0,0, ,,,, ,,, , ,Russia,RU,Financials,MY.GAMES Venture Capital LLC,, ,N.A., ,,N.A., ,N.A.,, ,,Russia,,"Media, Media","Communications, Communications","Entertainment Content, Entertainment Content","Talerock,Playwell Ltd",,, , , , , , , , ,,,,,,,,,
,, ,228642099, ,2021-12-08,N/A,N/A,N/A,2021-12-08,,USD,N/A,Company Takeover,FESCO Transportation Group Managing Co Limite acquired Port Gaydamak JSC. The transaction was completed on 12/8/2021. Financial terms of the transaction are undisclosed.,Completed,M&A,No, ,Friendly,0,Undisclosed,0,100, ,,,, ,,, ,Moscow,Russia,RU,Industrials,FESCO Transportation Group Managing Co Limite,, ,N.A., ,N.A.,N.A., ,N.A.,, ,Vladivostok,Russia,RU,Industrial Services,Industrials,Transportation & Logistics,Port Gaydamak JSC,, , , , , , , , , ,,,,,,,,,
,, ,228642777, ,2021-12-08,N/A,N/A,N/A,2021-12-08,,RUB,N/A,"Cross Border, Minority Purchase",Mubadala Investment Co PJSC acquired a minority stake in Sibur Holding PAO. The transaction was completed on 12/8/2021. Financial terms of the transaction are undisclosed.,Completed,INV,No, ,Friendly,0,Undisclosed,0,1.9, ,,,, ,,, ,Abu Dhabi,United Arab Emirates,AE,Financials,Mubadala Investment Co PJSC,, ,N.A., ,1311,N.A., ,N.A.,, ,Moscow,Russia,RU,Materials,Materials,Chemicals,Sibur Holding PAO,,CRUDE PETR/NG, , , , , , , , ,,,,,,,,,
,, ,228656046, ,2021-12-09,N/A,N/A,N/A,2021-12-09,,RUB,N/A,"Additional Stake Purchase, Cross Border, Company Takeover",UBM Development AG sold Avielen AG AO to Warimpex Finanz- und Beteiligungs AG. The transaction was completed on 12/9/2021. Financial terms of the transaction are undisclosed.,Completed,M&A,No, ,Friendly,0,Undisclosed,90,10, ,,,, ,,, ,Vienna,Austria,AT,Real Estate,Warimpex Finanz- und Beteiligungs AG,142,HOTEL/MOTEL,7011,N.A.,8742,Austria,AT,Industrials,UBM Development AG, , ,Russia,RU,Industrial Services,Industrials,Transportation & Logistics,Avielen AG AO,,CONSULTING SVC, , , , , , , , ,,,,,,,,,
,, ,228678647, ,2022-01-20,N/A,N/A,N/A,2022-01-20,,RUB,N/A,"Additional Stake Purchase, Company Takeover, Cross Border",Grupo Empresarial Fuertes SL sold Tambov Turkey LLC to Cherkizovo Group PJSC. The transaction was completed on 1/20/2022. Financial terms of the transaction are undisclosed.,Completed,M&A,No, ,Friendly,0,Stock,50,50,2021-12-10,,,, ,,, ,Moscow,Russia,RU,Consumer Staples,Cherkizovo Group PJSC,842, ,N.A.,8742,N.A.,Spain,ES,Consumer Staples,Grupo Empresarial Fuertes SL,CONSULTING SVC,Tambov,Russia,RU,Consumer Staple Products,Consumer Staples,Food,Tambov Turkey LLC,, , , , , , , , , ,,,,,,,,,
Ernst & Young,, ,228682986, ,2021-10-18,N/A,N/A,N/A,2021-10-18,,GBP,N/A,"Cross Border, Asset Sale",Unilever PLC sold Production Business/Russia to KDV Group OOO. The transaction was completed on 10/18/2021. Financial terms of the transaction are undisclosed.,Completed,AST,No, ,Friendly,0,Cash,0,100, ,,,, ,,, ,Novosibirsk,Russia,RU,Consumer Staples,KDV Group OOO,,GROCERIES,5149,2840,,United Kingdom,GB,Consumer Staples,Unilever PLC,COSMETICS,,Russia,,Consumer Staple Products,Consumer Staples,Food,Production Business/Russia,,, , , , , , , , ,,,,,,,,,
,, ,228683146, ,2021-10-21,N/A,N/A,N/A,2021-10-21,,RUB,N/A,Company Takeover,News Outdoor Russia LLC acquired Nebo digital. The transaction was completed on 10/21/2021. Financial terms of the transaction are undisclosed.,Completed,M&A,No, ,Friendly,0,Undisclosed,0,100, ,,,, ,Ernst & Young,, ,Moscow,United States,RU,Communications,News Outdoor Russia LLC,, ,N.A., ,N.A.,N.A., ,N.A.,, , ,Russia,RU,Media,Communications,Advertising & Marketing,Nebo digital,, , , , , , , , , ,,,,,,,,,
Alfa Bk,Skadden Arps, ,228700350, ,2021-12-13,N/A,N/A,N/A,2022-03-31,,RUB,N/A,Company Takeover,Sbsv OOO announced the acquisition of Rolf OOO. The transaction was announced on 12/13/2021 and is expected to be completed by 3/31/2022. Financial terms of the transaction are undisclosed.,Pending,M&A,No, ,Friendly,0,Undisclosed,0,100, ,,,Dla Piper Llp, ,,, ,Goryachiy Klyuch,Russia,RU,Real Estate,Sbsv OOO,,REAL PROP LESS,6519, ,N.A.,N.A., ,N.A.,, ,Moscow,Russia,RU,Consumer Discretionary Products,Consumer Discretionary,Automotive,Rolf OOO,8163, , , , , , , , , ,,,,,,,,,
,, ,228712494, ,2021-12-14,N/A,N/A,N/A,2022-06-14,,RUB,N/A,Minority Purchase,"With no further information, the deal has been withdrawn on 06/14/22. VEB.RF GK proposed the acquisition of a minority stake in Russian Railways JSC. The transaction was proposed on 12/14/2021. Financial terms of the transaction are unknown.",Withdrawn,INV,No, ,Friendly,0,Undisclosed,0,0,2021-12-14,Negotiation,,, ,,, ,Moscow,Russia,RU,Government,VEB.RF GK,12722, ,N.A., ,N.A.,N.A., ,N.A.,, ,Moscow,Russia,RU,Industrial Services,Industrials,Transportation & Logistics,Russian Railways JSC,, , , , , , , , , ,,,,,,,,,
,, ,228729062, ,2021-12-15,N/A,N/A,N/A,2022-06-30,,USD,N/A,Minority Purchase,"With no further information, the deal has been withdrawn on 06/30/22. NP RTS Association proposed the acquisition of a minority stake in National Settlement Depository JSC. The transaction was proposed on 12/15/2021. Financial terms of the transaction are unknown.",Withdrawn,INV,No, ,Friendly,0,Undisclosed,0,0,2021-12-15,,,, ,,, ,Moscow,Russia,RU,Financials,NP RTS,, ,N.A., ,N.A.,N.A., ,N.A.,, ,Moscow,Russia,RU,Financial Services,Financials,Institutional Financial Svcs,National Settlement Depository JSC,, , , , , , , , , ,,,,,,,,,
,, ,228769675, ,2016-07-07,5.43,5.43,350.0 Mln,2016-07-07,,RUB,5.43,"Private Equity, Venture Capital, Minority Purchase, Financing Round",Sistema Venchur Kepital AO acquired a minority stake in Visionlabs OOO. The transaction was completed on 7/7/2016.,Completed,INV,No, ,Friendly,0,Cash,0,0, ,,,, ,,, ,Moscow,Russia,RU,Financials,Sistema Venchur Kepital AO,, ,N.A., ,N.A.,N.A., ,N.A.,, ,Moscow,Russia,RU,Software & Tech Services,Technology,Software,Visionlabs OOO,, , , , , , , , , ,,,,,,,,,
,, ,228805894, ,2021-12-21,N/A,N/A,N/A,2022-03-31,,RUB,N/A,"Company Takeover, Cross Border",Heidrick & Struggles International Inc announced the acquisition of Expert LLC/Russia & World Executive Partners. The transaction was announced on 12/21/2021 and is expected to be completed by 3/31/2022. Financial terms of the transaction are undisclosed.,Pending,M&A,No, ,Friendly,0,Undisclosed,0,100, ,,,, ,,, ,Chicago,United States,US,Industrials,Heidrick & Struggles International Inc,2210,EMPLOY AGENT,7361, ,,N.A., ,N.A.,, ,,Russia,,"Media, Media","Communications, Communications","Advertising & Marketing, Advertising & Marketing","Expert LLC/Russia,World Executive Partners",,, , , , , , , , ,,,,,,,,,
,, ,228844931, ,2021-12-23,68.2,68.2,5000.0 Mln,2022-06-23,,RUB,60.75,Asset Sale,"With no further information, deal has been withdrawn on 06/23/2022. Union of Huawei Investment & Holding Co Ltd proposed to acquire Kantemirovsky/St Petersburg for RUB 5,000.00M. The transaction was proposed on 12/23/2021.",Withdrawn,AST,No, ,Friendly,0,Cash,0,100,2021-12-23,,,, ,,, ,Shenzhen,China,CN,Consumer Discretionary,Union of Huawei Investment & Holding Co Ltd,, ,N.A., ,,N.A., ,N.A.,, ,,Russia,,Real Estate,Real Estate,REIT,Kantemirovsky/St Petersburg,,, , , , , , , , ,,,,,,,,,
,, ,228870255, ,2021-12-27,N/A,N/A,N/A,2022-03-31,,USD,N/A,"Cross Border, Company Takeover",HDI Haftpflichtverband der Deutschen Industrie VaG announced the sale of CiV Life LLC to SovCo Capital Partners BV. The transaction was announced on 12/27/2021 and is expected to be completed by 3/31/2022. Financial terms of the transaction are undisclosed.,Pending,M&A,No, ,Friendly,0,Undisclosed,0,100, ,,,, ,,, ,Hoofddorp,Russia,NL,Financials,SovCo Capital Partners BV,, ,N.A.,N.A.,N.A.,Germany,DE,Financials,HDI Haftpflichtverband der Deutschen Industrie VaG, ,Moscow,Russia,RU,Insurance,Financials,Insurance,CiV Life LLC,, , , , , , , , , ,,,,,,,,,
,, ,228873208, ,2021-12-23,N/A,N/A,N/A,2021-12-23,,EUR,N/A,"Cross Border, Company Takeover",CRH PLC sold Fels Izvest OOO to Bonolit Stroitelnye Resheniya OAO. The transaction was completed on 12/23/2021. Financial terms of the transaction are undisclosed.,Completed,M&A,No, ,Friendly,0,Undisclosed,0,100, ,,,Cms Legal, ,,, ,N.A,Russia,RU,Materials,Bonolit Stroitelnye Resheniya OAO,,CONCRETE BLOK,3271,3241,3274,Ireland,IE,Materials,CRH PLC,"CEMENT, HYDR",Tovarkovo,Russia,RU,Consumer Discretionary Products,Consumer Discretionary,Home Construction,Fels Izvest OOO,,LIME, , , , , , , , ,,,,,,,,,
Kpmg Intl,Cleary Gottlieb, ,228882197, ,2021-12-28,25.76,25.76,1900.0 Mln, ,,RUB,25.76,"Cross Border, Company Takeover, Private Equity, PE Seller, PE Exit",A consortium led by Russia Partners Management LLC announced the sale of Krasnobor ZAO to Cherkizovo Group PJSC for RUB 1900.00M. The transaction was announced on 12/28/2021 and is currently pending.,Pending,M&A,No, ,Friendly,0,Cash,0,100,2021-11-29,Negotiation,,, ,,, ,Moscow,Russia,RU,Consumer Staples,Cherkizovo Group PJSC,842, ,N.A.,,N.A.,United States,,Financials,"Russia Partners Management LLC,Unknown Seller",,Volyn,Russia,RU,Consumer Staple Products,Consumer Staples,Food,Krasnobor ZAO,, , , , , , , , , ,,,,,,,,,
,, ,228896333, ,2021-12-29,10.12,10.12,750.0 Mln,2021-12-29,,RUB,10.12,"Minority Purchase, Financing Round, Private Equity, Venture Capital",Elbrus Capital OOO acquired a minority stake in Breffi LLC. The transaction was completed on 12/29/2021.,Completed,INV,No, ,Friendly,0,Cash,0,0, ,,,, ,,, ,Moscow,Russia,RU,Financials,Elbrus Capital OOO,,MISC INVSTRS,6799, ,N.A.,N.A., ,N.A.,, ,Moscow,Russia,RU,Media,Communications,Advertising & Marketing,Breffi LLC,, , , , , , , , , ,,,,,,,,,
,, ,228914115, ,2021-12-30,N/A,N/A,N/A,2021-12-30,,USD,N/A,"Cross Border, Minority Purchase",Sovcombank PJSC acquired a minority stake in Vserossiysky Biznes Tsentr LLC & Tech Group LLC. The transaction was completed on 12/30/2021. Financial terms of the transaction are undisclosed.,Completed,INV,No, ,Friendly,0,Undisclosed,0,1, ,,,, ,,, ,Kostroma,Russia,RU,Financials,Sovcombank PJSC,35115,NATL COML BANK,6021, ,,N.A., ,N.A.,, ,,United States,,"Industrial Products, Financial Services","Industrials, Financials","Industrial Intermediate Prod, Specialty Finance","Tech Group LLC,Vserossiysky Biznes Tsentr LLC",,, , , , , , , , ,,,,,,,,,
,ADVANT NCTM/Pirola Penn Zei, ,228932967, ,2021-02-02,N/A,N/A,N/A,2021-02-02,,EUR,N/A,"Cross Border, Minority Purchase, Additional Stake Purchase",Streparava Holding SpA acquired a minority stake in Alunekst OOO. The transaction was completed on 2/2/2021. Financial terms of the transaction are undisclosed.,Completed,INV,No, ,Friendly,0,Undisclosed,0,0, ,,,, ,,, ,Adro,Italy,IT,Consumer Discretionary,Streparava Holding SpA,1039,HOLDING CO NEC,6719, ,3334,N.A., ,N.A.,, , ,Russia,RU,Materials,Materials,Metals & Mining,Alunekst OOO,,ALUMINUM PROD, , , , , , , , ,,,,,,,,,
,, ,229007026, ,2017-02-20,300,300,300.0 Mln,2017-02-20,,USD,300,"Minority Purchase, Private Equity",Russian Direct Investment Fund Management Co acquired a minority stake in Russian Helicopters JSC. The transaction was completed on 2/20/2017.,Completed,INV,No, ,Friendly,0,Cash,0,12, ,,,, ,,, ,Moscow,Russia,RU,Financials,Russian Direct Investment Fund Management Co,, ,N.A., ,N.A.,N.A., ,N.A.,, ,Moscow,Russia,RU,Industrial Products,Industrials,Aerospace & Defense,Russian Helicopters JSC,522, ,1.35,3.82,0.68,0.39,1.35,3.82,0.68,0.39,,,,,,,,,
,, ,229026822, ,2022-01-10,N/A,N/A,N/A,2022-07-11,,RUB,N/A,Asset Sale,Gazprom PJSC announced the acquisition of Polymer Production/ Ust-Luga. Financial terms of the transaction are undisclosed.,Withdrawn,AST,No, ,Friendly,0,Cash,0,50,2022-01-10,,,, ,,, ,St. Petersburg,Russia,RU,Energy,Gazprom PJSC,468, ,N.A., ,,N.A., ,N.A.,, ,,Russia,,Consumer Discretionary Products,Consumer Discretionary,Apparel & Textile Products,Polymer Production/ Ust-Luga,,, , , , , , , , ,,,,,,,,,
,, ,229041132, ,2022-01-11,N/A,N/A,N/A,2022-01-11,,USD,N/A,Majority Purchase,Rostec State Corp acquired Akado Holding AO. The transaction was completed on 1/11/2022. Financial terms of the transaction are undisclosed.,Completed,M&A,No, ,Friendly,0,Undisclosed,0,75, ,,,, ,,, ,Moscow,Russia,RU,Industrials,Rostec State Corp,200,MISC INVSTRS,6799, ,N.A.,N.A., ,N.A.,, ,Moscow,Russia,RU,Telecommunications,Communications,Telecommunications,Akado Holding AO,, , , , , , , , , ,,,,,,,,,
,, ,229051011, ,2022-01-12,N/A,N/A,N/A, ,,RUB,N/A,"Cross Border, Company Takeover",Caverion Oyj announced the sale of Elmek AO to Aim Cosmetics Rus Ltd. The transaction was announced on 1/12/2022 and is currently pending. Financial terms of the transaction are undisclosed.,Pending,M&A,No, ,Friendly,0,Undisclosed,0,100, ,,,, ,,, ,N.A,Russia,RU,Materials,Aim Cosmetics Rus Ltd,, ,N.A.,N.A.,1542,Finland,FI,Industrials,Caverion Oyj, ,Sankt-peterburg,Russia,RU,Industrial Services,Industrials,Engineering & Construction,Elmek AO,,NONRES BLDGS, , , , , , , , ,,,,,,,,,
,, ,229051123, ,2022-01-12,N/A,N/A,N/A,2022-03-31,,EUR,N/A,"Cross Border, Minority Purchase",Repsol SA announced the sale of a minority stake in Portfolio of 2 russian asset/Repsol SA to Gazprom Neft PJSC. The transaction was announced on 1/12/2022 and is expected to be completed by 3/31/2022. Financial terms of the transaction are undisclosed.,Pending,INV,No, ,Friendly,0,Cash,0,100,2022-01-12,,,, ,,, ,Moscow,Russia,RU,Energy,Gazprom Neft PJSC,,PETROL REFINNG,2911,2911,,Spain,ES,Energy,Repsol SA,PETROL REFINNG,,Russia,,Consumer Discretionary Products,Consumer Discretionary,Automotive,Portfolio of 2 russian asset/Repsol SA,,, , , , , , , , ,,,,,,,,,
,, ,229051319, ,2022-01-12,N/A,N/A,N/A, ,,RUB,N/A,Company Takeover,A consortium led by Novoroscement announced the acquisition of Atakaitsement OOO. The transaction was announced on 1/12/2022 and is currently pending. Financial terms of the transaction are undisclosed.,Pending,M&A,No, ,Friendly,0,Undisclosed,0,100, ,,,, ,,, ,,Russia,,"Materials, Financials","Novoroscement,Actual Investments AO",,,, ,3241,N.A., ,N.A.,, ,Novorossiysk,Russia,RU,Materials,Materials,Construction Materials,Atakaitsement OOO,,"CEMENT, HYDR", , , , , , , , ,,,,N/A,,,,,
,, ,229051849, ,2022-01-12,N/A,N/A,N/A,2022-03-31,,RUB,N/A,Company Takeover,QIWI plc announced the acquisition of Taxiaggregator. The transaction was announced on 1/12/2022 and is expected to be completed by 3/31/2022. Financial terms of the transaction are undisclosed.,Pending,M&A,No, ,Friendly,0,Undisclosed,0,100, ,,,, ,,, ,Nicosia,Russia,CY,Financials,QIWI plc,162,BUSINESS SVC,7389, ,N.A.,N.A., ,N.A.,, ,Moscow,Russia,RU,Software & Tech Services,Technology,Software,Taxiaggregator,, , , , , , , , , ,,,,,,,,,
UniCredit,, ,229052861, ,2022-01-12,N/A,N/A,N/A,2022-03-31,,EUR,N/A,"Cross Border, Asset Sale",Talanx AG announced the sale of Russian life insurance unit to SovCo Capital Partners BV. The transaction was announced on 1/12/2022 and is expected to be completed by 3/31/2022. Financial terms of the transaction are undisclosed.,Pending,AST,No, ,Friendly,0,Cash,0,100, ,,,Luther, ,,, ,Hoofddorp,Russia,NL,Financials,SovCo Capital Partners BV,, ,N.A.,N.A.,,Germany,DE,Financials,Talanx AG, ,,Russia,,Insurance,Financials,Insurance,Russian life insurance unit,,, , , , , , , , ,,,,,,,,,
,, ,229075182, ,2022-01-14,N/A,N/A,N/A,2022-07-14,,USD,N/A,Company Takeover,Magnit PJSC announced the acquisition of Ulybka Radugi OOO. Financial terms of the transaction are undisclosed.,Withdrawn,M&A,No, ,Friendly,0,Undisclosed,0,100,2022-01-14,Negotiation,,, ,,, ,Krasnodar,Russia,RU,Consumer Staples,Magnit PJSC,359, ,N.A., ,5999,N.A., ,N.A.,, , ,Russia,RU,Retail & Whsle - Discretionary,Consumer Discretionary,Retail - Discretionary,Ulybka Radugi OOO,,MISC RTAIL NEC, , , , , , , , ,,,,,,,,,
,, ,229076503, ,2022-01-14,N/A,N/A,N/A,2022-01-14,,RUB,N/A,Asset Sale,Warimpex Finanz- und Beteiligungs AG acquired Airportcity St petersburg. The transaction was completed on 1/14/2022. Financial terms of the transaction are undisclosed.,Completed,AST,No, ,Friendly,0,Cash,0,100, ,,,, ,,, ,Vienna,Austria,AT,Real Estate,Warimpex Finanz- und Beteiligungs AG,142,HOTEL/MOTEL,7011, ,,N.A., ,N.A.,, ,,Russia,,Tech Hardware & Semiconductors,Technology,Technology Hardware,Airportcity St petersburg,,, , , , , , , , ,,,,,,,,,
,, ,229094426, ,2022-01-18,N/A,N/A,N/A,2022-01-18,,RUB,N/A,Asset Sale,Ros Agro PLC acquired Capacity of 2 500 sows pig farm/Belgorod. The transaction was completed on 1/18/2022. Financial terms of the transaction are undisclosed.,Completed,AST,No, ,Friendly,0,Cash,0,100, ,,,, ,,, ,Tambov,Russia,RU,Consumer Staples,Ros Agro PLC,29781, ,N.A., ,,N.A., ,N.A.,, ,,Russia,,Consumer Staple Products,Consumer Staples,Food,Capacity of 2 500 sows pig farm/Belgorod,,, , , , , , , , ,,,,,,,,,
,, ,229154057, ,2022-01-24,N/A,N/A,N/A,2022-01-24,,RUB,N/A,Additional Stake Purchase,TCS Group Holding PLC acquired Beskontakt OOO. The transaction was completed on 1/24/2022. Financial terms of the transaction are undisclosed.,Completed,INV,No, ,Friendly,0,Undisclosed,85.400002,9.6, ,,,, ,,, ,Vladivostok,Russia,RU,Financials,TCS Group Holding PLC,64857, ,N.A., ,N.A.,N.A., ,N.A.,, ,St  Petersburg,Russia,RU,Software & Tech Services,Technology,Software,Beskontakt OOO,, , , , , , , , , ,,,,,,,,,
,, ,229154432, ,2021-12-16,6,6,6.0 Mln,2021-12-16,,USD,6,"Minority Purchase, Additional Stake Purchase, Venture Capital, Private Equity, Financing Round, Cross Border",A consortium led by Elbrus Capital OOO acquired a minority stake in Rubbles. The transaction was completed on 12/16/2021.,Completed,INV,No, ,Friendly,0,Cash,0,0, ,,,, ,,, ,,United States,,"Financials, Financials","Finsight Ventures,Elbrus Capital OOO (Fund: Elbrus Capital Fund III)",,,, ,N.A.,N.A., ,N.A.,, , ,Russia,RU,Software & Tech Services,Technology,IT Services,Rubbles,, , , , , , , , , ,,,,,,,,,
,, ,229165733, ,2022-01-25,190,190,190.0 Mln,2022-01-25,,USD,190,"Venture Capital, Cross Border, Private Equity, Minority Purchase, Additional Stake Purchase, Financing Round",A consortium led by Sberbank Investments OOO acquired a minority stake in IXcellerate LLC. The transaction was completed on 1/25/2022.,Completed,INV,No, ,Friendly,0,Cash,0,0, ,,,, ,,, ,,Russia,,"Financials, Financials, Financials","Sberbank Investments OOO,Russian Direct Investment Fund Management Co (Fund: RDIF Mubadala Co-investment Fund),Mubadala Investment Co PJSC",,,, ,N.A.,N.A., ,N.A.,, ,Moscow,Russia,RU,Telecommunications,Communications,Telecommunications,IXcellerate LLC,, , , , , , , , , ,,,,,,,,,
,, ,229170854, ,2022-01-25,N/A,N/A,N/A, ,,RUB,N/A,"Company Takeover, Cross Border",Noventiq Holdings plc announced the acquisition of MMTR Technology Ltd. The transaction was announced on 1/25/2022 and is currently pending. Financial terms of the transaction are undisclosed.,Pending,M&A,No, ,Friendly,0,Undisclosed,0,100, ,,,, ,,, ,London,Russia,GB,Technology,Noventiq Holdings plc,7947, ,N.A., ,N.A.,N.A., ,N.A.,, ,Kostroma,Russia,RU,Software & Tech Services,Technology,IT Services,MMTR Technology Ltd,, , , , , , , , , ,,,,,,,,,
,, ,229181396, ,2022-01-26,N/A,N/A,N/A,2022-07-26,,USD,N/A,Company Takeover,Sberbank of Russia PJSC announced the acquisition of Stokmann AO/Moscow. Financial terms of the transaction are undisclosed.,Withdrawn,M&A,No, ,Friendly,0,Undisclosed,0,100,2022-01-26,Negotiation,,, ,,, ,Moscow,Russia,RU,Financials,Sberbank of Russia PJSC,289721,NATL COML BANK,6021, ,5499,N.A., ,N.A.,, ,Moscow,Russia,RU,Retail & Wholesale - Staples,Consumer Staples,Retail - Consumer Staples,Stokmann AO/Moscow,,MISC FOOD STOR, , , , , , , , ,,,,N/A,,,,,
,, ,229181604, ,2021-11-01,N/A,N/A,N/A, ,,USD,N/A,"Company Takeover, Cross Border",Ural Mining and Metallurgical Co OJSC announced the acquisition of GV Gold Vysochaishy Pjsc. The transaction was announced on 11/1/2021 and is currently pending. Financial terms of the transaction are undisclosed.,Pending,M&A,No, ,Friendly,0,Undisclosed,0,100, ,,,, ,,, ,Verkhnyaya Pyshma,Cyprus,RU,Materials,Ural Mining and Metallurgical Co OJSC,, ,N.A., ,N.A.,N.A., ,N.A.,, ,Moscow,Russia,RU,Materials,Materials,Metals & Mining,GV Gold Vysochaishy Pjsc,, , , , , , , , , ,,,,2022-01-26,,,,,
,, ,229241960, ,2022-01-27,3.85,3.85,300.0 Mln,2022-01-27,,RUB,3.85,"Venture Capital, Private Equity, Minority Purchase, Financing Round",VEB-Innovatsii Fond acquired a minority stake in Profotech ZAO. The transaction was completed on 1/27/2022.,Completed,INV,No, ,Friendly,0,Cash,0,0, ,,,, ,,, ,Moscow,Russia,RU,"Government, Financials",VEB-Innovatsii Fond,, ,N.A., ,N.A.,N.A., ,N.A.,, ,Moscow,Russia,RU,Tech Hardware & Semiconductors,Technology,Technology Hardware,Profotech ZAO,, , , , , , , , , ,,,,,,,,,
,Cleary Gottlieb, ,229243043, ,2022-02-01,259.6,259.6,20000.0 Mln,2022-02-01,,RUB,259.6,Company Takeover,Lenta International Co PJSC acquired Utkonos Plyus OOO for RUB 20000.00M. The transaction was completed on 2/1/2022.,Completed,M&A,No, ,Friendly,0,Cash,0,100, ,,,, ,,, ,Saint Petersburg,Russia,RU,Consumer Staples,Lenta International Co PJSC,66700,NONWEAVE FAB,2297, ,5099,N.A., ,N.A.,, , ,Russia,RU,Consumer Discretionary Products,Consumer Discretionary,Home & Office Products,Utkonos Plyus OOO,,DURABLE GOODS, , , , , , , , ,,,,,,,,,
,, ,229245613, ,2021-07-22,6,6,6.0 Mln,2021-07-22,,USD,6,"Minority Purchase, Private Equity, Financing Round, Venture Capital",Baring Vostok Capital Partners Ltd/Russia acquired a minority stake in Level Travel LLC. The transaction was completed on 7/22/2021.,Completed,INV,No, ,Friendly,0,Cash,0,0, ,,,, ,,, ,Moscow,Russia,RU,Financials,Baring Vostok Capital Partners Ltd/Russia,, ,N.A., ,N.A.,N.A., ,N.A.,, , ,Russia,RU,Software & Tech Services,Technology,Software,Level Travel LLC,, , , , , , , , , ,,,,,,,,,
,, ,229270669, ,2021-07-14,N/A,N/A,N/A,2021-07-14,,USD,N/A,"Private Equity, Minority Purchase",Baring Vostok Capital Partners Ltd/Russia acquired a minority stake in 12 Istorii LLC. The transaction was completed on 7/14/2021. Financial terms of the transaction are undisclosed.,Completed,INV,No, ,Friendly,0,Cash,0,31, ,,,, ,,, ,Moscow,Russia,RU,Financials,Baring Vostok Capital Partners Ltd/Russia,, ,N.A., ,N.A.,N.A., ,N.A.,, ,Yekaterinburg,Russia,RU,Consumer Discretionary Products,Consumer Discretionary,Apparel & Textile Products,12 Istorii LLC,, , , , , , , , , ,,,,,,,,,
,, ,229278978, ,2022-02-03,3.75,3.75,3.75 Mln,2022-02-03,,USD,3.75,"Venture Capital, Private Equity, Cross Border, Minority Purchase, Seed",A consortium led by Lemniscap acquired a minority stake in Spin Digital Ltd. The transaction was completed on 02/03/2022.,Completed,INV,No, ,Friendly,0,Cash,0,0, ,,,, ,,, ,,United States,,"Financials, Financials, Financials, Financials, Financials, Consumer Discretionary","Spartan Group LLC/The,Lemniscap,LongHash Ventures Pte Ltd,ZMT Capital Co Ltd,AngelDAO Ltd,GSR Consulting Ltd",,,, ,N.A.,N.A., ,N.A.,, , ,Russia,RU,Financial Services,Financials,Specialty Finance,Spin Digital OOO,, , , , , , , , , ,,,,,,,,,
,, ,229279849, ,2022-01-17,0.09,0.09,7.0 Mln,2022-01-17,,RUB,0.09,"Venture Capital, Private Equity, Minority Purchase, Financing Round",VTB Capital Asset Management JSC acquired a minority stake in Ventra OOO. The transaction was completed on 1/17/2022.,Completed,INV,No, ,Friendly,0,Cash,0,0, ,,,, ,,Dla Piper Llp, ,Moscow,Russia,RU,Financials,VTB Capital Asset Management JSC,,MISC INVSTRS,6799, ,7361,N.A., ,N.A.,, ,Moscow,Russia,RU,Industrial Services,Industrials,Commercial Support Services,Ventra OOO,,EMPLOY AGENT, , , , , , , , ,,,,,,,,,
,, ,229303442, ,2022-02-07,N/A,N/A,N/A,2022-02-07,,USD,N/A,Minority Purchase,Etalon Group PLC acquired a minority stake in Strana Etalon LLC. The transaction was completed on 2/7/2022. Financial terms of the transaction are undisclosed.,Completed,INV,No, ,Friendly,0,Undisclosed,0,50, ,,,, ,,, ,Novosibirsk,Russia,RU,Real Estate,Etalon Group PLC,7123, ,N.A., ,N.A.,N.A., ,N.A.,, , ,Russia,RU,Financial Services,Financials,Asset Management,Strana Etalon LLC,, , , , , , , , , ,,,,,,,,,
,Debevoise & Plim/Morgan Lewis, ,229350604, ,2022-02-01,N/A,N/A,N/A,2022-02-01,,RUB,N/A,"Cross Border, Private Equity, Minority Purchase",A consortium led by Bahrain Mumtalakat Holding Co BSC acquired a minority stake in Vseinstrumenti RU LLC. The transaction was completed on 2/1/2022. Financial terms of the transaction are undisclosed.,Completed,INV,No, ,Friendly,0,Cash,0,0, ,,,, ,,, ,,Bahrain,,"Financials, Financials, Financials, Financials","Bahrain Mumtalakat Holding Co BSC,Russian Direct Investment Fund Management Co (Fund: Russia-China Investment Fund),Mubadala Investment Co PJSC,Elbrus Capital OOO (Fund: Elbrus Capital Fund III)",,,, ,5719,N.A., ,N.A.,, ,Moscow,Russia,RU,Retail & Whsle - Discretionary,Consumer Discretionary,E-Commerce Discretionary,Vseinstrumenti RU LLC,,HOMEFURN STORE, , , , , , , , ,,,,,,,,,
,, ,229411380, ,2021-12-31,N/A,N/A,N/A,2022-06-30,,GBP,N/A,"Additional Stake Purchase, Cross Border, Minority Purchase",Glencore PLC announced the sale of a minority stake in RussNeft PJSC to Private Investor. The transaction was announced on 12/31/2021 and is expected to be completed by 6/30/2022. Financial terms of the transaction are undisclosed.,Pending,INV,No, ,Friendly,0,Undisclosed,0,0, ,,,, ,,, ,,United States,,N.A.,Private Investor,,,,N.A.,1311,Australia,CH,Materials,Glencore PLC, ,Moscow,Russia,RU,Oil & Gas,Energy,Oil & Gas Supply Chain,RussNeft PJSC,5808,CRUDE PETR/NG, , , , , , , , ,,,,,,,,,
,, ,229467278, ,2022-02-21,N/A,N/A,N/A, ,,INR,N/A,"Asset Sale, Cross Border",Dr Reddy's Laboratories Ltd announced the sale of Portfolio of 2 anti-bacterial brands/Dr Reddy's Laboratories Ltd to Sistema PJSFC. The transaction was announced on 2/21/2022 and is currently pending. Financial terms of the transaction are undisclosed.,Pending,AST,No, ,Friendly,0,Cash,0,100, ,,,, ,,, ,Moscow,Russia,RU,Communications,Sistema PJSFC,,PHONE NO  RADI,4813,N.A.,,India,IN,Health Care,Dr Reddy's Laboratories Ltd, ,,Russia,,Retail & Wholesale - Staples,Consumer Staples,Retail - Consumer Staples,Portfolio of 2 anti-bacterial brands/Dr Reddy's Laboratories Ltd,,, , , , , , , , ,,,,,,,,,
,, ,229469195, ,2022-02-22,114.39,114.39,9100.0 Mln,2022-03-31,,RUB,114.39,"Additional Stake Purchase, Cross Border, Company Takeover",ND White Ltd announced the sale of Balttransservis OOO /St.Peterburg to Globaltrans Investment PLC for RUB 9100.00M. The transaction was announced on 2/22/2022 and is expected to be completed by 3/31/2022.,Pending,M&A,No, ,Friendly,0,Cash,60,40, ,,,, ,,, ,Abu Dhabi,Russia,AE,Industrials,Globaltrans Investment PLC,, ,N.A.,N.A.,4011,Cyprus,CY,Industrials,ND White Ltd, ,Sankt-peterburg,Russia,RU,Industrial Services,Industrials,Transportation & Logistics,Balttransservis OOO /St.Peterburg,,RAILROAD OPER, , , , , , , , ,,,,,,,,,
,, ,229471254, ,2020-10-15,N/A,N/A,N/A,2020-10-15,,USD,N/A,"Venture Capital, Private Equity, Cross Border, Minority Purchase, Financing Round",French Partners acquired a minority stake in IXcellerate LLC. The transaction was completed on 10/15/2020. Financial terms of the transaction are undisclosed.,Completed,INV,No, ,Friendly,0,Cash,0,0, ,,,, ,,, ,N.A,France,FR,Financials,French Partners,, ,N.A., ,N.A.,N.A., ,N.A.,, ,Moscow,Russia,RU,Telecommunications,Communications,Telecommunications,IXcellerate LLC,, , , , , , , , , ,,,,,,,,,
,, ,229520600, ,2022-02-01,1.56,1.56,120.0 Mln,2022-02-01,,RUB,1.56,"Venture Capital, Private Equity, Cross Border, Minority Purchase, Financing Round",A consortium led by Sistema PJSFC acquired a minority stake in MyGig Invest Ltd. The transaction was completed on 2/1/2022.,Completed,INV,No, ,Friendly,0,Cash,0,0, ,,,, ,,, ,,United States,,"Communications, Financials","Private Investor,Altus Capital Partners Inc (Fund: Altus Capital Partners III LP),Sistema PJSFC (Fund: Sistema Rusnano SICAR)",,,, ,N.A.,N.A., ,N.A.,, ,Presnetsovskaya,Russia,RU,Financial Services,Financials,Specialty Finance,MyGig Invest Ltd,, , , , , , , , , ,,,,,,,,,
,, ,229540765, ,2022-02-27,N/A,N/A,N/A, ,,RUB,N/A,"Minority Purchase, Cross Border",BP PLC announced the sale of a minority stake in Rosneft Oil Co PJSC to Unnamed Buyer. The transaction was announced on 2/27/2022 and is currently pending. Financial terms of the transaction are undisclosed.,Pending,INV,No, ,Friendly,0,Undisclosed,0,19.75, ,,,, ,,, ,,United States,,N.A.,Unnamed Buyer,,,,2911,N.A.,United Kingdom,GB,Energy,BP PLC,PETROL REFINNG,Moscow,Russia,RU,Oil & Gas,Energy,Oil & Gas Supply Chain,Rosneft Oil Co PJSC,302100, , , , , , , , , ,,,,,,,,,
,, ,229544678, ,2022-02-28,N/A,N/A,N/A,2022-08-29,,EUR,N/A,"Asset Sale, Private Equity, Infrastructure/Real Assets",Government Pension Fund Global announced the sale of Russian assets/Government Pension Fund Global to Potential Buyer. Financial terms of the transaction are undisclosed.,Withdrawn,AST,No, ,Friendly,0,Cash,0,100,2022-02-28,,,, ,,, ,,British Virgin Islands,,N.A.,Potential Buyer,,,,N.A.,,Norway,NO,Financials,Government Pension Fund Global, ,,Russia,,Real Estate,Real Estate,REIT,Russian assets/Government Pension Fund Global,,, , , , , , , , ,,,,,,,,,
,, ,229574384, ,2022-03-02,N/A,N/A,N/A,2022-09-02,,RUB,N/A,Asset Sale,Aggreko PLC announced the sale of Eurasian business to Potential Buyer. Financial terms of the transaction are undisclosed.,Withdrawn,AST,No, ,Friendly,0,Cash,0,100,2022-03-02,Preliminary Offer,,, ,,, ,,British Virgin Islands,,N.A.,Potential Buyer,,,,N.A.,,United Kingdom,GB,Industrials,Aggreko PLC, ,,Russia,,Industrial Services,Industrials,Commercial Support Services,Eurasian business,,, , , , , , , , ,,,,,,,,,
,, ,229592906, ,2022-03-02,N/A,N/A,N/A,2022-07-13,,RUB,N/A,"Cross Border, Minority Purchase",Farringford NV sold a minority stake in Vostok Oil OOO to Nord Axis Ltd. The transaction was announced on 3/2/2022 and completed on 7/13/2022. Financial terms of the transaction are undisclosed.,Completed,INV,No, ,Friendly,0,Undisclosed,0,10,2022-03-02,,,, ,,, , ,Hong Kong,HK,Financials,Nord Axis Ltd,, ,N.A.,N.A.,N.A.,Curacao,CW,Financials,Farringford NV, ,Samara,Russia,RU,Oil & Gas,Energy,Oil & Gas Supply Chain,Vostok Oil OOO,, , , , , , , , , ,,,,,,,,,
,, ,229608977, ,2022-03-03,N/A,N/A,N/A,2022-09-06,,EUR,N/A,Asset Sale,Intesa Sanpaolo SpA announced the sale of Russian Operations/Intesa Sanpaolo SpA to Potential Buyer. Financial terms of the transaction are undisclosed.,Withdrawn,AST,No, ,Friendly,0,Cash,0,100,2022-03-03,Strategic Alt Review,,, ,,, ,,British Virgin Islands,,N.A.,Potential Buyer,,,,6021,,Italy,IT,Financials,Intesa Sanpaolo SpA,NATL COML BANK,,Russia,,Financial Services,Financials,Asset Management,Russian Operations/Intesa Sanpaolo SpA,,, , , , , , , , ,,,,,,,,,
,, ,229611991, ,2022-03-03,N/A,N/A,N/A,2023-05-30,,USD,N/A,"Cross Border, Minority Purchase",TJX Cos Inc/The sold a minority stake in Maxima Group LLC/Russia to Unnamed Buyer. The transaction was announced on 3/3/2022 and completed on 5/30/2023. Financial terms of the transaction are undisclosed.,Completed,INV,No, ,Friendly,0,Undisclosed,0,25,2022-03-03,Negotiation,,, ,,, ,,United States,,N.A.,Unnamed Buyer,,,,5651,N.A.,United States,US,Consumer Discretionary,TJX Cos Inc/The,FAMILY STORE,MOSCOW,Russia,RU,Retail & Whsle - Discretionary,Consumer Discretionary,Wholesale - Discretionary,Maxima Group LLC/Russia,, , , , , , , , , ,,,,,,,,,
,, ,229640102, ,2022-03-07,N/A,N/A,N/A,2022-09-07,,RUB,N/A,Asset Sale,Carmignac Gestion SA announced the sale of Russian assets/Carmignac Gestion SA to Potential Buyer. Financial terms of the transaction are undisclosed.,Withdrawn,AST,No, ,Friendly,0,Cash,0,100,2022-03-07,,,, ,,, ,,British Virgin Islands,,N.A.,Potential Buyer,,,,6211,,France,FR,Financials,Carmignac Gestion SA,SEC BROKER/DLR,,Russia,,Consumer Discretionary Services,Consumer Discretionary,Consumer Services,Russian assets/Carmignac Gestion SA,,, , , , , , , , ,,,,,,,,,
,, ,229705374, ,2022-03-11,N/A,N/A,N/A,2022-09-12,,USD,N/A,"Minority Purchase, Cross Border",AP Moller - Maersk A/S announced the sale of a minority stake in Globaltrans Investment PLC to Potential Buyer. Financial terms of the transaction are undisclosed.,Withdrawn,INV,No, ,Friendly,0,Undisclosed,0,30.75,2022-03-11,Strategic Alt Review,,, ,,, ,,British Virgin Islands,,N.A.,Potential Buyer,,,,N.A.,N.A.,Denmark,DK,Industrials,AP Moller - Maersk A/S, ,Abu Dhabi,Russia,AE,Industrial Services,Industrials,Transportation & Logistics,Globaltrans Investment PLC,, , , , , , , , , ,,,,,,,,,
,, ,229760788, ,2022-03-16,319.92,319.92,31550.0 Mln,2022-03-16,,RUB,319.92,Additional Stake Purchase,Khimaktivinvest acquired Tolyatti Azot OAO for RUB 31550.00M. The transaction was completed on 3/16/2022.,Completed,INV,No, ,Friendly,0,Cash,9.75,38.737911, ,,,, ,,, ,Moscow,Russia,RU,Financials,Khimaktivinvest,, ,N.A., ,N.A.,N.A., ,N.A.,, ,Togliatti,Russia,RU,Materials,Materials,Chemicals,Tolyatti Azot OAO,4060, ,0.85, ,1.13,0.67,0.85, ,1.13,0.67,,,,,,,,,
,, ,229760803, ,2022-03-16,262.12,227.71,25850.0 Mln,2022-03-16,,RUB,227.71,"Majority Purchase, Additional Stake Purchase",Khimaktivinvest acquired Tolyatti Azot OAO for RUB 22456.17M. The transaction was completed on 3/16/2022.,Completed,M&A,No, ,Friendly,-3393.834961,Cash,48.487911,32.027119, ,,,, ,,, ,Moscow,Russia,RU,Financials,Khimaktivinvest,, ,N.A., ,N.A.,N.A., ,N.A.,, ,Togliatti,Russia,RU,Materials,Materials,Chemicals,Tolyatti Azot OAO,4060, ,0.84, ,1.12,0.66,0.81, ,1.07,0.64,,,,,,,,,
,, ,229824788, ,2022-03-22,N/A,N/A,N/A,2022-03-22,,GBP,N/A,"Cross Border, Asset Sale",MTI Wireless Edge Ltd sold Russian Business/ MTI Wireless Edge Ltd to Private Investor. The transaction was completed on 3/22/2022. Financial terms of the transaction are undisclosed.,Completed,AST,No, ,Friendly,0,Undisclosed,-999998,-999998, ,,,, ,,, ,,United States,,N.A.,Private Investor,,,,N.A.,,Israel,IL,Technology,MTI Wireless Edge Ltd, ,,Russia,,Financial Services,Financials,Specialty Finance,Russian Business/ MTI Wireless Edge Ltd,,, , , , , , , , ,,,,,,,,,
,, ,229855452, ,2022-03-25,9.38,9.38,N/A, ,,RUB,N/A,Majority Purchase,UralChem Holding PLC announced the acquisition of Transammiak OAO for RUB 947.95M. The transaction was announced on 3/25/2022 and is currently pending.,Pending,M&A,No, ,Friendly,0,Undisclosed,0,93.831703, ,,,, ,,, ,Moscow,Russia,RU,Materials,UralChem Holding PLC,, ,N.A., ,4619,N.A., ,N.A.,, ,Tolyatti,Russia,RU,Oil & Gas,Energy,Oil & Gas Supply Chain,Transammiak OAO,,PIPELINES NEC, , , , , , , , ,,,,,,,,,
,, ,229907431, ,2022-03-30,N/A,N/A,N/A,2022-09-30,,RUB,N/A,Asset Sale,Kinross Gold Corp announced the sale of Russia Assets/Kinross Gold Corp to Fortiana Holdings Ltd. Financial terms of the transaction are undisclosed.,Withdrawn,AST,No, ,Unsolicited to Friendly,0,Undisclosed,0,100,2022-03-30,Negotiation,,, ,,, , ,Cyprus,CY,Financials,Fortiana Holdings Ltd,, ,N.A.,N.A.,,Canada,CA,Materials,Kinross Gold Corp, ,,Russia,,Materials,Materials,Metals & Mining,Russia Assets/Kinross Gold Corp,,, , , , , , , , ,,,,,,,,,
,, ,229976587, ,2022-04-04,N/A,N/A,N/A,2022-10-04,,RUB,N/A,Asset Sale,Brodrene Hartmann A/S announced the sale of Russia Factory/Brodrene Hartmann to Potential Buyer. Financial terms of the transaction are undisclosed.,Withdrawn,AST,No, ,Friendly,0,Undisclosed,-999998,-999998,2022-04-04,,,, ,,, ,,British Virgin Islands,,N.A.,Potential Buyer,,,,N.A.,,Denmark,DK,Materials,Brodrene Hartmann A/S, ,,Russia,,Materials,Materials,Containers & Packaging,Russia Factory/Brodrene Hartmann,,, , , , , , , , ,,,,,,,,,
,, ,229992189, ,2022-04-05,340,340,340.0 Mln,2022-06-15,USD 580.00,USD,340,"Cross Border, Asset Sale",Kinross Gold Corp sold Kupol mine/Russia & Udinsk project/Russia to Highland Gold Mining Ltd for USD 340.00M. The transaction was announced on 4/5/2022 and completed on 6/15/2022.,Completed,AST,Yes, ,Friendly,0,Cash,0,100, ,,Scotiabank,Osler Hoskin Har, ,,, ,Moscow,Russia,RU,Materials,Highland Gold Mining Ltd,2798, ,N.A.,N.A.,,Canada,CA,Materials,Kinross Gold Corp, ,,Russia,,"Materials, Materials","Materials, Materials","Metals & Mining, Metals & Mining","Kupol mine/Russia,Udinsk project/Russia",,, , , , , , , , ,,,,,,,,,
,, ,230003778, ,2022-04-06,94.15,94.15,72.0 Mln,2022-10-06,,GBP,94.15,"Cross Border, Asset Sale",Hyve Group PLC announced the sale of Russian Business / Hyve Group plc to Rise Expo ltd for GBP 72.00M.,Withdrawn,AST,No, ,Friendly,0,Cash,0,0,2022-04-06,Negotiation,,, ,,, , ,United Arab Emirates,AE,Financials,Rise Expo ltd,, ,N.A.,N.A.,,United Kingdom,GB,Industrials,Hyve Group PLC, ,,Russia,,Industrial Services,Industrials,Commercial Support Services,Russian Business / Hyve Group plc,,, , , , , , , , ,,,,,,,,,
,, ,230049227, ,2022-04-11,N/A,N/A,N/A, ,,EUR,N/A,"Cross Border, Asset Sale, Majority Purchase, Company Takeover",Societe Generale SA announced the sale of Rosbank PJSC to Interros Holding Co. The transaction was announced on 4/11/2022 and is currently pending. Financial terms of the transaction are undisclosed.,Pending,AST,No, ,Friendly,0,Undisclosed,0,99.970001, ,,,A&O Shearman LLP, ,,, ,Moscow,Russia,RU,Financials,Interros Holding Co,, ,N.A.,N.A.,N.A.,France,FR,Financials,Societe Generale SA, ,Moscow,Russia,RU,Banking,Financials,Banking,Rosbank PJSC,, , , , , , , , , ,,,,,,,,,
,, ,230051906, ,2022-04-08,N/A,N/A,N/A,2022-04-08,,USD,N/A,Minority Purchase,Mobile TeleSystems PJSC acquired a minority stake in Bartello LLC. The transaction was completed on 4/8/2022. Financial terms of the transaction are undisclosed.,Completed,INV,No, ,Friendly,0,Undisclosed,0,30.200001, ,,,, ,,, ,Moscow,Russia,RU,Communications,Mobile TeleSystems PJSC,60388, ,N.A., ,N.A.,N.A., ,N.A.,, ,Moscow,Russia,RU,Software & Tech Services,Technology,Software,Bartello LLC,, , , , , , , , , ,,,,,,,,,
,, ,230061622, ,2022-04-12,N/A,N/A,N/A,2022-04-12,,RUB,N/A,Asset Sale,Compass Group PLC sold Food service business/Russia to Unnamed Buyer. The transaction was completed on 4/12/2022. Financial terms of the transaction are undisclosed.,Completed,AST,No, ,Friendly,0,Cash,0,100, ,,,, ,,, ,,United States,,N.A.,Unnamed Buyer,,,,N.A.,,United Kingdom,GB,Industrials,Compass Group PLC, ,,Russia,,Consumer Staple Products,Consumer Staples,Food,Food service business/Russia,,, , , , , , , , ,,,,,,,,,
,, ,230090080, ,2022-04-14,24.46,24.46,2000.0 Mln,2022-04-14,,RUB,24.46,Majority Purchase,Mobile TeleSystems PJSC acquired Gulfstream Security Systems JSC for RUB 2000.00M. The transaction was completed on 4/14/2022.,Completed,M&A,No, ,Friendly,0,Cash,0,58.380001, ,,,, ,,, ,Moscow,Russia,RU,Communications,Mobile TeleSystems PJSC,60388, ,N.A., ,N.A.,N.A., ,N.A.,, ,Moscow,Russia,RU,Industrial Products,Industrials,Electrical Equipment,Gulfstream Security Systems JSC,, , , , , , , , , ,,,,,,,,,
,, ,230090881, ,2022-04-14,163.32,163.32,151.0 Mln,2022-09-02,,EUR,150.55,Asset Sale,Huhtamaki Oyj sold 4 manufacturing units to Espetina Ltd for EUR 151.00M. The transaction was announced on 4/14/2022 and completed on 9/2/2022.,Completed,AST,No, ,Friendly,0,Cash,0,100,2022-04-14,On the Block,,, ,,, , ,Russia,RU,Financials,Espetina Ltd,, ,N.A.,N.A.,,Finland,FI,Materials,Huhtamaki Oyj, ,,Russia,,Consumer Discretionary Products,Consumer Discretionary,Home & Office Products,4 manufacturing units,,, , , , , , , , ,,,,,,,,,
,, ,230143463, ,2022-04-21,N/A,N/A,N/A,2022-10-21,,USD,N/A,"Cross Border, Asset Sale",Shell PLC announced the sale of SSC Sakhalin-2 to a consortium led by China National Petroleum Corp. Financial terms of the transaction are undisclosed.,Withdrawn,AST,No, ,Friendly,0,Undisclosed,0,27.5,2022-04-21,Negotiation,,, ,,, ,,China,,"Energy, Energy, Energy","China National Petroleum Corp,China Petroleum & Chemical Corp,CNOOC Ltd",,,,1311,,Netherlands,GB,Energy,Shell PLC,CRUDE PETR/NG,,Russia,,Oil & Gas,Energy,Oil & Gas Supply Chain,SSC Sakhalin-2,,, , , , , , , , ,,,,,,,,,
,, ,230171088, ,2022-04-23,N/A,N/A,N/A,2022-10-24,,GBP,N/A,Minority Purchase,Potential Buyer announced the acquisition of a minority stake in TCS Group Holding PLC. Financial terms of the transaction are undisclosed.,Withdrawn,INV,No, ,Friendly,0,Undisclosed,0,35,2022-04-23,Negotiation,,, ,,, ,,British Virgin Islands,,N.A.,Potential Buyer,,,, ,N.A.,N.A., ,N.A.,, ,Vladivostok,Russia,RU,Banking,Financials,Banking,TCS Group Holding PLC,64857, , , , , , , , , ,,,,,,,,,
,, ,230171398, ,2022-04-25,N/A,N/A,N/A, ,,GBP,N/A,Asset Sale,Exmo Exchange Ltd announced the sale of Digital asset business to Unnamed Buyer. The transaction was announced on 4/25/2022 and is currently pending. Financial terms of the transaction are undisclosed.,Pending,AST,No, ,Friendly,0,Undisclosed,-999998,-999998, ,,,, ,,, ,,United States,,N.A.,Unnamed Buyer,,,,N.A.,,United Kingdom,GB,Financials,Exmo Exchange Ltd, ,,Russia,,Financial Services,Financials,Specialty Finance,Digital asset business,,, , , , , , , , ,,,,,,,,,
,, ,230207372, ,2022-07-03,N/A,N/A,N/A, ,,EUR,N/A,"Asset Sale, Cross Border",Schneider Electric SE announced the sale of Russian operations/Schneider Electric SE to Management Group. The transaction was announced on 7/3/2022 and is currently pending. Financial terms of the transaction are undisclosed.,Pending,AST,No, ,Friendly,0,Cash,0,100,2022-04-27,On the Block,,, ,,, ,,France,,N.A.,Management Group,,,,N.A.,,United States,FR,Industrials,Schneider Electric SE, ,,Russia,,Industrial Products,Industrials,Electrical Equipment,Russian operations/Schneider Electric SE,,, , , , , , , , ,,,,,,,,,
,, ,230221865, ,2022-04-27,0,0,1e-06 Mln,2022-06-30,,RUB,0,"Cross Border, Majority Purchase",Renault SA sold Avtovaz PJSC to Unnamed Buyer for RUB 0.00M. The transaction was announced on 4/27/2022 and completed on 6/30/2022.,Completed,M&A,No, ,Friendly,0,Cash,0,68, ,,,Skadden Arps, ,,, ,,United States,,N.A.,Unnamed Buyer,,,,N.A.,3711,France,FR,Consumer Discretionary,Renault SA, ,Tolyatti,Russia,RU,Consumer Discretionary Products,Consumer Discretionary,Automotive,Avtovaz PJSC,38070,VEHIC/CAR BODY, , , , , , , , ,,,,,,,,,
,, ,230221972, ,2022-04-28,79.9,79.9,76.0 Mln,2022-05-31,,EUR,79.9,Asset Sale,Inchcape PLC announced the sale of Russian business operations/Inchcape to Management Group for EUR 76.00M. The transaction was announced on 4/28/2022 and is expected to be completed by 5/31/2022.,Pending,AST,No, ,Friendly,0,Cash,0,100, ,,,, ,,, ,,France,,N.A.,Management Group,,,,N.A.,,United Kingdom,GB,Consumer Discretionary,Inchcape PLC, ,,Russia,,Retail & Whsle - Discretionary,Consumer Discretionary,Retail - Discretionary,Russian business operations/Inchcape,,, , , , , , , , ,,,,,,,,,
,, ,230225453, ,2022-04-28,N/A,N/A,N/A,2022-04-28,,USD,N/A,Minority Purchase,Interros Holding Co acquired a minority stake in TCS Group Holding PLC. The transaction was completed on 4/28/2022. Financial terms of the transaction are undisclosed.,Completed,INV,No, ,Friendly,0,Undisclosed,0,35.080002, ,,,, ,,, ,Moscow,Russia,RU,Financials,Interros Holding Co,, ,N.A., ,N.A.,N.A., ,N.A.,, ,Vladivostok,Russia,RU,Banking,Financials,Banking,TCS Group Holding PLC,64857, , , , , , , , , ,,,,,,,,,
,, ,230237208, ,2022-04-29,N/A,N/A,N/A,2022-10-31,,EUR,N/A,"Cross Border, Minority Purchase",OMV AG announced the sale of a minority stake in Yuzhno Russkoye Gas to Potential Buyer. Financial terms of the transaction are undisclosed.,Withdrawn,INV,No, ,Friendly,0,Undisclosed,0,25,2022-04-29,,,, ,,, ,,British Virgin Islands,,N.A.,Potential Buyer,,,,N.A.,N.A.,Austria,AT,Energy,OMV AG, ,Stavropol,Russia,RU,Oil & Gas,Energy,Oil & Gas Supply Chain,Yuzhno Russkoye Gas,, , , , , , , , , ,,,,,,,,,
,, ,230239896, ,2022-04-30,N/A,N/A,N/A,2022-05-05,,RUB,N/A,"Cross Border, Company Takeover",Fazer Group sold Khelbny Dom OOO to Kolomensky Bakery and Confectionery Holding. The transaction was announced on 4/30/2022 and completed on 5/5/2022. Financial terms of the transaction are undisclosed.,Completed,M&A,No, ,Friendly,0,Undisclosed,0,100, ,,,, ,,, ,N.A,Russia,RU,Consumer Staples,Kolomensky Bakery and Confectionery Holding,, ,N.A.,N.A.,N.A.,Finland,FI,Consumer Discretionary,Fazer Group, , ,Russia,RU,Consumer Staple Products,Consumer Staples,Food,Khelbny Dom OOO,, , , , , , , , , ,,,,2022-04-29,,,,,
,, ,230241323, ,2022-04-29,N/A,N/A,N/A,2022-12-31,,RUB,N/A,Minority Purchase,Investor Group announced the acquisition of a minority stake in M.Video PJSC. The transaction was announced on 4/29/2022 and is expected to be completed by 12/31/2022. Financial terms of the transaction are undisclosed.,Pending,INV,No, ,Friendly,0,Undisclosed,0,0, ,,,, ,,, ,,United States,,N.A.,Investor Group,,,, ,N.A.,N.A., ,N.A.,, ,Moscow,Russia,RU,Retail & Whsle - Discretionary,Consumer Discretionary,Retail - Discretionary,M.Video PJSC,, , , , , , , , , ,,,,,,,,,
,, ,230242892, ,2017-01-01,N/A,N/A,N/A,2017-01-01,,USD,N/A,"Venture Capital, Private Equity, Minority Purchase, Cross Border, Financing Round",GVA Capital acquired a minority stake in RoboCV LLC. The transaction was completed on 1/1/2017. Financial terms of the transaction are undisclosed.,Completed,INV,No, ,Friendly,0,Cash,0,0, ,,,, ,,, ,San Francisco,United States,US,Financials,GVA Capital,, ,N.A., ,N.A.,N.A., ,N.A.,, ,Moscow,Russia,RU,Industrial Products,Industrials,Machinery,RoboCV LLC,, , , , , , , , , ,,,,,,,,,
,, ,230250675, ,2022-04-29,N/A,N/A,N/A,2022-10-31,,RUB,N/A,Company Takeover,A consortium led by Khanty-Mansiysk bank Otkritie PAO announced the acquisition of VTB Bank PJSC. Financial terms of the transaction are undisclosed.,Withdrawn,M&A,No, ,Friendly,-1020600,Undisclosed,0,100,2022-04-29,Preliminary Offer,,, ,,, ,,Russia,,"Financials, Financials","Khanty-Mansiysk bank Otkritie PAO,Rossiyskiy Natsionalny Kommercheskiy Bank OJSC",,,, ,N.A.,N.A., ,N.A.,, ,Moscow,Russia,RU,Banking,Financials,Banking,VTB Bank PJSC,, ,0.8, ,0.68,0.05, , , , ,,,,,,,,,
,, ,230260230, ,2022-05-02,N/A,N/A,N/A,2022-05-02,,EUR,N/A,"Cross Border, Company Takeover",Global Payments Inc sold KOKK AO to Interros Capital International Co LLC. The transaction was completed on 5/2/2022. Financial terms of the transaction are undisclosed.,Completed,M&A,No, ,Friendly,0,Undisclosed,0,100, ,,,King & Spalding, ,,, , ,Cyprus,RU,Financials,Interros Capital International Co LLC,, ,N.A.,7389,6726,United States,US,Financials,Global Payments Inc,BUSINESS SVC,N.A,Russia,RU,Financial Services,Financials,Specialty Finance,KOKK AO,,INVEST OFF NEC, , , , , , , , ,,,,2022-05-02,,,,,
,, ,230264463, ,2022-04-29,1.58,1.58,111.4593 Mln,2022-05-13,,RUB,1.51,"Company Takeover, Cross Border",Raisio Oyj sold Nordik Niyutrishyen OOO to Kopeker Agro OOO for RUB 111.46M. The transaction was announced on 4/29/2022 and completed on 5/13/2022.,Completed,M&A,No, ,Friendly,0,Cash,0,100, ,,,, ,,, ,Kamenka,Russia,RU,Materials,Kopeker Agro OOO,, ,N.A.,N.A.,2077,Finland,FI,Consumer Staples,Raisio Oyj, ,Moscow,Russia,RU,Consumer Staple Products,Consumer Staples,Food,Nordik Niyutrishyen OOO,,ANIM/FISH FATS, , , , , , , , ,,,,,,,,,
,, ,230337936, ,2022-05-08,N/A,N/A,N/A,2022-11-08,,USD,N/A,Asset Sale,Shell PLC announced the sale of petrol stations & lubrican plants/Russia to Potential Buyer. Financial terms of the transaction are undisclosed.,Withdrawn,AST,No, ,Friendly,0,Undisclosed,-999998,-999998,2022-05-08,,,, ,,, ,,British Virgin Islands,,N.A.,Potential Buyer,,,,1311,,Netherlands,GB,Energy,Shell PLC,CRUDE PETR/NG,,Russia,,Materials,Materials,Chemicals,petrol stations & lubrican plants/Russia,,, , , , , , , , ,,,,,,,,,
,Latham & Watkins, ,230339312, ,2022-05-09,105,105,105.0 Mln, ,,USD,105,"Asset Sale, Cross Border",Crism Therapeutics Corp announced the sale of Kun-Manie Nickel/Copper Deposit to Stanmix Holding Ltd for USD 105.00M. The transaction was announced on 5/9/2022 and is currently pending.,Pending,AST,No, ,Friendly,0,Cash,0,100, ,,,, ,,, , ,Russia,GB,Financials,Stanmix Holding Ltd,, ,N.A.,N.A.,N.A.,British Virgin Islands,VG,Materials,Crism Therapeutics Corp, ,N.A,Russia,RU,Materials,Materials,Metals & Mining,Kun-Manie Nickel/Copper Deposit,, , , , , , , , , ,,,,,,,,,
,, ,230370893, ,2023-11-17,81.68,81.68,75.0 Mln,2024-01-31,,EUR,81.38,"Minority Purchase, Cross Border",Alstom SA sold a minority stake in Transmashholding ZAO to Unnamed Buyer. The transaction was announced on 11/17/2023 and completed on 1/31/2024.,Completed,INV,No, ,Friendly,0,Cash,0,20,2022-05-11,,,, ,,, ,,United States,,N.A.,Unnamed Buyer,,,,3621,N.A.,France,FR,Industrials,Alstom SA,MOTOR/GENERATR,Moscow,Russia,RU,Industrial Products,Industrials,Transportation Equipment,Transmashholding ZAO,, , , , , , , , , ,,,,,,,,,
,, ,230388393, ,2022-05-12,N/A,N/A,N/A,2022-11-14,,RUB,N/A,Asset Sale,Fortum Oyj announced the sale of Russia Assets/Fortum Oyj to Potential Buyer. Financial terms of the transaction are undisclosed.,Withdrawn,AST,No, ,Friendly,0,Cash,0,100,2022-05-12,Strategic Alt Review,,, ,,, ,,British Virgin Islands,,N.A.,Potential Buyer,,,,N.A.,,Finland,FI,Utilities,Fortum Oyj, ,,Russia,,Utilities,Utilities,Electric Utilities,Russia Assets/Fortum Oyj,,, , , , , , , , ,,,,,,,,,
,, ,230388442, ,2022-05-12,N/A,N/A,N/A, ,,RUB,N/A,"Asset Sale, Cross Border",EPAM Systems Inc announced the sale of Russian Assets/EPAM System Inc to Unnamed Buyer. The transaction was announced on 5/12/2022 and is currently pending. Financial terms of the transaction are undisclosed.,Pending,AST,No, ,Friendly,0,Cash,0,100,2022-05-12,Strategic Alt Review,,, ,,, ,,United States,,N.A.,Unnamed Buyer,,,,7371,,United States,US,Technology,EPAM Systems Inc,PRGRMNG SVC,,Russia,,Consumer Discretionary Products,Consumer Discretionary,Automotive,Russian Assets/EPAM System Inc,,, , , , , , , , ,,,,,,,,,
,, ,230426815, ,2022-05-16,N/A,N/A,N/A,2022-11-16,,RUB,N/A,"Asset Sale, Cross Border",Authentic Brands Group Inc announced the sale of 100 stores/Russia to FLO Magazacilik Ve Pazarlama AS. Financial terms of the transaction are undisclosed.,Withdrawn,AST,No, ,Friendly,0,Cash,0,100,2022-05-16,Negotiation,,, ,,, ,Istanbul,Turkey,TR,Consumer Discretionary,FLO Magazacilik Ve Pazarlama AS,, ,N.A.,2300,,United States,US,Consumer Discretionary,Authentic Brands Group Inc,APPAREL/PRODS,,Russia,,Real Estate,Real Estate,REIT,100 stores/Russia,,, , , , , , , , ,,,,,,,,,
,, ,230441682, ,2022-04-28,1.39,1.39,100.0 Mln,2022-04-28,,RUB,1.39,"Minority Purchase, Additional Stake Purchase",HeadHunter Group PLC acquired a minority stake in Dream Job LLC. The transaction was completed on 4/28/2022.,Completed,INV,No, ,Friendly,0,Cash,25,21.66, ,,,, ,,, ,Moscow,Russia,RU,Communications,HeadHunter Group PLC,, ,N.A., ,N.A.,N.A., ,N.A.,, , ,Russia,RU,Media,Communications,Internet Media & Services,Dream Job LLC,, , , , , , , , , ,,,,,,,,,
,, ,230441757, ,2022-05-17,N/A,N/A,N/A,2022-09-07,,RWF,N/A,"Asset Sale, Company Takeover, Cross Border",PPF Group NV sold Home Credit & Finance Bank OOO & Banking Assets/Russia to Investor Group. The transaction was announced on 5/17/2022 and completed on 9/7/2022. Financial terms of the transaction are undisclosed.,Completed,AST,No, ,Friendly,-471985.1563,Undisclosed,0,100, ,,,, ,,, ,,United States,,N.A.,Investor Group,,,,N.A.,,Netherlands,NL,Financials,PPF Group NV, ,,Russia,,"Banking, Banking","Financials, Financials","Banking, Banking","Home Credit & Finance Bank OOO,Banking Assets/Russia",,, , , , , , , , ,,,,,,,,,
,, ,230462120, ,2022-05-19,1520.59,1520.59,94800.0 Mln,2022-11-21,,RUB,1520.59,"Cross Border, Asset Sale",Shell PLC announced the sale of Sakhalin-II oil & gas project to DSV A/S for RUB 94800.00M.,Withdrawn,AST,No, ,Friendly,0,Cash,0,27.5,2022-05-19,On the Block,,, ,,, ,Hedehusene,Denmark,DK,Industrials,DSV A/S,147222, ,N.A.,1311,,Netherlands,GB,Energy,Shell PLC,CRUDE PETR/NG,,Russia,,Oil & Gas,Energy,Oil & Gas Supply Chain,Sakhalin-II oil & gas project,,, , , , , , , , ,,,,,,,,,
,, ,230462186, ,2022-05-19,N/A,N/A,N/A,2022-11-21,,RUB,N/A,"Asset Sale, Cross Border",Exxon Mobil Corp announced the sale of Sakhalin-I oil & gas project to Potential Buyer. Financial terms of the transaction are undisclosed.,Withdrawn,AST,No, ,Friendly,0,Cash,0,30,2022-05-19,On the Block,,, ,,Dla Piper Llp, ,,United States,,N.A.,Potential Buyer,,,,2911,,United States,US,Energy,Exxon Mobil Corp,PETROL REFINNG,,Russia,,Oil & Gas,Energy,Oil & Gas Supply Chain,Sakhalin-I oil & gas project,,, , , , , , , , ,,,,,,,,,
,, ,230470687, ,2022-05-19,230,230,230.0 Mln,2022-11-15,,USD,230,Asset Sale,Arconic Corp sold Operations facility/Russia to VSMPO-AVISMA Corp PJSC for USD 230.00M. The transaction was announced on 5/19/2022 and completed on 11/15/2022.,Completed,AST,No, ,Friendly,0,Cash,0,0,2022-05-19,On the Block,,, ,,, ,Sverdlovsk Region,Russia,RU,Industrials,VSMPO-AVISMA Corp PJSC,, ,N.A.,3350,,United States,US,Materials,Arconic Corp,"ROLLING, DRAW",,Russia,,Materials,Materials,Metals & Mining,Operations facility/Russia,,, , , , , , , , ,,,,,,,,,
,, ,230494784, ,2022-05-23,N/A,N/A,N/A,2022-11-23,,USD,N/A,"Asset Sale, Cross Border",Levi Strauss & Co announced the sale of Russian Retail shops/ Levi Strauss to Potential Buyer. Financial terms of the transaction are undisclosed.,Withdrawn,AST,No, ,Friendly,0,Undisclosed,-999998,-999998,2022-05-23,Preliminary Offer,,, ,,, ,,British Virgin Islands,,N.A.,Potential Buyer,,,,2325,,United States,US,Consumer Discretionary,Levi Strauss & Co,MEN/BOY SLACKS,,Russia,,Real Estate,Real Estate,REIT,Russian Retail shops/ Levi Strauss,,, , , , , , , , ,,,,,,,,,
,, ,230511378, ,2022-05-24,N/A,N/A,N/A, ,,USD,N/A,Asset Sale,Zurich Insurance Group AG announced the sale of Zurich Russia to Private Investor. The transaction was announced on 5/24/2022 and is currently pending. Financial terms of the transaction are undisclosed.,Pending,AST,No, ,Friendly,0,Undisclosed,-999998,-999998, ,,,, ,,, ,,United States,,N.A.,Private Investor,,,,N.A.,,Switzerland,CH,Financials,Zurich Insurance Group AG, ,,Russia,,Insurance,Financials,Insurance,Zurich Russia,,, , , , , , , , ,,,,,,,,,
,, ,230535232, ,2022-05-26,N/A,N/A,N/A,2022-06-08,,RUB,N/A,Company Takeover,Sistema PJSFC acquired Arkhyz-Perm OOO. The transaction was announced on 5/26/2022 and completed on 6/8/2022. Financial terms of the transaction are undisclosed.,Completed,M&A,No, ,Friendly,0,Undisclosed,0,100, ,,,, ,,, ,Moscow,Russia,RU,Communications,Sistema PJSFC,,PHONE NO  RADI,4813, ,5181,N.A., ,N.A.,, ,Perm,Russia,RU,Retail & Wholesale - Staples,Consumer Staples,Wholesale - Consumer Staples,Arkhyz-Perm OOO,,BEER/ALE, , , , , , , , ,,,,,,,,,
,, ,230568125, ,2022-05-30,N/A,N/A,N/A,2022-05-30,,EUR,N/A,"Asset Sale, Cross Border",DELFINGEN sold Delfingen Russian Plant to Unnamed Buyer. The transaction was completed on 5/30/2022. Financial terms of the transaction are undisclosed.,Completed,AST,No, ,Friendly,0,Undisclosed,0,100, ,,,, ,,, ,,United States,,N.A.,Unnamed Buyer,,,,N.A.,,France,FR,Consumer Discretionary,DELFINGEN, ,,Russia,,Consumer Discretionary Products,Consumer Discretionary,Automotive,Delfingen Russian Plant,,, , , , , , , , ,,,,,,,,,
,, ,230611586, ,2022-06-02,N/A,N/A,N/A, ,,CHF,N/A,"Asset Sale, Management Buyout",OC Oerlikon Corp AG announced the sale of Russia assets/OC Oerlikon to Management Group. The transaction was announced on 6/2/2022 and is currently pending. Financial terms of the transaction are undisclosed.,Pending,AST,No, ,Friendly,0,Undisclosed,0,100, ,,,, ,,, ,,France,,N.A.,Management Group,,,,N.A.,,Switzerland,CH,Materials,OC Oerlikon Corp AG, ,,Russia,,Materials,Materials,Chemicals,Russia assets/OC Oerlikon,,, , , , , , , , ,,,,,,,,,
,, ,230626170, ,2022-06-03,N/A,N/A,N/A, ,,RUB,N/A,Minority Purchase,Private Investor announced the acquisition of a minority stake in Assistagro LLC. The transaction was announced on 6/3/2022 and is currently pending. Financial terms of the transaction are undisclosed.,Pending,INV,No, ,Friendly,0,Undisclosed,0,0, ,,,, ,,, ,,United States,,N.A.,Private Investor,,,, ,N.A.,N.A., ,N.A.,, ,Moscow,Russia,RU,Software & Tech Services,Technology,IT Services,Assistagro LLC,, , , , , , , , , ,,,,,,,,,
,, ,230754509, ,2022-06-16,N/A,N/A,N/A, ,,RUB,N/A,"Asset Sale, Cross Border",SOK Retail Int Oy announced the sale of PRISMA supermarkets & kitchen facility/St Petersburg to X5 Retail Group NV. The transaction was announced on 6/16/2022 and is currently pending. Financial terms of the transaction are undisclosed.,Pending,AST,No, ,Friendly,0,Cash,0,100, ,,,, ,,, ,Amsterdam,Russia,NL,Consumer Staples,X5 Retail Group NV,498525, ,N.A.,N.A.,,Finland,FI,Consumer Staples,SOK Retail Int Oy, ,,Russia,,Consumer Staple Products,Consumer Staples,Food,PRISMA supermarkets & kitchen facility/St Petersburg,,, , , , , , , , ,,,,,,,,,
,, ,230758345, ,2022-06-16,144.67,609.28,137.0 Mln,2022-10-12,,EUR,558.73,"Cross Border, Majority Purchase",Enel SpA sold EL5-ENERO PJSC to a consortium led by LUKOIL PJSC for EUR 576.97M. The transaction was announced on 6/16/2022 and completed on 10/12/2022.,Completed,M&A,No, ,Friendly,439.965607,Cash,0,56.43, ,,,Dentons, ,,, ,,Russia,,"Energy, Financials","LUKOIL PJSC,Gazprombank JSC",,,,4911,N.A.,Italy,IT,Utilities,Enel SpA,ELECTRIC SVC,Moscow,Russia,RU,Utilities,Utilities,Electric Utilities,EL5-ENERO PJSC,, ,0.34,2.36,0.3,0.16,0.96,6.63,0.86,0.45,,,,,,,,,
,, ,230768464, ,2022-06-17,N/A,N/A,N/A,2022-11-24,,USD,N/A,"Company Takeover, Cross Border",CEZ AS acquired Skoda JS as. The transaction was announced on 6/17/2022 and completed on 11/24/2022. Financial terms of the transaction are undisclosed.,Completed,M&A,No, ,Friendly,0,Undisclosed,0,100, ,,,, ,,, ,Prague 4,Czech Republic,CZ,Utilities,CEZ AS,33700,ELECTRIC SVC,4911, ,N.A.,N.A., ,N.A.,, ,Plzen,Russia,CZ,Industrial Services,Industrials,Engineering & Construction,Skoda JS as,, , , , , , , , , ,,,,,,,,,
,, ,230769021, ,2022-06-17,140,140,140.0 Mln, ,,USD,140,"Cross Border, Asset Sale",Fortiana Holdings Ltd announced the sale of Chulbatkan gold deposit/Khabarovsk to Polyus PJSC for USD 140.00M. The transaction was announced on 6/17/2022 and is currently pending.,Pending,AST,No, ,Friendly,0,Cash,0,100, ,,,, ,,, ,Moscow,Russia,RU,Materials,Polyus PJSC,7,GOLD ORE,1041,N.A.,,Cyprus,CY,Financials,Fortiana Holdings Ltd, ,,Russia,,Materials,Materials,Metals & Mining,Chulbatkan gold deposit/Khabarovsk,,, , , , , , , , ,,,,,,,,,
,, ,230805182, ,2022-06-22,N/A,N/A,N/A, ,,EUR,N/A,Asset Sale,Suomen Osuuskauppojen Keskuskunta announced the sale of Hotel business/St Petersburg to Private Investor. The transaction was announced on 6/22/2022 and is currently pending. Financial terms of the transaction are undisclosed.,Pending,AST,No, ,Friendly,0,Cash,0,100, ,,,, ,,, ,,United States,,N.A.,Private Investor,,,,N.A.,,Finland,FI,Consumer Discretionary,Suomen Osuuskauppojen Keskuskunta, ,,Russia,,Real Estate,Real Estate,REIT,Hotel business/St Petersburg,,, , , , , , , , ,,,,,,,,,
,, ,230863138, ,2022-06-28,231.51,231.51,N/A,2022-08-31,,EUR,221.19,"Cross Border, Company Takeover",Whirlpool Corp sold Ay Eych Pi Applayenses OOO & Whirlpool RUS LLC to Arcelik AS for EUR 220.00M. The transaction was announced on 6/28/2022 and completed on 8/31/2022.,Completed,M&A,No, ,Friendly,0,Undisclosed,0,100, ,,,, ,,, ,Istanbul,Turkey,TR,Consumer Discretionary,Arcelik AS,45805, ,N.A.,3630,,United States,US,Consumer Discretionary,Whirlpool Corp,HSHLD APPLIANC,,Russia,,"Retail & Whsle - Discretionary, Financial Services","Consumer Discretionary, Financials","Retail - Discretionary, Asset Management","Ay Eych Pi Applayenses OOO,Whirlpool RUS LLC",,, , , , , , , , ,,,,,,,,,
,, ,230863672, ,2022-06-28,N/A,N/A,N/A,2023-10-24,,RUB,N/A,"Cross Border, Asset Sale",Kone Oyj sold Bussiness in Russia / Kone to S8 Capital AO. The transaction was announced on 6/28/2022 and completed on 10/24/2023. Financial terms of the transaction are undisclosed.,Completed,AST,No, ,Friendly,0,Cash,0,100, ,,,, ,,, ,Moscow,Russia,RU,Technology,S8 Capital AO,, ,N.A.,N.A.,,Finland,FI,Industrials,Kone Oyj, ,,Russia,,Industrial Products,Industrials,Electrical Equipment,Bussiness in Russia / Kone,,, , , , , , , , ,,,,,,,,,
,, ,230863890, ,2022-06-28,N/A,N/A,N/A,2022-12-28,,RUB,N/A,Asset Sale,Cie Generale des Etablissements Michelin SCA announced the sale of Russian operation to Management Group. Financial terms of the transaction are undisclosed.,Withdrawn,AST,No, ,Friendly,0,Cash,0,100,2022-06-28,Preliminary Offer,,, ,,, ,,France,,N.A.,Management Group,,,,N.A.,,France,FR,Consumer Discretionary,Cie Generale des Etablissements Michelin SCA, ,,Russia,,Consumer Discretionary Products,Consumer Discretionary,Automotive,Russian operation,,, , , , , , , , ,,,,,,,,,
,, ,230867664, ,2022-06-28,N/A,N/A,N/A,2022-12-28,,USD,N/A,Asset Sale,Attestor Capital LLP announced the sale of GTLK European Unit to Potential Buyer. Financial terms of the transaction are undisclosed.,Withdrawn,AST,No, ,Friendly,0,Undisclosed,-999998,-999998,2022-06-28,On the Block,,, ,,, ,,British Virgin Islands,,N.A.,Potential Buyer,,,,N.A.,,United Kingdom,GB,Financials,Attestor Capital LLP, ,,Russia,,Financial Services,Financials,Specialty Finance,GTLK European Unit,,, , , , , , , , ,,,,,,,,,
,, ,230918315, ,2022-07-01,N/A,N/A,N/A,2023-01-03,,USD,N/A,"Company Takeover, Cross Border",Citigroup Inc announced the sale of Expobank LLC & RESO-Garantia Insurance PJSC to Potential Buyer. Financial terms of the transaction are undisclosed.,Withdrawn,M&A,No, ,Friendly,-454.843506,Undisclosed,0,100, ,On the Block,,, ,,, ,,British Virgin Islands,,N.A.,Potential Buyer,,,,6021,,United States,US,Financials,Citigroup Inc,NATL COML BANK,,Russia,,"Banking, Insurance","Financials, Financials","Banking, Insurance","Expobank LLC,RESO-Garantia Insurance PJSC",,, , , , , , , , ,,,,,,,,,
,, ,230952660, ,2022-10-24,N/A,N/A,N/A,2023-04-18,,USD,N/A,Asset Sale,Yum! Brands Inc sold Portfolio of KFC Restaurants to Management Group. The transaction was announced on 10/24/2022 and completed on 4/18/2023. Financial terms of the transaction are undisclosed.,Completed,AST,No, ,Friendly,0,Cash,0,100,2022-07-05,Negotiation,,, ,,, ,,France,,N.A.,Management Group,,,,5812,,United States,US,Consumer Discretionary,Yum! Brands Inc,EATING PLACE,,Russia,,Consumer Discretionary Services,Consumer Discretionary,Leisure Facilities & Services,Portfolio of KFC Restaurants,,, , , , , , , , ,,,,,,,,,
,, ,230964243, ,2022-07-21,N/A,N/A,N/A,2024-06-30,,USD,N/A,"Cross Border, Asset Sale",HSBC Holdings PLC announced the sale of Russian unit/HSBC Holdings Plc to Expobank LLC. The transaction was announced on 7/21/2022 and is expected to be completed by 6/30/2024. Financial terms of the transaction are undisclosed.,Pending,AST,No, ,Friendly,0,Cash,0,100,2022-07-06,Negotiation,,, ,,, ,Moscow,Russia,RU,Financials,Expobank LLC,1578, ,N.A.,6035,,United Kingdom,GB,Financials,HSBC Holdings PLC,FED SAV INSTIT,,Russia,,Financial Services,Financials,Specialty Finance,Russian unit/HSBC Holdings Plc,,, , , , , , , , ,,,,,,N/A,,,
,, ,230969013, ,2022-07-06,N/A,N/A,N/A,2022-07-06,,EUR,N/A,Asset Sale,TotalEnergies SE sold Kharyaga oil field to Unnamed Buyer. The transaction was completed on 7/6/2022. Financial terms of the transaction are undisclosed.,Completed,AST,No, ,Friendly,0,Cash,0,20, ,,,, ,,, ,,United States,,N.A.,Unnamed Buyer,,,,1311,,France,FR,Energy,TotalEnergies SE,CRUDE PETR/NG,,Russia,,Oil & Gas,Energy,Oil & Gas Supply Chain,Kharyaga oil field,,, , , , , , , , ,,,,,,,,,
,, ,230975402, ,2022-07-05,N/A,N/A,N/A,2023-01-05,,RUB,N/A,"Company Takeover, Merger of Equals",MMC Norilsk Nickel PJSC announced the acquisition of United Co RUSAL International. Financial terms of the transaction are undisclosed.,Withdrawn,M&A,No, ,Friendly,0,Undisclosed,0,100,2022-07-05,,,, ,,, ,Moscow,Russia,RU,Materials,MMC Norilsk Nickel PJSC,, ,N.A., ,N.A.,N.A., ,N.A.,, ,Moscow,Russia,RU,Materials,Materials,Metals & Mining,United Co RUSAL International,50895, , , , , , , , , ,,,,,,,,,
,, ,231006351, ,2022-07-11,N/A,N/A,N/A, ,,EUR,N/A,Asset Sale,LVMH Moet Hennessy Louis Vuitton SE announced the sale of Sephora Russia to Unnamed Buyer. The transaction was announced on 7/11/2022 and is currently pending. Financial terms of the transaction are undisclosed.,Pending,AST,No, ,Friendly,0,Undisclosed,0,100, ,,,, ,,, ,,United States,,N.A.,Unnamed Buyer,,,,N.A.,,France,FR,Consumer Discretionary,LVMH Moet Hennessy Louis Vuitton SE, ,,Russia,,Retail & Whsle - Discretionary,Consumer Discretionary,Retail - Discretionary,Sephora Russia,,, , , , , , , , ,,,,,,,,,
,, ,231028140, ,2022-07-13,N/A,N/A,N/A,2022-07-13,,USD,N/A,Company Takeover,Mobile TeleSystems PJSC acquired Bronevik Co LLC. The transaction was completed on 7/13/2022. Financial terms of the transaction are undisclosed.,Completed,M&A,No, ,Friendly,0,Undisclosed,0,100, ,,,, ,,, ,Moscow,Russia,RU,Communications,Mobile TeleSystems PJSC,60388, ,N.A., ,N.A.,N.A., ,N.A.,, ,Yekaterinburg,Russia,RU,Media,Communications,Internet Media & Services,Bronevik Co LLC,, , , , , , , , , ,,,,,,,,,
,, ,231055122, ,2022-07-15,N/A,N/A,N/A,2022-09-30,,USD,N/A,Asset Sale,Danfoss A/S announced the sale of Russian business/Danfoss to Management Group. The transaction was announced on 7/15/2022 and is expected to be completed by 9/30/2022. Financial terms of the transaction are undisclosed.,Pending,AST,No, ,Friendly,0,Undisclosed,0,100, ,,,, ,,, ,,France,,N.A.,Management Group,,,,N.A.,,Denmark,DK,Industrials,Danfoss A/S, ,,Russia,,Industrial Products,Industrials,Electrical Equipment,Russian business/Danfoss,,, , , , , , , , ,,,,,,,,,
,, ,231091718, ,2022-07-20,N/A,N/A,N/A,2022-07-20,,RUB,N/A,Majority Purchase,Mobile TeleSystems PJSC acquired Webinar OOO. The transaction was completed on 7/20/2022. Financial terms of the transaction are undisclosed.,Completed,M&A,No, ,Friendly,0,Cash,0,0, ,,,, ,,Dla Piper Llp, ,Moscow,Russia,RU,Communications,Mobile TeleSystems PJSC,60388, ,N.A., ,N.A.,N.A., ,N.A.,, ,Moscow,Russia,RU,Software & Tech Services,Technology,Software,Webinar OOO,, , , , , , , , , ,,,,,,,,,
,Dla Piper Llp, ,231104223,2022-07-19,2022-07-08,12.16,12.16,2.5/sh.,2022-09-02,,USD,12.16,"Minority Purchase, Tender Offer",Private Investor acquired a minority stake in QIWI plc. The transaction was announced on 7/8/2022 and completed on 9/2/2022.,Completed,INV,No, ,Friendly,0,Cash,0,9.3, ,,,, ,,, ,,United States,,N.A.,Private Investor,,,, ,7389,N.A., ,N.A.,, ,Nicosia,Russia,CY,Financial Services,Financials,Specialty Finance,QIWI plc,162,BUSINESS SVC,0.19,0.6,0.2,0.1,0.19,0.6,0.2,0.1,,,,,,,,,
,, ,231162202, ,2022-07-27,N/A,N/A,N/A, ,,RUB,N/A,Asset Sale,Otis Worldwide Corp announced the sale of Russia business/Otis Worldwide Corp to S8 Capital AO. The transaction was announced on 7/27/2022 and is currently pending. Financial terms of the transaction are undisclosed.,Pending,AST,No, ,Friendly,0,Cash,0,100, ,,,, ,,, ,Moscow,Russia,RU,Technology,S8 Capital AO,, ,N.A.,3600,,United States,US,Industrials,Otis Worldwide Corp,ELECT EQUIP,,Russia,,Consumer Discretionary Services,Consumer Discretionary,Consumer Services,Russia business/Otis Worldwide Corp,,, , , , , , , , ,,,,,,,,,
,, ,231173107, ,2022-07-28,N/A,N/A,N/A,2023-01-30,,EUR,N/A,"Cross Border, Asset Sale",Volkswagen AG announced the sale of Car assembly site/Russia to Asia Auto. Financial terms of the transaction are undisclosed.,Withdrawn,AST,No, ,Friendly,0,Cash,0,100,2022-07-28,Negotiation,,, ,,, , ,Kazakhstan,KZ,Consumer Discretionary,Asia Auto,, ,N.A.,N.A.,,Germany,DE,Consumer Discretionary,Volkswagen AG, ,,Russia,,Consumer Discretionary Products,Consumer Discretionary,Automotive,Car assembly site/Russia,,, , , , , , , , ,,,,,,,,,
,, ,231189592, ,2023-03-31,N/A,N/A,N/A,2024-03-19,,USD,N/A,"Cross Border, Asset Sale",Kraft Heinz Co/The sold Baby food business/Russia to GK Chernogolovka AO. The transaction was announced on 3/31/2023 and completed on 3/19/2024. Financial terms of the transaction are undisclosed.,Completed,AST,No, ,Friendly,0,Cash,0,100,2022-07-29,Negotiation,,, ,,, ,Troitsk,Russia,RU,Consumer Staples,GK Chernogolovka AO,, ,N.A.,2030,,United States,US,Consumer Staples,Kraft Heinz Co/The,FRUITS/VEG,,Russia,,Consumer Staple Products,Consumer Staples,Food,Baby food business/Russia,,, , , , , , , , ,,,,,,,,,
,, ,231195866, ,2022-07-29,N/A,N/A,N/A,2022-07-29,,RUB,N/A,Asset Sale,Koch Industries Inc sold Portfolio of 2 glass plants unit/Russia to Private Investor. The transaction was completed on 7/29/2022. Financial terms of the transaction are undisclosed.,Completed,AST,No, ,Friendly,0,Cash,0,100, ,,,, ,,, ,,United States,,N.A.,Private Investor,,,,1389,,United States,US,Industrials,Koch Industries Inc,OIL/NG SVS NEC,,Russia,,Consumer Discretionary Products,Consumer Discretionary,Home Construction,Portfolio of 2 glass plants unit/Russia,,, , , , , , , , ,,,,,,,,,
,, ,231222378, ,2022-08-01,N/A,N/A,N/A,2022-12-31,,USD,N/A,Asset Sale,Baker Hughes Co announced the sale of Oilfield Services Unit/Russia to Management Group. The transaction was announced on 8/1/2022 and is expected to be completed by 12/31/2022. Financial terms of the transaction are undisclosed.,Pending,AST,No, ,Friendly,0,Undisclosed,0,100, ,,,, ,,, ,,France,,N.A.,Management Group,,,,1389,,United States,US,Energy,Baker Hughes Co,OIL/NG SVS NEC,,Russia,,Oil & Gas,Energy,Oil & Gas Supply Chain,Oilfield Services Unit/Russia,,, , , , , , , , ,,,,,,,,,
,, ,231236662, ,2022-08-02,N/A,N/A,N/A,2022-11-03,,EUR,N/A,Majority Purchase,X5 Retail Group NV acquired Krasny Yar-Shina ZAO & Slata OOO. The transaction was announced on 8/2/2022 and completed on 11/3/2022. Financial terms of the transaction are undisclosed.,Completed,M&A,No, ,Friendly,0,Undisclosed,0,70, ,,,, ,,, ,Amsterdam,Russia,NL,Consumer Staples,X5 Retail Group NV,498525, ,N.A., ,,N.A., ,N.A.,, ,,Russia,,"Consumer Discretionary Products, Retail & Wholesale - Staples","Consumer Discretionary, Consumer Staples","Automotive, Wholesale - Consumer Staples","Krasny Yar-Shina ZAO,Slata OOO",,, , , , , , , , ,,,,2022-10-13,,,,,
,, ,231280102, ,2022-08-05,35,35,35.0 Mln,2023-03-06,,USD,35,"Cross Border, Company Takeover",Crism Therapeutics Corp sold Kun-Manie project/Russia to Bering Metals LLC for USD 35.00M. The transaction was announced on 8/5/2022 and completed on 3/6/2023.,Completed,M&A,No, ,Friendly,0,Cash,0,100, ,,,, ,,, ,Moscow,Russia,RU,Industrials,Bering Metals LLC,, ,N.A.,N.A.,N.A.,British Virgin Islands,VG,Materials,Crism Therapeutics Corp, , ,Russia,RU,Materials,Materials,Metals & Mining,Kun-Manie project/Russia,, , , , , , , , , ,,,,,,,,,
,, ,231290412, ,2022-08-07,N/A,N/A,N/A, ,,RUB,N/A,Asset Sale,TCS Group Holding PLC announced the acquisition of Diginetica. The transaction was announced on 8/7/2022 and is currently pending. Financial terms of the transaction are undisclosed.,Pending,AST,No, ,Friendly,0,Cash,0,33, ,,,, ,,, ,Vladivostok,Russia,RU,Financials,TCS Group Holding PLC,64857, ,N.A., ,,N.A., ,N.A.,, ,,Russia,,Financial Services,Financials,Specialty Finance,Diginetica,,, , , , , , , , ,,,,,,,,,
,, ,231304715, ,2022-08-09,N/A,N/A,N/A,2023-02-09,,RUB,N/A,Asset Sale,Kahrs Holding AB announced the sale of Business operation/Russia to Potential Buyer. Financial terms of the transaction are undisclosed.,Withdrawn,AST,No, ,Friendly,0,Cash,0,100,2022-08-09,Preliminary Offer,,, ,,, ,,British Virgin Islands,,N.A.,Potential Buyer,,,,7389,,Sweden,SE,Consumer Discretionary,Kahrs Holding AB,BUSINESS SVC,,Russia,,Consumer Discretionary Products,Consumer Discretionary,Home Construction,Business operation/Russia,,, , , , , , , , ,,,,,,,,,
,, ,231332881, ,2022-08-11,14.68,14.68,892.0 Mln,2022-08-11,,RUB,14.68,Asset Sale,Stroyservis ZAO acquired 82 mln coal property for RUB 892.00M. The transaction was completed on 8/11/2022.,Completed,AST,No, ,Friendly,0,Cash,0,100, ,,,, ,,, ,Kemerovo,Russia,RU,Materials,Stroyservis ZAO,, ,N.A., ,,N.A., ,N.A.,, ,,Russia,,Industrial Products,Industrials,Machinery,82 mln coal property,,, , , , , , , , ,,,,,,,,,
,, ,231349945, ,2022-08-12,1545.65,1545.65,95000.0 Mln,2023-06-05,,RUB,1545.65,"Cross Border, Company Takeover",Mondi PLC announced the sale of Mondi Syktyvkar OAO to Augment Investments Ltd for RUB 95000.00M. The transaction was announced on 8/12/2022 and terminated on 6/5/2023.,Terminated,M&A,No, ,Friendly,0,Cash,0,100, ,,Rothschild & Co,Freshfields, ,,, ,Limassol,Cyprus,CY,Financials,Augment Investments Ltd,, ,N.A.,N.A.,N.A.,Austria,GB,Materials,Mondi PLC, ,Syktyvkar,Russia,RU,Materials,Materials,"Forestry, Paper & Wood Products",Mondi Syktyvkar OAO,4596, , , , , , , , , ,,,,,,,,,
,, ,231445788, ,2023-04-20,N/A,N/A,N/A,2023-04-20,,RUB,N/A,Asset Sale,Ansell Ltd sold Russian business/Ansell Ltd to Perspectiva ZAO. The transaction was completed on 4/20/2023. Financial terms of the transaction are undisclosed.,Completed,AST,No, ,Friendly,0,Cash,0,100,2022-08-24,On the Block,,, ,,, ,Losino-Petrovskiy,Russia,RU,Financials,Perspectiva ZAO,, ,N.A.,3069,,Australia,AU,Health Care,Ansell Ltd,RUBBER PROD,,Russia,,Health Care,Health Care,Medical Equipment & Devices,Russian business/Ansell Ltd,,, , , , , , , , ,,,,,,,,,
,, ,231470209, ,2022-08-26,N/A,N/A,N/A,2023-02-27,,USD,N/A,"Cross Border, Asset Sale",Mercedes-Benz Group AG announced the sale of Car assembly plany/Moscow to Potential Buyer. Financial terms of the transaction are undisclosed.,Withdrawn,AST,No, ,Friendly,0,Cash,0,80,2022-08-26,Negotiation,,, ,,, ,,British Virgin Islands,,N.A.,Potential Buyer,,,,N.A.,,Germany,DE,Consumer Discretionary,Mercedes-Benz Group AG, ,,Russia,,Consumer Discretionary Products,Consumer Discretionary,Automotive,Car assembly plany/Moscow,,, , , , , , , , ,,,,,,,,,
,, ,231473228, ,2022-07-18,N/A,N/A,N/A,2022-08-26,,USD,N/A,"Cross Border, Majority Purchase, Additional Stake Purchase, Company Takeover",TotalEnergies SE sold Terneftegas ZAO to Novatek PJSC. The transaction was announced on 7/18/2022 and completed on 8/26/2022. Financial terms of the transaction are undisclosed.,Completed,M&A,No, ,Friendly,0,Undisclosed,51,49, ,,,, ,,, ,Moscow,Russia,RU,Energy,Novatek PJSC,18404, ,N.A.,1311,N.A.,France,FR,Energy,TotalEnergies SE,CRUDE PETR/NG,Ufa,Russia,RU,Oil & Gas,Energy,Oil & Gas Supply Chain,Terneftegas ZAO,, , , , , , , , , ,,,,,,,,,
,, ,231488652, ,2022-08-29,400.6,400.6,N/A,2023-03-30,,EUR,436.2,Asset Sale,Nokian Renkaat Oyj sold Russian plant/Nokian Renkaat Oyj to Tatneft PJSC for EUR 400.00M. The transaction was announced on 8/29/2022 and completed on 3/30/2023.,Completed,AST,No, ,Unsolicited,0,Cash,0,100,2022-08-29,Strategic Alt Review,,Baker McKenzie, ,,, ,Tatarstan,Russia,RU,Energy,Tatneft PJSC,, ,N.A.,N.A.,,Finland,FI,Consumer Discretionary,Nokian Renkaat Oyj, ,,Russia,,Renewable Energy,Energy,Renewable Energy,Russian plant/Nokian Renkaat Oyj,,, , , , , , , , ,,,,N/A,,,,,
,, ,231607693, ,2022-09-08,N/A,N/A,N/A,2022-09-08,,USD,N/A,"Management Buyout, Cross Border, Company Takeover",Halliburton Co sold NPP Burservis AO to Management Group. The transaction was completed on 9/8/2022. Financial terms of the transaction are undisclosed.,Completed,M&A,No, ,Friendly,0,Undisclosed,0,100, ,,,, ,,, ,,France,,N.A.,Management Group,,,,1389,1381,United States,US,Energy,Halliburton Co,OIL/NG SVS NEC,Moscow,Russia,RU,Oil & Gas,Energy,Oil & Gas Services & Equip,NPP Burservis AO,,DRILL OIL/GA, , , , , , , , ,,,,,,,,,
,, ,231615182, ,2021-02-03,150,150,150.0 Mln,2021-02-03,,USD,150,"Venture Capital, Additional Stake Purchase, Minority Purchase, Private Equity, Series C / 3",A consortium led by Insight Venture Partners LP acquired a minority stake in inDriver International Inc. The transaction was completed on 02/03/2021.,Completed,INV,No, ,Friendly,0,Cash,0,0, ,,,, ,,, ,,United States,,"Financials, Financials, Financials","Bond Capital Associates LLC (Fund: Bond Capital Fund LP),General Catalyst Partners LLC (Fund: General Catalyst Group X),Insight Venture Partners LP (Fund: Insight Venture Partners XII LP)",,,, ,N.A.,N.A., ,N.A.,, ,Mountain View,Russia,US,Media,Communications,Internet Media & Services,inDriver International Inc,, , , , , , , , , ,,,,,,,,,
,, ,231626812, ,2020-01-15,72,72,72.0 Mln,2020-02-01,,USD,72,"Venture Capital, Series B / 2, Minority Purchase, Cross Border, Private Equity",A consortium led by LETA Capital acquired a minority stake in inDriver International Inc. The transaction was announced on 01/15/2020 and completed on 02/01/2020.,Completed,INV,No, ,Friendly,0,Cash,0,0, ,,,, ,,, ,,Russia,,Financials,"LETA Capital (Fund: LETA Capital),Bond Capital Associates LLC (Fund: Bond Capital Fund LP)",,,, ,N.A.,N.A., ,N.A.,, ,Mountain View,Russia,US,Media,Communications,Internet Media & Services,inDriver International Inc,, , , , , , , , , ,,,,,,,,,
,, ,231644080, ,2022-09-13,N/A,N/A,N/A,2023-03-31,,EUR,N/A,Asset Sale,Traton SE announced the sale of Russian Auto Dealership Business/MAN Truck & Bus SE to Unnamed Buyer. The transaction was announced on 9/13/2022 and is expected to be completed by 3/31/2023. Financial terms of the transaction are undisclosed.,Pending,AST,No, ,Friendly,0,Cash,0,100, ,,,, ,,, ,,United States,,N.A.,Unnamed Buyer,,,,8299,,Germany,DE,Industrials,Traton SE,SCHOOLS NEC,,Russia,,Retail & Whsle - Discretionary,Consumer Discretionary,Retail - Discretionary,Russian Auto Dealership Business/MAN Truck & Bus SE,,, , , , , , , , ,,,,,,,,,
,, ,231651215, ,2022-09-14,N/A,N/A,N/A,2022-09-14,,JPY,N/A,"Company Takeover, Additional Stake Purchase, Cross Border",Mirainovate Co Ltd sold RFP Drevesnyye Granuly OOO to Dallesprom OOO. The transaction was completed on 9/14/2022. Financial terms of the transaction are undisclosed.,Completed,M&A,No, ,Friendly,0,Cash,51,49, ,,,, ,,, ,Dalnegorsk,Russia,RU,Materials,Dallesprom OOO,, ,N.A.,N.A.,N.A.,Japan,JP,Real Estate,Mirainovate Co Ltd, ,Amursk,Russia,RU,Materials,Materials,"Forestry, Paper & Wood Products",RFP Drevesnyye Granuly OOO,, , , , , , , , , ,,,,,,,,2022-09-14,
,, ,231654036, ,2022-08-29,N/A,N/A,N/A,2022-09-13,,EUR,N/A,"Additional Stake Purchase, Cross Border, Majority Purchase",AP Moller - Maersk A/S sold Global Ports Investments PLC to Delo Group. The transaction was announced on 8/29/2022 and completed on 9/13/2022. Financial terms of the transaction are undisclosed.,Completed,M&A,No, ,Friendly,0,Undisclosed,30.75,30.75, ,,,, ,,, ,Moscow,Russia,RU,Industrials,Delo Group,, ,N.A.,N.A.,N.A.,Denmark,DK,Industrials,AP Moller - Maersk A/S, ,Limassol,Russia,CY,Industrial Services,Industrials,Transportation & Logistics,Global Ports Investments PLC,2, , , , , , , , , ,,,,,,,,,
,, ,231705425, ,2022-09-19,N/A,N/A,N/A,2023-02-07,,USD,N/A,Asset Sale,Bunge Global SA sold Russia Oilseed Processing Plant and Business/Bunge Ltd to Private Investor. The transaction was announced on 9/19/2022 and completed on 2/7/2023. Financial terms of the transaction are undisclosed.,Completed,AST,No, ,Friendly,0,Cash,0,100, ,,,, ,,, ,,United States,,N.A.,Private Investor,,,,5159,,United States,US,Consumer Staples,Bunge Global SA,FARM PROD NEC,,Russia,,Consumer Staple Products,Consumer Staples,Food,Russia Oilseed Processing Plant and Business/Bunge Ltd,,, , , , , , , , ,,,,,,,,,
,, ,231715461, ,2022-09-20,N/A,N/A,N/A,2023-03-20,,USD,N/A,"Asset Sale, Cross Border",A consortium led by Morgan Stanley announced the sale of Metropolis shopping center to Capital Partners LLC. Financial terms of the transaction are undisclosed.,Withdrawn,AST,No, ,Friendly,0,Undisclosed,0,100,2022-09-20,Negotiation,,, ,,, , ,Kazakhstan,KZ,Consumer Discretionary,Capital Partners LLC,, ,N.A.,,,United States,,"Financials, Financials, Real Estate","California Public Employees' Retirement System,Hines Interests LP,Morgan Stanley (Fund: Morgan Stanley Real Estate Fund VII Global LP)",,,Russia,,Real Estate,Real Estate,Real Estate Services,Metropolis shopping center,,, , , , , , , , ,,,,,,,,,
,, ,231737452, ,2022-09-22,530,530,530.0 Mln,2022-09-22,,USD,530,"Asset Sale, Cross Border",Ball Corp sold Beverage packaging unit/Russia to DKK Zao for USD 530.00M. The transaction was completed on 9/22/2022.,Completed,AST,No, ,Friendly,0,Cash,0,100, ,,Citi,Skadden Arps, ,,, ,N.A,Russia,RU,Financials,DKK Zao,,SEC/CMMDTY NEC,6289,3411,,United States,US,Materials,Ball Corp,METAL CANS,,Russia,,Industrial Products,Industrials,Machinery,Beverage packaging unit/Russia,,, , , , , , , , ,,,,,,,,,
,, ,231782680, ,2022-03-31,N/A,N/A,N/A,2022-07-11,,EUR,N/A,"Cross Border, Company Takeover",Teknos Group Oy sold Talatu OOO to Unnamed Buyer. The transaction was announced on 3/31/2022 and completed on 7/11/2022. Financial terms of the transaction are undisclosed.,Completed,M&A,No, ,Friendly,0,Undisclosed,0,100, ,,KPMG Corp Fin,, ,,, ,,United States,,N.A.,Unnamed Buyer,,,,N.A.,5198,Finland,FI,Materials,Teknos Group Oy, ,Petergof,Russia,RU,Materials,Materials,Chemicals,Talatu OOO,,PAINTS/VARNISH, , , , , , , , ,,,,,,,,,
,, ,231787773, ,2022-09-27,N/A,N/A,N/A,2023-05-31,,USD,N/A,Asset Sale,Emerson Electric Co sold PG Metran AO & APP OOO/Moscow to Management Group. The transaction was announced on 9/27/2022 and completed on 5/31/2023. Financial terms of the transaction are undisclosed.,Completed,AST,No, ,Friendly,0,Cash,0,100, ,,,, ,,, ,,France,,N.A.,Management Group,,,,3600,,United States,US,Industrials,Emerson Electric Co,ELECT EQUIP,,Russia,,"Industrial Services, Industrial Services","Industrials, Industrials","Commercial Support Services, Industrial Support Services","APP OOO/Moscow,PG Metran AO",,, , , , , , , , ,,,,,,,,,
,, ,231787779, ,2022-09-26,N/A,N/A,N/A,2023-03-27,,USD,N/A,"Company Takeover, Additional Stake Purchase, Cross Border, Majority Purchase",Mazda Motor Corp announced the sale of MAZDA SOLLERS Manufacturing Rus to Sollers PJSC. Financial terms of the transaction are undisclosed.,Withdrawn,M&A,No, ,Friendly,0,Cash,50,50,2022-09-26,,,, ,,, ,Moscow,Russia,RU,Consumer Discretionary,Sollers PJSC,35, ,N.A.,N.A.,,Japan,JP,Consumer Discretionary,Mazda Motor Corp, ,,Russia,,Consumer Discretionary Products,Consumer Discretionary,Automotive,MAZDA SOLLERS Manufacturing Rus,,, , , , , , , , ,,,,,,,,,
,, ,231851630, ,2022-10-03,N/A,N/A,N/A, ,,RUB,N/A,Company Takeover,Global Ports Investments PLC announced the acquisition of Spika LLC. The transaction was announced on 10/3/2022 and is currently pending. Financial terms of the transaction are undisclosed.,Pending,M&A,No, ,Friendly,0,Undisclosed,0,100, ,,,, ,,, ,Limassol,Russia,CY,Industrials,Global Ports Investments PLC,2, ,N.A., ,N.A.,N.A., ,N.A.,, , ,Russia,RU,Financial Services,Financials,Asset Management,Spika LLC,, , , , , , , , , ,,,,,,,,,
,, ,231885699, ,2022-10-05,N/A,N/A,N/A,2022-10-05,,KRW,N/A,"Cross Border, Asset Sale",GB Foods Europa SL/The sold Russia business/GB Foods Europa to Samyoung System Co Ltd. The transaction was completed on 10/5/2022. Financial terms of the transaction are undisclosed.,Completed,AST,No, ,Friendly,0,Cash,0,100, ,,,, ,,, , ,South Korea,KR,Industrials,Samyoung System Co Ltd,764,PLASTIC PROD,3089,N.A.,,Spain,ES,Consumer Staples,GB Foods Europa SL/The, ,,Russia,,Consumer Staple Products,Consumer Staples,Food,Russia business/GB Foods Europa,,, , , , , , , , ,,,,,,,,,
,, ,231922575, ,2022-10-11,0,0,1e-06 Mln,2022-11-24,,EUR,0,"Company Takeover, Cross Border",Nissan Motor Co Ltd sold Avtozavod Sankt-Peterburg OOO to Nami Fgup for EUR 0.00M. The transaction was announced on 10/11/2022 and completed on 11/24/2022.,Completed,M&A,No, ,Friendly,0,Cash,0,100, ,,,, ,,, ,Moscow,Russia,RU,Industrials,Nami Fgup,,CONSULTING SVC,8742,5012,3711,Japan,JP,Consumer Discretionary,Nissan Motor Co Ltd,VEHL WHOLESALE,St Petersburg,Russia,RU,Consumer Discretionary Products,Consumer Discretionary,Automotive,Avtozavod Sankt-Peterburg OOO,,VEHIC/CAR BODY, , , , , , , , ,,,,,,,,,
,, ,231959654, ,2024-03-23,N/A,N/A,N/A,2024-05-17,,EUR,N/A,"Asset Sale, Cross Border",Danone SA sold Russian operations/Danone to Vamin Tatarstan OAO. The transaction was announced on 3/23/2024 and completed on 5/17/2024. Financial terms of the transaction are undisclosed.,Completed,AST,No, ,Friendly,0,Cash,0,100,2022-10-14,,Rothschild & Co,Bredin Prat, ,,, ,Kazan,Russia,RU,Consumer Staples,Vamin Tatarstan OAO,,FLUID MILK,2026,N.A.,,France,FR,Consumer Staples,Danone SA, ,,Russia,,Consumer Staple Products,Consumer Staples,Food,Russian operations/Danone,,, , , , , , , , ,,,,,,,,,
,, ,231969494, ,2022-10-17,9.35,9.35,N/A,2023-04-19,,EUR,10.42,"Cross Border, Company Takeover",Aspo Oyj sold Telko OOO to TD Khimik AO for EUR 9.50M. The transaction was announced on 10/17/2022 and completed on 4/19/2023.,Completed,M&A,No, ,Friendly,0,Undisclosed,0,100, ,,,, ,,, ,Sankt-peterburg,Russia,RU,Financials,TD Khimik AO,, ,N.A.,N.A.,5169,Finland,FI,Materials,Aspo Oyj, ,Moscow,Russia,RU,Materials,Materials,Chemicals,Telko OOO,,CHEM/ALLY PROD, , , , , , , , ,,,,,,,,,
,, ,231982439, ,2022-10-18,N/A,N/A,N/A,2023-04-18,,EUR,N/A,Asset Sale,Hyundai Motor Co announced the sale of Manufacturing plant/Russia to Potential Buyer. Financial terms of the transaction are undisclosed.,Withdrawn,AST,No, ,Friendly,0,Cash,0,100,2022-10-18,Negotiation,,, ,,, ,,British Virgin Islands,,N.A.,Potential Buyer,,,,N.A.,,South Korea,KR,Consumer Discretionary,Hyundai Motor Co, ,,Russia,,Consumer Discretionary Products,Consumer Discretionary,Automotive,Manufacturing plant/Russia,,, , , , , , , , ,,,,,,,,,
,, ,231984936, ,2022-10-18,8,8,8.0 Mln,2022-10-18,,USD,8,"Venture Capital, Seed, Private Equity, Cross Border, Minority Purchase",A consortium led by Massachusetts Institute of Technology acquired a minority stake in Axoft JSC. The transaction was completed on 10/18/2022.,Completed,INV,No, ,Friendly,0,Cash,0,0, ,,,, ,,, ,,United States,,"Consumer Discretionary, Industrials, Financials, Financials, Financials, Financials, Financials, Financials, Financials, Financials, Financials","Freeman & Mintz PA,Massachusetts Institute of Technology (Fund: Engine/The),Shenzhen Decent Investment Co Ltd,AB Initio Capital Management LLC (Fund: Ab Initio Capital LP),Amino Capital Management Co LLC (Fund: Amino Capital III LP),Safar Partners LLC (Fund: Safar Partners Fund LP),Blindspot ...",,,, ,N.A.,N.A., ,N.A.,, , ,Russia,RU,Software & Tech Services,Technology,Software,Axoft JSC,, , , , , , , , , ,,,,,,,,,
,, ,231994004, ,2022-10-19,N/A,N/A,N/A,2023-09-08,,SEK,N/A,"Asset Sale, Cross Border",Volvo AB sold Welding & painting operations/Russia to Private Investor. The transaction was announced on 10/19/2022 and completed on 9/8/2023. Financial terms of the transaction are undisclosed.,Completed,AST,No, ,Friendly,0,Cash,0,100,2022-10-19,Negotiation,,, ,,, ,,United States,,N.A.,Private Investor,,,,3711,,Sweden,SE,Industrials,Volvo AB,VEHIC/CAR BODY,,Russia,,Consumer Discretionary Products,Consumer Discretionary,Automotive,Welding & painting operations/Russia,,, , , , , , , , ,,,,,,,,,
,, ,231996645, ,2022-10-19,254.85,254.85,15800.0 Mln,2023-03-05,,RUB,N/A,Minority Purchase,Sistema PJSFC announced the acquisition of a minority stake in Melon Fashion Group OAO. The transaction was announced on 10/19/2022 and terminated on 3/5/2023.,Terminated,INV,No, ,Friendly,0,Cash,0,47.700001, ,,,, ,,, ,Moscow,Russia,RU,Communications,Sistema PJSFC,,PHONE NO  RADI,4813, ,N.A.,N.A., ,N.A.,, , ,Russia,RU,Consumer Discretionary Products,Consumer Discretionary,Apparel & Textile Products,Melon Fashion Group OAO,, , , , , , , , , ,,,,,,,,,
,, ,232005892, ,2022-10-20,33,33,N/A,2023-02-28,,USD,33,Company Takeover,Freedom Holding Corp/NV sold Tsifra Bank OOO & Tsifra Broker OOO to Private Investor for USD 33.00M. The transaction was announced on 10/20/2022 and completed on 2/28/2023.,Completed,M&A,No, ,Friendly,0,Cash,0,100, ,,,, ,,, ,,United States,,N.A.,Private Investor,,,,1311,,Kazakhstan,KZ,Financials,Freedom Holding Corp/NV,CRUDE PETR/NG,,Kazakhstan,,"Financial Services, Financial Services","Financials, Financials","Institutional Financial Svcs, Specialty Finance","Tsifra Broker OOO,Tsifra Bank OOO",,, , , , , , , , ,,2023-02-10,,,,,,,
,, ,232051591, ,2022-10-25,N/A,N/A,N/A, ,,USD,N/A,"Asset Sale, Cross Border",Industria de Diseno Textil SA announced the sale of Portfolio of Zara Stores/ Russia to Azadea Sal. The transaction was announced on 10/25/2022 and is currently pending. Financial terms of the transaction are undisclosed.,Pending,AST,No, ,Friendly,0,Undisclosed,0,100, ,,,, ,,, ,Beirut,Lebanon,LB,Consumer Discretionary,Azadea Sal,163,MEN/BOY APPARL,5136,N.A.,,Spain,ES,Consumer Discretionary,Industria de Diseno Textil SA, ,,Russia,,Retail & Whsle - Discretionary,Consumer Discretionary,Retail - Discretionary,Portfolio of Zara Stores/ Russia,,, , , , , , , , ,,,,,2023-04-05,,,,
,, ,232059938, ,2022-10-26,N/A,N/A,N/A,2023-04-26,,GBP,N/A,Asset Sale,MH Alshaya announced the sale of Business of Mothercare / Russia to Private Investor. Financial terms of the transaction are undisclosed.,Withdrawn,AST,No, ,Friendly,0,Undisclosed,-999998,-999998,2022-10-26,Negotiation,,, ,,, ,,United States,,N.A.,Private Investor,,,,N.A.,,Kuwait,KW,Consumer Discretionary,MH Alshaya, ,,Russia,,Retail & Whsle - Discretionary,Consumer Discretionary,Retail - Discretionary,Business of Mothercare / Russia,,, , , , , , , , ,,,,,,,,,
,, ,232103323, ,2022-10-31,N/A,N/A,N/A,2023-05-01,,RUB,N/A,Asset Sale,Bridgestone Corp announced the sale of Russian Assets/Bridgestone Corp to Potential Buyer. Financial terms of the transaction are undisclosed.,Withdrawn,AST,No, ,Friendly,0,Cash,0,100,2022-10-31,On the Block,,, ,,, ,,British Virgin Islands,,N.A.,Potential Buyer,,,,N.A.,,Japan,JP,Consumer Discretionary,Bridgestone Corp, ,,Russia,,Industrial Products,Industrials,Industrial Intermediate Prod,Russian Assets/Bridgestone Corp,,, , , , , , , , ,,,,,,,,,
PwC,, ,232146468, ,2022-11-02,N/A,N/A,N/A,2022-11-02,,EUR,N/A,"Company Takeover, Cross Border",ANDRITZ AG acquired Duro Dakovic-Tep doo. The transaction was completed on 11/2/2022. Financial terms of the transaction are undisclosed.,Completed,M&A,No, ,Friendly,0,Undisclosed,0,100, ,,,, ,,, ,Graz,Austria,AT,Industrials,ANDRITZ AG,30557, ,N.A., ,3462,N.A., ,N.A.,, ,Slavonski Brod,Russia,HR,Industrial Products,Industrials,Industrial Intermediate Prod,Duro Dakovic-Tep doo,843,IRON STEEL FOR, , , , , , , , ,,,,,,,,,
,, ,232188383, ,2022-11-07,N/A,N/A,N/A, ,,EUR,N/A,"Cross Border, Company Takeover, Additional Stake Purchase",Harvia Oyj announced the sale of Premiyum-SPA-Tekhnologii OOO to Private Investor. The transaction was announced on 11/7/2022 and is currently pending. Financial terms of the transaction are undisclosed.,Pending,M&A,No, ,Friendly,0,Undisclosed,20,80, ,,,, ,,, ,,United States,,N.A.,Private Investor,,,,3322,N.A.,Finland,FI,Consumer Discretionary,Harvia Oyj,MALLEAB/FOUNDR, ,Russia,RU,Financial Services,Financials,Asset Management,Premiyum-SPA-Tekhnologii OOO,, , , , , , , , , ,,,,,,,,,
,, ,232199261, ,2022-11-08,9.05,9.05,550.0 Mln, ,,RUB,6.68,"Minority Purchase, Cross Border",Kopy Goldfields AB announced the acquisition of a minority stake in ZDK Zolotaya Zvezda AO. The transaction was announced on 11/8/2022 and is currently pending.,Pending,INV,No, ,Friendly,0,Cash,0,25, ,,,, ,,, ,Stockholm,Sweden,SE,Materials,Kopy Goldfields AB,1039, ,N.A., ,1041,N.A., ,N.A.,, ,Charkov,Russia,RU,Materials,Materials,Metals & Mining,ZDK Zolotaya Zvezda AO,,GOLD ORE, , , , , , , , ,,,,,,,,,
,, ,232266745, ,2022-11-14,N/A,N/A,N/A,2022-11-14,,CAD,N/A,Asset Sale,Orsu Metals Corp sold Sergeevskoe gold project/Russia to Unnamed Buyer. The transaction was completed on 11/14/2022. Financial terms of the transaction are undisclosed.,Completed,AST,No, ,Friendly,0,Cash,10,90,2022-05-24,Negotiation,,, ,,, ,,United States,,N.A.,Unnamed Buyer,,,,1099,,United Kingdom,GB,Materials,Orsu Metals Corp,METAL ORES NEC,,Russia,,Materials,Materials,Metals & Mining,Sergeevskoe gold project/Russia,,, , , , , , , , ,,,,,,,,,
,, ,232362098, ,2022-11-23,N/A,N/A,N/A,2022-11-23,,RUB,N/A,"Company Takeover, Majority Purchase",MFK Dzhamilko ZAO acquired Moneks Trading LLC. The transaction was completed on 11/23/2022. Financial terms of the transaction are undisclosed.,Completed,M&A,No, ,Friendly,0,Undisclosed,0,99.900002, ,,,, ,,, ,N.A,Russia,RU,Materials,MFK Dzhamilko ZAO,,JEWELRY/STONES,5094, ,N.A.,N.A., ,N.A.,, , ,Russia,RU,Retail & Whsle - Discretionary,Consumer Discretionary,Retail - Discretionary,Moneks Trading LLC,, , , , , , , , , ,,,,,,,,,
,, ,232364128, ,2022-11-25,10,10,2.0/sh., ,,USD,10,"Tender Offer, Additional Stake Purchase, Mandatory Offer",Private Investor announced the acquisition of QIWI plc for USD 10.00M. The transaction was announced on 11/25/2022 and is currently pending.,Pending,INV,No, ,Friendly,0,Cash,9.3,9.56, ,,,, ,,, ,,United States,,N.A.,Private Investor,,,, ,7389,N.A., ,N.A.,, ,Nicosia,Russia,CY,Financial Services,Financials,Specialty Finance,QIWI plc,162,BUSINESS SVC, , , , , , , , ,,,,,,,,,
,, ,232390282, ,2022-11-29,9.93,9.93,9.6 Mln,2022-11-29,,EUR,9.93,Asset Sale,BEVEST ASA sold Office building/KMC Properties ASA to Unnamed Buyer for EUR 9.60M. The transaction was completed on 11/29/2022.,Completed,AST,No, ,Friendly,0,Cash,0,100, ,,,, ,,, ,,United States,,N.A.,Unnamed Buyer,,,,N.A.,,Norway,NO,Real Estate,BEVEST ASA, ,,Russia,,Real Estate,Real Estate,REIT,Office building/KMC Properties ASA,,, , , , , , , , ,,,,,,,,,
,, ,232405353, ,2022-11-29,N/A,N/A,N/A,2023-06-21,,RUB,N/A,Company Takeover,Avtovaz PJSC acquired Avto Finans Bank AO. The transaction was announced on 11/29/2022 and completed on 6/21/2023. Financial terms of the transaction are undisclosed.,Completed,M&A,No, ,Friendly,0,Undisclosed,0,100, ,Preliminary Offer,,, ,,, ,Tolyatti,Russia,RU,Consumer Discretionary,Avtovaz PJSC,38070,VEHIC/CAR BODY,3711, ,N.A.,N.A., ,N.A.,, ,Moscow,Russia,RU,Financial Services,Financials,Specialty Finance,Avto Finans Bank AO,429, , , , , , , , , ,,,,,,,,,
,, ,232478058, ,2022-12-06,104.82,104.82,100.0 Mln,2023-05-15,,EUR,108.79,"Cross Border, Asset Sale",AmRest Holdings SE sold KFC Russia Restaurant Business'/AMREST HOLDINGS to Almira OOO for EUR 100.00M. The transaction was announced on 12/6/2022 and completed on 5/15/2023.,Completed,AST,No, ,Friendly,0,Cash,0,100, ,,Rothschild & Co,Uria Menendez, ,,, , ,Russia,RU,Materials,Almira OOO,,LUMBR/PLY/MILL,5031,N.A.,,Spain,ES,Consumer Discretionary,AmRest Holdings SE, ,,Russia,,Consumer Discretionary Services,Consumer Discretionary,Leisure Facilities & Services,KFC Russia Restaurant Business'/AMREST HOLDINGS,,, , , , , , , , ,,,,2023-02-21,,,,,
,, ,232522739, ,2022-12-08,N/A,N/A,N/A,2022-12-08,,RUB,N/A,"Cross Border, Company Takeover",Aliaxis SA acquired Larets OOO. The transaction was completed on 12/8/2022. Financial terms of the transaction are undisclosed.,Completed,M&A,No, ,Friendly,0,Undisclosed,0,100, ,,,, ,,, ,Brussels,Belgium,BE,Materials,Aliaxis SA,16100,PLASTIC PLUMB,3088, ,5093,N.A., ,N.A.,, ,N.A,Russia,RU,Industrial Services,Industrials,Commercial Support Services,Larets OOO,,SCRAP MATERIAL, , , , , , , , ,,,,,,,,,
,, ,232540152, ,2022-12-12,N/A,N/A,N/A,2022-12-31,,RUB,N/A,Majority Purchase,QIWI plc announced the acquisition of IA Rialveb OOO. The transaction was announced on 12/12/2022 and is expected to be completed by 12/31/2022. Financial terms of the transaction are undisclosed.,Pending,M&A,No, ,Friendly,0,Undisclosed,0,75, ,,,, ,,, ,Nicosia,Russia,CY,Financials,QIWI plc,162,BUSINESS SVC,7389, ,7311,N.A., ,N.A.,, ,Sankt-peterburg,Russia,RU,Media,Communications,Advertising & Marketing,IA Rialveb OOO,,ADVERT AGENCY, , , , , , , , ,,,,,,,,,
,, ,232569147, ,2022-12-14,N/A,N/A,N/A, ,,RUB,N/A,Asset Sale,Holcim AG announced the sale of Business/Russia to Unnamed Buyer. The transaction was announced on 12/14/2022 and is currently pending. Financial terms of the transaction are undisclosed.,Pending,AST,No, ,Friendly,0,Cash,0,100, ,,,, ,,, ,,United States,,N.A.,Unnamed Buyer,,,,N.A.,,United States,CH,Materials,Holcim AG, ,,Russia,,Materials,Materials,Construction Materials,Business/Russia,,, , , , , , , , ,,,,,,,,,
,, ,232572481, ,2022-12-13,N/A,N/A,N/A,2023-06-13,,RUB,N/A,"Company Takeover, Additional Stake Purchase, Cross Border, Majority Purchase",Shell PLC announced the sale of Salym Petroleum Development NV to Gazprom Neft PJSC. Financial terms of the transaction are undisclosed.,Withdrawn,M&A,No, ,Friendly,0,Undisclosed,50,50,2022-12-13,Negotiation,,, ,,, ,Moscow,Russia,RU,Energy,Gazprom Neft PJSC,,PETROL REFINNG,2911,1311,N.A.,Netherlands,GB,Energy,Shell PLC,CRUDE PETR/NG,Moscow,Russia,RU,Industrial Services,Industrials,Engineering & Construction,Salym Petroleum Development NV,, , , , , , , , , ,,,,,,,,,
,, ,232585383, ,2022-12-15,N/A,N/A,N/A, ,,RUB,N/A,Asset Sale,Telefonaktiebolaget LM Ericsson announced the sale of Local customer support business/Russia to Unnamed Buyer. The transaction was announced on 12/15/2022 and is currently pending. Financial terms of the transaction are undisclosed.,Pending,AST,No, ,Friendly,0,Cash,0,100, ,,KPMG Corp Fin,, ,,, ,,United States,,N.A.,Unnamed Buyer,,,,3663,,Sweden,SE,Technology,Telefonaktiebolaget LM Ericsson,RADIO/TV EQUIP,,Russia,,Telecommunications,Communications,Telecommunications,Local customer support business/Russia,,, , , , , , , , ,,,,,,,,,
,, ,232585413, ,2022-12-15,24.77,24.77,1600.0 Mln,2023-07-03,,RUB,17.94,"Cross Border, Asset Sale",Mondi PLC sold 3 Russian packaging converting operations/MONDI PLC to GOTEC Gorschlueter GmbH for RUB 1600.00M. The transaction was announced on 12/15/2022 and completed on 7/3/2023.,Completed,AST,No, ,Friendly,0,Cash,0,100, ,,,Freshfields, ,,, ,Wuelfrath,Germany,DE,Consumer Discretionary,GOTEC Gorschlueter GmbH,18,RUBBER GOODS,3061,N.A.,,Austria,GB,Materials,Mondi PLC, ,,Russia,,Industrial Products,Industrials,Machinery,3 Russian packaging converting operations/MONDI PLC,,, , , , , , , , ,,,,,,,,,
,, ,232666845, ,2022-05-16,N/A,N/A,N/A,2022-05-16,,RUB,N/A,"Asset Sale, Cross Border",Renault SA sold Russian assets of Renault to Russian Federation. The transaction was completed on 5/16/2022. Financial terms of the transaction are undisclosed.,Completed,AST,No, ,Friendly,0,Cash,0,100, ,,,Skadden Arps, ,,, ,Moscow,Russia,RU,Government,Russian Federation,, ,N.A.,N.A.,,France,FR,Consumer Discretionary,Renault SA, ,,Russia,,Consumer Discretionary Products,Consumer Discretionary,Automotive,Russian assets of Renault,,, , , , , , , , ,,,,,,,,,
,, ,232683462, ,2022-10-06,390,390,390.0 Mln,2022-10-06,,USD,390,"Cross Border, Asset Sale",Sylvamo Corp sold Russian operations/Sylvamo to Pulp Invest LLC for USD 390.00M. The transaction was completed on 10/6/2022.,Completed,AST,No, ,Friendly,0,Cash,0,100, ,,,Skadden Arps, ,,, ,Kazan,Russia,RU,Materials,Pulp Invest LLC,, ,N.A.,2621,,United States,US,Materials,Sylvamo Corp,PAPER MILLS,,Russia,,Materials,Materials,"Forestry, Paper & Wood Products",Russian operations/Sylvamo,,, , , , , , , , ,,,,,,,,,
,, ,232751276, ,2022-12-30,N/A,N/A,N/A,2022-12-30,,RUB,N/A,"Company Takeover, Cross Border",A consortium led by Vitol Holding BV sold Vostok Oil OOO to Fossil Group Inc. The transaction was completed on 12/30/2022. Financial terms of the transaction are undisclosed.,Completed,M&A,No, ,Friendly,0,Undisclosed,0,100, ,,,, ,,, ,Dallas,United States,US,Consumer Discretionary,Fossil Group Inc,4500,WATCHES CLOCKS,3873,,N.A.,Netherlands,,"Energy, Financials","Vitol Holding BV,Mercantile & Maritime Energy Pte Ltd",,Samara,Russia,RU,Oil & Gas,Energy,Oil & Gas Supply Chain,Vostok Oil OOO,, , , , , , , , , ,,,,,,,,,
,, ,232846607, ,2022-12-30,N/A,N/A,N/A,2022-12-30,,RUB,N/A,Company Takeover,Promsvyazbank PJSC acquired Bank Severnyy Morskoy Put AO. The transaction was completed on 12/30/2022. Financial terms of the transaction are undisclosed.,Completed,M&A,No, ,Friendly,0,Undisclosed,0,100, ,,,, ,,, ,Moscow,Russia,RU,Financials,Promsvyazbank PJSC,,MISC BUS CRED,6159, ,N.A.,N.A., ,N.A.,, ,Moscow,Russia,RU,Banking,Financials,Banking,Bank Severnyy Morskoy Put AO,, , , , , , , , , ,,,,,,,,,
,, ,232859829, ,2023-01-11,N/A,N/A,N/A,2023-01-11,,RUB,N/A,Minority Purchase,Kismet Capital Group acquired a minority stake in HeadHunter Group PLC. The transaction was completed on 1/11/2023. Financial terms of the transaction are undisclosed.,Completed,INV,No, ,Friendly,0,Undisclosed,0,22.68, ,,,, ,,, ,Moscow,Russia,RU,Financials,Kismet Capital Group,, ,N.A., ,N.A.,N.A., ,N.A.,, ,Moscow,Russia,RU,Media,Communications,Internet Media & Services,HeadHunter Group PLC,, , , , , , , , , ,,,,,,,,,
,, ,232862044, ,2023-01-11,N/A,N/A,N/A,2023-01-11,,EUR,N/A,"Minority Purchase, Cross Border",Highworld Investments Ltd/Cyprus sold a minority stake in HeadHunter Group PLC to Kismet Capital Group. The transaction was completed on 1/11/2023. Financial terms of the transaction are undisclosed.,Completed,INV,No, ,Friendly,0,Undisclosed,0,22.68, ,,,, ,,, ,Moscow,Russia,RU,Financials,Kismet Capital Group,, ,N.A.,N.A.,N.A.,Cyprus,CY,Technology,Highworld Investments Ltd/Cyprus, ,Moscow,Russia,RU,Media,Communications,Internet Media & Services,HeadHunter Group PLC,, , , , , , , , , ,,,,,,,,,
,, ,232869061, ,2023-03-08,1.45,1.45,10.1 Mln,2023-03-31,,CNY,1.47,"Cross Border, Majority Purchase",Suzhou Yangtze New Materials Co Ltd sold United New Material Co Ltd to China Minsheng Future Holdings Group Co Ltd for CNY 10.10M. The transaction was announced on 3/8/2023 and completed on 3/31/2023.,Completed,M&A,No, ,Friendly,0,Cash,0,51,2022-04-14,On the Block,,, ,,, ,Shanghai,China,CN,Industrials,China Minsheng Future Holdings Group Co Ltd,, ,N.A.,N.A.,N.A.,China,CN,Consumer Discretionary,Suzhou Yangtze New Materials Co Ltd, , ,Russia,RU,Materials,Materials,Chemicals,United New Material Co Ltd,, , , , , , , , , ,,,,,,,,2023-03-07,
,, ,232895066, ,2023-01-16,N/A,N/A,N/A,2023-01-16,,RUB,N/A,"Cross Border, Company Takeover",USM Telecom Holdings Ltd sold Neksayn AO to MegaFon PJSC. The transaction was completed on 1/16/2023. Financial terms of the transaction are undisclosed.,Completed,M&A,No, ,Friendly,0,Undisclosed,0,100, ,,,, ,,, ,Sankt-peterburg,Russia,RU,Communications,MegaFon PJSC,, ,N.A.,N.A.,7372,British Virgin Islands,VG,Financials,USM Telecom Holdings Ltd, ,Sankt-peterburg,Russia,RU,Software & Tech Services,Technology,Software,Neksayn AO,,PREPAKG SOFTW, , , , , , , , ,,,,,,,,,
,, ,232897127, ,2023-01-16,N/A,N/A,N/A, ,,EUR,N/A,"Cross Border, Asset Sale",Euroins Insurance Group AD announced the sale of Insurance business/Belarus & Insurance business/Russia to Unnamed Buyer. The transaction was announced on 1/16/2023 and is currently pending. Financial terms of the transaction are undisclosed.,Pending,AST,No, ,Friendly,0,Undisclosed,0,100, ,,,, ,,, ,,United States,,N.A.,Unnamed Buyer,,,,N.A.,,Bulgaria,BG,Financials,Euroins Insurance Group AD, ,,Belarus,,"Insurance, Insurance","Financials, Financials","Insurance, Insurance","Insurance business/Belarus,Insurance business/Russia",,, , , , , , , , ,,,,,,,,,
,, ,232981079, ,2023-10-12,N/A,N/A,N/A,2023-10-12,,EUR,N/A,Asset Sale,Legrand SA sold Russian Operations/Legrand to IEK OOO. The transaction was completed on 10/12/2023. Financial terms of the transaction are undisclosed.,Completed,AST,No, ,Friendly,0,Cash,0,100,2023-01-25,Strategic Alt Review,Rothschild & Co,, ,,, ,N.A,Russia,RU,Materials,IEK OOO,,CHEM/ALLY PROD,5169,N.A.,,France,FR,Industrials,Legrand SA, ,,Russia,,Industrial Products,Industrials,Electrical Equipment,Russian Operations/Legrand,,, , , , , , , , ,,,,,,,,,
,, ,233039286, ,2023-01-31,N/A,N/A,N/A,2023-01-31,,RUB,N/A,Asset Sale,Hitachi Ltd sold Russian business/Hitachi Energy AG to Management Group. The transaction was completed on 1/31/2023. Financial terms of the transaction are undisclosed.,Completed,AST,No, ,Friendly,0,Cash,0,100, ,,,, ,,, ,,France,,N.A.,Management Group,,,,3579,,Japan,JP,Industrials,Hitachi Ltd,OFFICE MACHINE,,Russia,,Industrial Products,Industrials,Machinery,Russian business/Hitachi Energy AG,,, , , , , , , , ,,,,,,,,,
,, ,233054249, ,2023-01-31,N/A,N/A,N/A,2023-01-31,,JPY,N/A,Asset Sale,Hitachi Ltd sold Russia business to Unnamed Buyer. The transaction was completed on 1/31/2023. Financial terms of the transaction are undisclosed.,Completed,AST,No, ,Friendly,0,Cash,0,100, ,,,, ,,, ,,United States,,N.A.,Unnamed Buyer,,,,3579,,Japan,JP,Industrials,Hitachi Ltd,OFFICE MACHINE,,Russia,,Industrial Products,Industrials,Electrical Equipment,Russia business,,, , , , , , , , ,,,,,,,,,
,, ,233080924, ,2023-02-02,N/A,N/A,N/A, ,,RUB,N/A,"Cross Border, Minority Purchase",Shell PLC announced the sale of a minority stake in Salym Petroleum Development NV to Gazprom Neft PJSC. The transaction was announced on 2/2/2023 and is currently pending. Financial terms of the transaction are undisclosed.,Pending,INV,No, ,Friendly,0,Undisclosed,0,50, ,,,, ,,, ,Moscow,Russia,RU,Energy,Gazprom Neft PJSC,,PETROL REFINNG,2911,1311,N.A.,Netherlands,GB,Energy,Shell PLC,CRUDE PETR/NG,Moscow,Russia,RU,Industrial Services,Industrials,Engineering & Construction,Salym Petroleum Development NV,, , , , , , , , , ,,,,,,,,,
,, ,233084674, ,2022-10-26,N/A,N/A,N/A,2022-10-26,,RUB,N/A,"Company Takeover, Cross Border","Kiilto Family Oy sold Kesto AO, Kesto Family OOO & OOO Kiilto-Klei Ramenskoye to Bergauf Stroitelnye Technologies OOO. The transaction was completed on 10/26/2022. Financial terms of the transaction are undisclosed.",Completed,M&A,No, ,Friendly,0,Undisclosed,0,100, ,,,, ,,, ,N.A,Russia,RU,Industrials,Bergauf Stroitelnye Technologies OOO,,INDL SUPPLIES,5085,2499,,Finland,FI,Materials,Kiilto Family Oy,WOOD PROD NEC,,Russia,,"Retail & Whsle - Discretionary, Retail & Whsle - Discretionary, Retail & Whsle - Discretionary","Consumer Discretionary, Consumer Discretionary, Consumer Discretionary","Retail - Discretionary, Retail - Discretionary, Retail - Discretionary","Kesto AO,Kesto Family OOO,OOO Kiilto-Klei Ramenskoye",,, , , , , , , , ,,,,,,,,,
,, ,233119925, ,2021-12-21,N/A,N/A,N/A,2021-12-21,,RUB,N/A,Minority Purchase,Bonum Capital LLC acquired a minority stake in Koks PAO. The transaction was completed on 12/21/2021. Financial terms of the transaction are undisclosed.,Completed,INV,No, ,Friendly,0,Undisclosed,0,16, ,,,, ,,, ,MOSCOW,Russia,RU,Financials,Bonum Capital LLC,, ,N.A., ,N.A.,N.A., ,N.A.,, ,Kemerovo,Russia,RU,Materials,Materials,Metals & Mining,Koks PAO,2494, , , , , , , , , ,,,,,,,,,
,, ,233225203, ,2023-02-16,N/A,N/A,N/A,2023-02-16,,USD,N/A,"Cross Border, Minority Purchase",Goldman Sachs Group Inc/The sold a minority stake in Cian PLC to Unnamed Buyer. The transaction was completed on 2/16/2023. Financial terms of the transaction are undisclosed.,Completed,INV,No, ,Friendly,0,Cash,0,10.1, ,,,, ,,, ,,United States,,N.A.,Unnamed Buyer,,,,6211,N.A.,United States,US,Financials,Goldman Sachs Group Inc/The,SEC BROKER/DLR,Larnaca,Russia,RU,Media,Communications,Internet Media & Services,Cian PLC,, , , , , , , , , ,,,,,,,,,
,, ,233226005, ,2023-02-16,N/A,N/A,N/A,2023-03-27,,RUB,N/A,"Cross Border, Asset Sale",Stichting INGKA Foundation sold 3 factories/Russia to a consortium led by Sloteks AO. The transaction was announced on 2/16/2023 and completed on 3/27/2023. Financial terms of the transaction are undisclosed.,Completed,AST,No, ,Friendly,0,Cash,0,100, ,,,, ,,, ,,Russia,,"Materials, Materials","Sloteks AO,Luzales OOO",,,,N.A.,,Netherlands,NL,Consumer Discretionary,Stichting INGKA Foundation, ,,Russia,,Industrial Products,Industrials,Machinery,3 factories/Russia,,, , , , , , , , ,,,,,,,,,
,, ,233239846, ,2023-02-17,N/A,N/A,N/A,2023-08-17,,RUB,N/A,Asset Sale,Stichting INGKA Foundation announced the sale of 2 million sq m m of real estate/Russia to Potential Buyer. Financial terms of the transaction are undisclosed.,Withdrawn,AST,No, ,Friendly,0,Undisclosed,0,100,2023-02-17,,,, ,,, ,,British Virgin Islands,,N.A.,Potential Buyer,,,,N.A.,,Netherlands,NL,Consumer Discretionary,Stichting INGKA Foundation, ,,Russia,,Real Estate,Real Estate,Real Estate Owners & Developers,2 million sq m m of real estate/Russia,,, , , , , , , , ,,,,,,,,,
,, ,233257375, ,2023-02-20,N/A,N/A,N/A,2023-08-21,,USD,N/A,Asset Sale,PPF Real Estate Holding BV announced the sale of Trilogy Park logistics park to Private Investor. Financial terms of the transaction are undisclosed.,Withdrawn,AST,No, ,Friendly,0,Cash,0,75, ,Negotiation,,, ,,, ,,United States,,N.A.,Private Investor,,,,6733,,Netherlands,NL,Real Estate,PPF Real Estate Holding BV,TRUST/FOUNDATN,,Russia,,N.A.,N.A.,N.A.,Trilogy Park logistics park,,, , , , , , , , ,,,,,,,,,
,, ,233257702, ,2023-02-20,115.8,115.8,N/A,2023-02-20,,RUB,115.8,"Additional Stake Purchase, Company Takeover",VK IPJSC acquired UCHI.RU OOO for RUB 8700.00M. The transaction was completed on 2/20/2023.,Completed,M&A,No, ,Friendly,0,Undisclosed,25,75, ,,,, ,,, ,Sankt-peterburg,Russia,RU,Communications,VK IPJSC,,AMUSEMENT SVC,7999, ,N.A.,N.A., ,N.A.,, ,Moscow,Russia,RU,Media,Communications,Internet Media & Services,UCHI.RU OOO,, , , , , , , , , ,,,,,,,,,
,, ,233257922, ,2023-02-18,N/A,N/A,N/A, ,,RUB,N/A,"Company Takeover, Cross Border",PJV Digital Forces Ltd announced the sale of RNKO VK Platozhnyye Resheniya OOO to VK IPJSC. The transaction was announced on 2/18/2023 and is currently pending. Financial terms of the transaction are undisclosed.,Pending,M&A,No, ,Friendly,0,Undisclosed,0,100, ,,,, ,,, ,Sankt-peterburg,Russia,RU,Communications,VK IPJSC,,AMUSEMENT SVC,7999,N.A.,N.A.,Cyprus,CY,Financials,PJV Digital Forces Ltd, , ,Russia,RU,Financial Services,Financials,Specialty Finance,RNKO VK Platozhnyye Resheniya OOO,, , , , , , , , , ,,,,,,,,,
,, ,233261934, ,2023-02-20,N/A,N/A,N/A,2023-02-17,,RUB,N/A,"Cross Border, Asset Sale",AP Moller - Maersk A/S sold Logistics assets/St Petersburg & Novorossiysk to IG Finance Development Ltd. The transaction was announced on 2/20/2023 and completed on 2/17/2023. Financial terms of the transaction are undisclosed.,Completed,AST,No, ,Friendly,0,Cash,0,100, ,,,, ,,, , ,Cyprus,CY,Financials,IG Finance Development Ltd,, ,N.A.,N.A.,,Denmark,DK,Industrials,AP Moller - Maersk A/S, ,,Russia,,Real Estate,Real Estate,Real Estate Owners & Developers,Logistics assets/St Petersburg & Novorossiysk,,, , , , , , , , ,,,,,,,,,
,, ,233331512, ,2023-02-25,N/A,N/A,N/A, ,,RUB,N/A,Asset Sale,Schaeffler AG announced the sale of Russian business/Schaeffler to Private Investor. The transaction was announced on 2/25/2023 and is currently pending. Financial terms of the transaction are undisclosed.,Pending,AST,No, ,Friendly,0,Undisclosed,0,100,2023-02-25,Preliminary Offer,,, ,,, ,,United States,,N.A.,Private Investor,,,,N.A.,,Germany,DE,Consumer Discretionary,Schaeffler AG, ,,Russia,,Consumer Discretionary Products,Consumer Discretionary,Automotive,Russian business/Schaeffler,,, , , , , , , , ,,,,,,,,,
,, ,233333512, ,2023-02-27,N/A,N/A,N/A,2023-08-28,,RUB,N/A,Asset Sale,Philip Morris International In announced the sale of Russian assets/Philip Morris International Inc to Potential Buyer. Financial terms of the transaction are undisclosed.,Withdrawn,AST,No, ,Friendly,0,Cash,0,100,2023-02-27,On the Block,,, ,,, ,,British Virgin Islands,,N.A.,Potential Buyer,,,,2111,,United States,US,Consumer Staples,Philip Morris International In,CIGARETTES,,Russia,,Consumer Staple Products,Consumer Staples,Tobacco & Cannabis,Russian assets/Philip Morris International Inc,,, , , , , , , , ,,,,,,,,,
,, ,233379073, ,2023-03-01,N/A,N/A,N/A,2023-03-28,,RUB,N/A,Company Takeover,Rostelecom PJSC acquired Fazzi Lodzhik Labs OOO. The transaction was announced on 3/1/2023 and completed on 3/28/2023. Financial terms of the transaction are undisclosed.,Completed,M&A,No, ,Friendly,0,Undisclosed,0,100, ,,,, ,,, ,Moscow,Russia,RU,Communications,Rostelecom PJSC,,PHONE NO  RADI,4813, ,N.A.,N.A., ,N.A.,, ,Moscow,Russia,RU,Software & Tech Services,Technology,Software,Fazzi Lodzhik Labs OOO,, , , , , , , , , ,,,,,,,,,
,, ,233392384, ,2023-03-01,131.8,131.8,9902.2 Mln,2023-05-22,,RUB,133.99,"Cross Border, Asset Sale",Volkswagen AG sold Volkswagen plant/Kaluga to Avilon AG ZAO for RUB 9902.20M. The transaction was announced on 3/1/2023 and completed on 5/22/2023.,Completed,AST,No, ,Friendly,0,Cash,0,100,2023-03-01,Negotiation,,, ,,, ,Moscow,Russia,RU,Consumer Discretionary,Avilon AG ZAO,,AUTO REPAIR,7538,N.A.,,Germany,DE,Consumer Discretionary,Volkswagen AG, ,,Russia,,Retail & Whsle - Discretionary,Consumer Discretionary,Retail - Discretionary,Volkswagen plant/Kaluga,,, , , , , , , , ,,,,,,,,,
,, ,233437460, ,2023-03-07,N/A,N/A,N/A,2023-09-07,,EUR,N/A,"Cross Border, Asset Sale",Volkswagen AG announced the sale of Manufacturing facility/Russia to Sistema PJSFC. Financial terms of the transaction are undisclosed.,Withdrawn,AST,No, ,Friendly,0,Undisclosed,0,100,2023-03-07,Negotiation,,, ,,, ,Moscow,Russia,RU,Communications,Sistema PJSFC,,PHONE NO  RADI,4813,N.A.,,Germany,DE,Consumer Discretionary,Volkswagen AG, ,,Russia,,Industrial Products,Industrials,Transportation Equipment,Manufacturing facility/Russia,,, , , , , , , , ,,,,,,,,,
,, ,233527851, ,2023-03-15,N/A,N/A,N/A,2023-09-15,,RUB,N/A,"Cross Border, Asset Sale",Carlsberg AS announced the sale of 8 breweries/Russia to Anadolu Efes Biracilik Ve Malt Sanayii AS. Financial terms of the transaction are undisclosed.,Withdrawn,AST,No, ,Unsolicited,0,Undisclosed,0,100,2023-03-15,Strategic Alt Review,,Baker McKenzie, ,,, ,Istanbul,Turkey,TR,Consumer Staples,Anadolu Efes Biracilik Ve Malt Sanayii AS,15885, ,N.A.,N.A.,,Denmark,DK,Consumer Staples,Carlsberg AS, ,,Russia,,Real Estate,Real Estate,Real Estate Owners & Developers,8 breweries/Russia,,, , , , , , , , ,,,,,,,,,
,, ,233665632, ,2023-03-28,N/A,N/A,N/A, ,,RUB,N/A,Asset Sale,Henkel AG & Co KGaA announced the sale of 11 Henkels Plants/Russia to Private Investor. The transaction was announced on 3/28/2023 and is currently pending. Financial terms of the transaction are undisclosed.,Pending,AST,No, ,Friendly,0,Cash,0,100, ,,,, ,,, ,,United States,,N.A.,Private Investor,,,,N.A.,,Germany,DE,Consumer Staples,Henkel AG & Co KGaA, ,,Russia,,Renewable Energy,Energy,Renewable Energy,11 Henkels Plants/Russia,,, , , , , , , , ,,,,,,,,,
,, ,233694497, ,2023-03-30,N/A,N/A,N/A, ,,USD,N/A,"Asset Sale, Cross Border",Swixx Biopharma SA announced the sale of Russian business/Swixx Biopharma SA to Eli Lilly & Co. The transaction was announced on 3/30/2023 and is currently pending. Financial terms of the transaction are undisclosed.,Pending,AST,No, ,Friendly,0,Cash,0,100, ,,,, ,,, ,Indianapolis,United States,US,Health Care,Eli Lilly & Co,50000,PHARM PREPS,2834,N.A.,,Switzerland,CH,Health Care,Swixx Biopharma SA, ,,Russia,,Health Care,Health Care,Biotech & Pharma,Russian business/Swixx Biopharma SA,,, , , , , , , , ,,,,,,,,,
,, ,233830202, ,2024-03-28,1023.84,1023.84,94800.0 Mln,2024-03-28,,RUB,1023.84,"Minority Purchase, Cross Border",Shell PLC sold a minority stake in Sakhalin Energy Investment Co Ltd to Gazprom PJSC. The transaction was completed on 3/28/2024.,Completed,INV,No, ,Friendly,0,Cash,0,27.5,2023-04-12,Negotiation,,, ,,, ,St. Petersburg,Russia,RU,Energy,Gazprom PJSC,468, ,N.A.,1311,N.A.,Netherlands,GB,Energy,Shell PLC,CRUDE PETR/NG,Yuzhno-Sakhalinsk,Russia,RU,Oil & Gas,Energy,Oil & Gas Services & Equip,Sakhalin Energy Investment Co Ltd,, , , , , , , , , ,,,,,,,,,
,, ,233867472, ,2023-04-17,N/A,N/A,N/A, ,,RUB,N/A,Company Takeover,X5 Retail Group NV announced the acquisition of Tamerlan OOO. The transaction was announced on 4/17/2023 and is currently pending. Financial terms of the transaction are undisclosed.,Pending,M&A,No, ,Friendly,0,Undisclosed,0,100, ,,,, ,,, ,Amsterdam,Russia,NL,Consumer Staples,X5 Retail Group NV,498525, ,N.A., ,5499,N.A., ,N.A.,, ,Volgograd,Russia,RU,Retail & Wholesale - Staples,Consumer Staples,Retail - Consumer Staples,Tamerlan OOO,,MISC FOOD STOR, , , , , , , , ,,,,2023-04-17,,,,,
,, ,233880933, ,2023-04-18,N/A,N/A,N/A,2023-04-18,,EUR,N/A,"Company Takeover, Cross Border",Adriatic Bank AD Podgorica acquired Expobank AD. The transaction was completed on 4/18/2023. Financial terms of the transaction are undisclosed.,Completed,M&A,No, ,Friendly,0,Undisclosed,0,100, ,,,, ,,, ,Podgorica,Montenegro,ME,Financials,Adriatic Bank AD Podgorica,, ,N.A., ,N.A.,N.A., ,N.A.,, ,Belgrade,Russia,RS,Banking,Financials,Banking,Expobank AD,, , , , , , , , , ,,,,,,,,,
,, ,233902808, ,2022-03-31,60,60,60.0 Mln,2023-04-20,,USD,60,"Cross Border, Asset Sale",CNH Industrial NV sold Business activities/Russia to Unnamed Buyer for USD 60.00M. The transaction was announced on 3/31/2022 and completed on 4/20/2023.,Completed,AST,No, ,Friendly,0,Cash,0,100, ,,,, ,,, ,,United States,,N.A.,Unnamed Buyer,,,,3531,,United Kingdom,GB,Industrials,CNH Industrial NV,CONSTR MACHINE,,Russia,,Industrial Products,Industrials,Machinery,Business activities/Russia,,, , , , , , , , ,,,,,,,,,
,PwC Legal, ,233925590, ,2023-04-21,N/A,N/A,N/A,2023-04-21,,EUR,N/A,"Cross Border, Company Takeover",Severstal Trade Ges sold Severstallat AS to Marcegaglia Steel SpA. The transaction was completed on 4/21/2023. Financial terms of the transaction are undisclosed.,Completed,M&A,No, ,Friendly,0,Undisclosed,0,100, ,,,, ,,, ,Mantova,Italy,IT,Materials,Marcegaglia Steel SpA,6509, ,N.A.,N.A.,3448,Austria,AT,Industrials,Severstal Trade Ges, ,Riga,Russia,LV,Materials,Materials,Steel,Severstallat AS,272,PREFAB BLDG, , , , , , , , ,,,,,,,,,
,, ,233948769, ,2023-04-24,N/A,N/A,N/A, ,,RUB,N/A,"Company Takeover, Cross Border",Continental AG announced the sale of Tayrs Rus OOO to S8 Capital AO. The transaction was announced on 4/24/2023 and is currently pending. Financial terms of the transaction are undisclosed.,Pending,M&A,No, ,Friendly,0,Undisclosed,0,100, ,,Ernst & Young,Freshfields, ,,, ,Moscow,Russia,RU,Technology,S8 Capital AO,, ,N.A.,N.A.,5013,Germany,DE,Consumer Discretionary,Continental AG, ,Moscow,Russia,RU,Retail & Whsle - Discretionary,Consumer Discretionary,Retail - Discretionary,Tayrs Rus OOO,,AUTO PARTS, , , , , , , , ,,,,,,,,,
,, ,233956771, ,2023-04-25,N/A,N/A,N/A,2023-04-25,,RUB,N/A,"Asset Sale, Cross Border",Mercedes-Benz Group AG sold Local assets/Mercedes-Benz Group AG to Blok Avtodom OOO. The transaction was completed on 4/25/2023. Financial terms of the transaction are undisclosed.,Completed,AST,No, ,Friendly,0,Cash,0,100, ,,Ernst & Young,Noerr LLP, ,,, ,Moscow,Russia,RU,Consumer Discretionary,Blok Avtodom OOO,,VEHL WHOLESALE,5012,N.A.,,Germany,DE,Consumer Discretionary,Mercedes-Benz Group AG, ,,Russia,,Retail & Whsle - Discretionary,Consumer Discretionary,Wholesale - Discretionary,Local assets/Mercedes-Benz Group AG,,, , , , , , , , ,,,,,,,,,
,, ,234054653, ,2023-05-03,N/A,N/A,N/A,2023-05-03,,RUB,N/A,Company Takeover,Sistema PJSFC acquired Pervoye Resheniye OOO. The transaction was completed on 5/3/2023. Financial terms of the transaction are undisclosed.,Completed,M&A,No, ,Friendly,0,Cash,0,100, ,,,, ,,, ,Moscow,Russia,RU,Communications,Sistema PJSFC,,PHONE NO  RADI,4813, ,8742,N.A., ,N.A.,, ,N.A,Russia,RU,Industrial Services,Industrials,Commercial Support Services,Pervoye Resheniye OOO,,CONSULTING SVC, , , , , , , , ,,,,,,,,,
,, ,234060516, ,2022-04-01,N/A,N/A,N/A,2024-04-19,,EUR,N/A,Asset Sale,Purmo Group Oyj announced the sale of Russian Business/Purmo Group Oyj to Unnamed Buyer. The transaction was announced on 4/1/2022 and terminated on 4/19/2024. Financial terms of the transaction are undisclosed.,Terminated,AST,No, ,Friendly,0,Undisclosed,0,0, ,,,, ,,, ,,United States,,N.A.,Unnamed Buyer,,,,N.A.,,Finland,FI,Industrials,Purmo Group Oyj, ,,Russia,,Materials,Materials,Steel,Russian Business/Purmo Group Oyj,,, , , , , , , , ,,,,,,,,,
,, ,234081465, ,2023-05-04,690.66,690.66,54000.0 Mln,2023-05-04,,RUB,690.66,Asset Sale,Henkel AG & Co KGaA sold Russian business activities/Henkel AG & Co KGaA to Private Investor for RUB 54000.00M. The transaction was completed on 5/4/2023.,Completed,AST,No, ,Friendly,0,Cash,0,100, ,,,Noerr LLP, ,,, ,,United States,,N.A.,Private Investor,,,,N.A.,,Germany,DE,Consumer Staples,Henkel AG & Co KGaA, ,,Russia,,Consumer Staple Products,Consumer Staples,Household Products,Russian business activities/Henkel AG & Co KGaA,,, , , , , , , , ,,,,,,,,,
,, ,234181603, ,2023-05-12,N/A,N/A,N/A,2023-11-13,,RUB,N/A,Asset Sale,Decathlon SA announced the sale of Decathlon Store/Russia to Unnamed Buyer. Financial terms of the transaction are undisclosed.,Withdrawn,AST,No, ,Friendly,0,Undisclosed,0,100,2023-05-12,Preliminary Offer,Rothschild & Co,, ,,, ,,United States,,N.A.,Unnamed Buyer,,,,5941,,France,FR,Consumer Discretionary,Decathlon SA,SPORTING/BIKES,,Russia,,Retail & Whsle - Discretionary,Consumer Discretionary,Retail - Discretionary,Decathlon Store/Russia,,, , , , , , , , ,,,,,,,,,
,, ,234256020, ,2023-05-19,N/A,N/A,N/A,2023-05-19,,RUB,N/A,Asset Sale,TETIS Kepital OOO acquired Nevsky Prospekt/St Petersburg. The transaction was completed on 5/19/2023. Financial terms of the transaction are undisclosed.,Completed,AST,No, ,Friendly,0,Cash,0,100, ,,,, ,,, ,Moscow,Russia,RU,Unclassifiable,TETIS Kepital OOO,, ,N.A., ,,N.A., ,N.A.,, ,,Russia,,Real Estate,Real Estate,REIT,Nevsky Prospekt/St Petersburg,,, , , , , , , , ,,,,,,,,,
,, ,234280057, ,2023-05-23,N/A,N/A,N/A,2023-11-24,,RUB,N/A,Minority Purchase,A consortium led by VTB Bank PJSC announced the acquisition of a minority stake in Nebius Group NV. Financial terms of the transaction are undisclosed.,Withdrawn,INV,No, ,Friendly,0,Undisclosed,0,0,2023-05-23,Preliminary Offer,,, ,,, ,,Russia,,Financials,"VTB Bank PJSC,Potential Buyer",,,, ,7370,N.A., ,N.A.,, ,Schiphol,Russia,NL,Media,Communications,Internet Media & Services,Nebius Group NV,1543,COMPUT PROG, , , , , , , , ,,,,,,,,,
,, ,234374762, ,2023-06-01,N/A,N/A,N/A,2023-06-01,,RUB,N/A,"Company Takeover, Additional Stake Purchase",Mobile TeleSystems PJSC acquired Gulfstream Security Systems JSC. The transaction was completed on 6/1/2023. Financial terms of the transaction are undisclosed.,Completed,M&A,No, ,Friendly,0,Undisclosed,58.380001,41.619999, ,,,, ,,, ,Moscow,Russia,RU,Communications,Mobile TeleSystems PJSC,60388, ,N.A., ,N.A.,N.A., ,N.A.,, ,Moscow,Russia,RU,Industrial Products,Industrials,Electrical Equipment,Gulfstream Security Systems JSC,, , , , , , , , , ,,,,,,,,,
,, ,234390246, ,2023-05-26,N/A,N/A,N/A, ,,RUB,N/A,"Company Takeover, Cross Border",Cie Generale des Etablissements Michelin SCA announced the sale of Spetsialnyye Shiny OOO & Mishlen OOO to Pauer Interneshnl-Metally OOO. The transaction was announced on 5/26/2023 and is currently pending. Financial terms of the transaction are undisclosed.,Pending,M&A,No, ,Friendly,0,Undisclosed,0,100, ,,,, ,,, ,N.A,Russia,RU,Materials,Pauer Interneshnl-Metally OOO,,SECOND NONFERR,3341,N.A.,,France,FR,Consumer Discretionary,Cie Generale des Etablissements Michelin SCA, ,,Russia,,"Consumer Discretionary Products, Consumer Discretionary Products","Consumer Discretionary, Consumer Discretionary","Automotive, Automotive","Mishlen OOO,Spetsialnyye Shiny OOO",,, , , , , , , , ,,,,,,,,,
,, ,234496636, ,2023-06-10,110.88,110.88,1200.0 Mln,2023-07-17,,SEK,117.12,"Cross Border, Asset Sale",Essity AB sold Russian Operations/Essity AB to NEW Technologies LLC for SEK 1200.00M. The transaction was announced on 6/10/2023 and completed on 7/17/2023.,Completed,AST,No, ,Friendly,0,Cash,0,100, ,,JP Morgan,, ,,, ,Sharpsburg,United States,US,Industrials,NEW Technologies LLC,2,BUSINESS SVC,7389,N.A.,,Sweden,SE,Consumer Staples,Essity AB, ,,Russia,,Retail & Whsle - Discretionary,Consumer Discretionary,E-Commerce Discretionary,Russian Operations/Essity AB,,, , , , , , , , ,,,,,,,,,
,Cms Legal, ,234498746, ,2023-05-04,N/A,N/A,N/A,2023-05-04,,RUB,N/A,"Cross Border, Asset Sale",HASSLACHER DRAULAND Holzindustrie GmbH sold Russian location/Malaya Vishera to Gruppa Kompaniy Vologodskiye Lesopromyshlenniki AO. The transaction was completed on 5/4/2023. Financial terms of the transaction are undisclosed.,Completed,AST,No, ,Friendly,0,Cash,0,100, ,,,, ,,, ,Vologda,Russia,RU,Industrials,Gruppa Kompaniy Vologodskiye Lesopromyshlenniki AO,, ,N.A.,2421,,Austria,AT,Materials,HASSLACHER DRAULAND Holzindustrie GmbH,SAW/PLANE MILL,,Russia,,Real Estate,Real Estate,REIT,Russian location/Malaya Vishera,,, , , , , , , , ,,,,,,,,,
,, ,234533546, ,2023-06-15,5.99,5.99,500.0 Mln,2023-06-15,,RUB,5.99,Asset Sale,Starbucks Corp sold Coffee store/Russia to Private Investor for RUB 500.00M. The transaction was completed on 6/15/2023.,Completed,AST,No, ,Friendly,0,Cash,0,100, ,,,, ,,, ,,United States,,N.A.,Private Investor,,,,5810,,United States,US,Consumer Discretionary,Starbucks Corp,EAT/DRINK PLAC,,Russia,,Consumer Staple Products,Consumer Staples,Beverages,Coffee store/Russia,,, , , , , , , , ,,,,,,,,,
,, ,234535777, ,2023-05-19,N/A,N/A,N/A,2023-05-19,,USD,N/A,Minority Purchase,Unnamed Buyer acquired a minority stake in United Co RUSAL International. The transaction was completed on 5/19/2023. Financial terms of the transaction are undisclosed.,Completed,INV,No, ,Friendly,0,Undisclosed,0,0, ,,,, ,,, ,,United States,,N.A.,Unnamed Buyer,,,, ,N.A.,N.A., ,N.A.,, ,Moscow,Russia,RU,Materials,Materials,Metals & Mining,United Co RUSAL International,50895, , , , , , , , , ,,,,,,,,,
,, ,234575350, ,2023-06-06,N/A,N/A,N/A,2023-06-06,,USD,N/A,"Majority Purchase, Cross Border",Awareness Group/The acquired Arbuz Group LLP. The transaction was completed on 6/6/2023. Financial terms of the transaction are undisclosed.,Completed,M&A,No, ,Friendly,0,Undisclosed,0,82, ,,,, ,,, ,Fort Wayne,United States,US,Industrials,Awareness Group/The,,LOAN BROKERS,6163, ,N.A.,N.A., ,N.A.,, , ,Russia,RU,Retail & Wholesale - Staples,Consumer Staples,Retail - Consumer Staples,Arbuz Group LLP,, , , , , , , , , ,,,,,,,,,
,, ,234581929, ,2015-12-07,N/A,N/A,N/A, ,,RUB,N/A,Company Takeover,Rosneft Oil Co PJSC announced the acquisition of Pechora LNG OOO. The transaction was announced on 12/7/2015 and is currently pending. Financial terms of the transaction are undisclosed.,Pending,M&A,No, ,Friendly,0,Undisclosed,0,100, ,,,, ,,, ,Moscow,Russia,RU,Energy,Rosneft Oil Co PJSC,302100, ,N.A., ,N.A.,N.A., ,N.A.,, ,Moscow,Russia,RU,Industrial Services,Industrials,Engineering & Construction,Pechora LNG OOO,, , , , , , , , , ,,,,,,,,,
,, ,234614160, ,2023-06-23,N/A,N/A,N/A, ,,RUB,N/A,Asset Sale,Carlsberg AS announced the sale of Russian business/Carlsberg AS to Unnamed Buyer. The transaction was announced on 6/23/2023 and is currently pending. Financial terms of the transaction are undisclosed.,Pending,AST,No, ,Friendly,0,Cash,0,100, ,,Nomura,Baker & Baker, ,,, ,,United States,,N.A.,Unnamed Buyer,,,,N.A.,,Denmark,DK,Consumer Staples,Carlsberg AS, ,,Russia,,Consumer Staple Products,Consumer Staples,Beverages,Russian business/Carlsberg AS,,, , , , , , , , ,,,,,,,,,
,, ,234709737, ,2023-07-03,N/A,N/A,N/A,2023-07-03,,RUB,N/A,"Cross Border, Asset Sale",Balchug Capital CJSC acquired Pulkovo Sky/St Petersburg. The transaction was completed on 7/3/2023. Financial terms of the transaction are undisclosed.,Completed,AST,No, ,Friendly,0,Cash,0,100, ,,,, ,,, ,Yerevan,Armenia,AM,Financials,Balchug Capital CJSC,, ,N.A., ,,N.A., ,N.A.,, ,,Russia,,Real Estate,Real Estate,REIT,Pulkovo Sky/St Petersburg,,, , , , , , , , ,,,,,,,,,
,, ,234709742, ,2023-07-03,N/A,N/A,N/A,2023-07-03,,RUB,N/A,"Asset Sale, Cross Border",Balchug Capital CJSC acquired Metropolis shopping center/Moscow. The transaction was completed on 7/3/2023. Financial terms of the transaction are undisclosed.,Completed,AST,No, ,Friendly,0,Cash,0,100, ,,,, ,,, ,Yerevan,Armenia,AM,Financials,Balchug Capital CJSC,, ,N.A., ,,N.A., ,N.A.,, ,,Russia,,Real Estate,Real Estate,REIT,Metropolis shopping center/Moscow,,, , , , , , , , ,,,,,,,,,
,, ,234710396, ,2023-07-03,N/A,N/A,N/A,2023-07-03,,RUB,N/A,"Cross Border, Company Takeover",News Outdoor Russia LLC acquired Gelleri Servis OOO. The transaction was completed on 7/3/2023. Financial terms of the transaction are undisclosed.,Completed,M&A,No, ,Friendly,0,Undisclosed,0,100, ,,,, ,,, ,Moscow,United States,RU,Communications,News Outdoor Russia LLC,, ,N.A., ,7311,N.A., ,N.A.,, , ,Russia,RU,Media,Communications,Advertising & Marketing,Gelleri Servis OOO,,ADVERT AGENCY, , , , , , , , ,,,,,,,,,
,, ,234752983, ,2023-07-06,N/A,N/A,N/A,2023-07-06,,RUB,N/A,Majority Purchase,Ros Agro PLC acquired Nizhny Novgorod Oil & Fat Mill. The transaction was completed on 7/6/2023. Financial terms of the transaction are undisclosed.,Completed,M&A,No, ,Friendly,0,Undisclosed,0,50, ,,,, ,,, ,Tambov,Russia,RU,Consumer Staples,Ros Agro PLC,29781, ,N.A., ,N.A.,N.A., ,N.A.,, ,Uryupinsk,Russia,RU,Consumer Staple Products,Consumer Staples,Food,Nizhny Novgorod Oil & Fat Mill,2074, , , , , , , , , ,,,,,,,,,
,, ,234833005, ,2023-07-13,N/A,N/A,N/A,2023-07-13,,RUB,N/A,Majority Purchase,Softline Group acquired Gruppa Borlas OOO. The transaction was completed on 7/13/2023. Financial terms of the transaction are undisclosed.,Completed,M&A,No, ,Friendly,0,Undisclosed,0,50.099998, ,,,, ,,, ,Moscow,Russia,RU,Technology,Softline Group,, ,N.A., ,7371,N.A., ,N.A.,, ,N.A,Russia,RU,Software & Tech Services,Technology,Software,Gruppa Borlas OOO,,PRGRMNG SVC, , , , , , , , ,,,,,,,,,
,, ,234834261, ,2023-07-14,N/A,N/A,N/A,2023-07-14,,JPY,N/A,Asset Sale,Isuzu Motors Ltd sold Production/Russia to Sollers PJSC. The transaction was completed on 7/14/2023. Financial terms of the transaction are undisclosed.,Completed,AST,No, ,Friendly,0,Undisclosed,0,0, ,,,, ,,, ,Moscow,Russia,RU,Consumer Discretionary,Sollers PJSC,35, ,N.A.,N.A.,,Japan,JP,Industrials,Isuzu Motors Ltd, ,,Russia,,Industrial Products,Industrials,Transportation Equipment,Production/Russia,,, , , , , , , , ,,,,,,,,,
,, ,234860554, ,2023-07-17,24.77,24.77,2240.0 Mln,2023-07-17,,RUB,24.77,Asset Sale,MD Medical Holding Ltd acquired 31 Michurinsky Prospekt/Moscow for RUB 2240.00M. The transaction was completed on 7/17/2023.,Completed,AST,No, ,Friendly,0,Cash,0,100, ,,,, ,,, , ,Russia,RU,Health Care,MD Medical Holding Ltd,, ,N.A., ,,N.A., ,N.A.,, ,,Russia,,Health Care,Health Care,Health Care Facilities & Svcs,31 Michurinsky Prospekt/Moscow,,, , , , , , , , ,,,,,,,,,
,, ,234872404, ,2022-02-21,27.8,27.8,27.8 Mln,2022-02-21,,USD,27.8,"Minority Purchase, Financing Round, Cross Border, Venture Capital, Green Deal, Private Equity",A consortium led by Mobile TeleSystems PJSC acquired a minority stake in Shering Technologies OOO. The transaction was completed on 02/21/2022.,Completed,INV,No, ,Friendly,0,Cash,0,0, ,,,, ,,, ,,Russia,,"Communications, Financials, Financials","Mobile TeleSystems PJSC,VPE Investment Management Ltd (Fund: VPE Capital Fund Russia),VEN Ventures LLC",,,, ,N.A.,N.A., ,N.A.,, ,Moscow,Russia,RU,Consumer Discretionary Products,Consumer Discretionary,Automotive,Shering Technologies OOO,, , , , , , , , , ,,,,,,,,,
,, ,235040213, ,2023-08-01,N/A,N/A,N/A,2024-05-02,,RUB,N/A,Company Takeover,PetroNeft Resources PLC announced the acquisition of Granite Construction OOO. Financial terms of the transaction are undisclosed.,Withdrawn,M&A,No, ,Friendly,0,Undisclosed,0,100,2023-08-01,,,, ,,, ,Dublin 2,Russia,IE,Energy,PetroNeft Resources PLC,37, ,N.A., ,N.A.,N.A., ,N.A.,, , ,Russia,RU,Materials,Materials,Construction Materials,Granite Construction OOO,, , , , , , , , , ,,,,,,,,,
,, ,235041610, ,2023-08-02,N/A,N/A,N/A,2023-08-02,,RUB,N/A,Company Takeover,Insight Investment Group LLC acquired Bilantliya AO. The transaction was completed on 8/2/2023. Financial terms of the transaction are undisclosed.,Completed,M&A,No, ,Friendly,0,Cash,0,100, ,,,, ,,, ,Moscow,Russia,RU,Financials,Insight Investment Group LLC,, ,N.A., ,4121,N.A., ,N.A.,, ,Sankt-peterburg,Russia,RU,Industrial Services,Industrials,Transportation & Logistics,Bilantliya AO,,TAXICABS, , , , , , , , ,,,,,,,,,
,, ,235042860, ,2023-08-02,4.4,4.4,4.0 Mln,2023-08-02,,EUR,4.4,"Cross Border, Minority Purchase",SRV Group Oyj sold a minority stake in SRV Development LLC to Geomare Investments Ltd. The transaction was completed on 8/2/2023.,Completed,INV,No, ,Friendly,0,Cash,0,50, ,,,, ,,, , ,Cyprus,CY,Financials,Geomare Investments Ltd,, ,N.A.,N.A.,N.A.,Finland,FI,Industrials,SRV Group Oyj, ,Sankt-peterburg,Russia,US,Real Estate,Real Estate,Real Estate Owners & Developers,SRV Development LLC,, , , , , , , , , ,,,,,,,,,
,, ,235044040, ,2023-08-01,N/A,N/A,N/A, ,,RUB,N/A,"Company Takeover, Asset Sale",X5 Retail Group NV announced the acquisition of Victoria Baltiya LLC & Deshevo Stores/Kaliningrad. The transaction was announced on 8/1/2023 and is currently pending. Financial terms of the transaction are undisclosed.,Pending,AST,No, ,Friendly,0,Cash,0,100, ,,,, ,,, ,Amsterdam,Russia,NL,Consumer Staples,X5 Retail Group NV,498525, ,N.A., ,,N.A., ,N.A.,, ,,Russia,,"Real Estate, Consumer Discretionary Services","Real Estate, Consumer Discretionary","REIT, Leisure Facilities & Services","Victoria Baltiya LLC,Deshevo Stores/Kaliningrad",,, , , , , , , , ,,,,,,,,,
,, ,235074982, ,2023-09-21,834.4,834.4,80000.0 Mln,2023-10-04,,RUB,800,"Asset Sale, Company Takeover, Cross Border",Mondi PLC sold Syktyvkarsky Forestry Enterprise JSC to Sezar Group OOO for RUB 80000.00M. The transaction was announced on 9/21/2023 and completed on 10/4/2023.,Completed,AST,No, ,Friendly,0,Cash,0,100,2023-08-04,,Ernst & Young/Rothschild & Co,Freshfields, ,,, ,Moscow,Russia,RU,Real Estate,Sezar Group OOO,, ,N.A.,N.A.,N.A.,Austria,GB,Materials,Mondi PLC, ,Komi Republic,Russia,RU,Materials,Materials,"Forestry, Paper & Wood Products",Syktyvkarsky Forestry Enterprise JSC,, , , , , , , , , ,,,,,,,,,
,, ,235093693, ,2023-08-07,163.49,163.49,15600.0 Mln,2023-08-10,,RUB,160.37,"Minority Purchase, Cross Border",Eastnine AB sold a minority stake in Melon Fashion Group OAO to GEM Invest LLC. The transaction was announced on 8/7/2023 and completed on 8/10/2023.,Completed,INV,No, ,Friendly,0,Cash,0,36, ,,,, ,,, ,Moscow,Russia,RU,Financials,GEM Invest LLC,, ,N.A.,N.A.,N.A.,Sweden,SE,Real Estate,Eastnine AB, , ,Russia,RU,Consumer Discretionary Products,Consumer Discretionary,Apparel & Textile Products,Melon Fashion Group OAO,, , , , , , , , , ,,,,2023-08-07,,,,,
,, ,235144195, ,2023-08-11,15,15,15.0 Mln,2023-08-01,,USD,15,Asset Sale,Magna International Inc sold Russian assets/Magna International Inc to Unnamed Buyer for USD 15.00M. The transaction was announced on 8/11/2023 and completed on 8/1/2023.,Completed,AST,No, ,Friendly,0,Cash,0,100, ,,,, ,,, ,,United States,,N.A.,Unnamed Buyer,,,,3714,,Canada,CA,Consumer Discretionary,Magna International Inc,VEHICLE PARTS,,Russia,,Consumer Discretionary Products,Consumer Discretionary,Automotive,Russian assets/Magna International Inc,,, , , , , , , , ,,,,,,,,,
,, ,235145087, ,2023-08-11,N/A,N/A,N/A,2023-08-11,,RUB,N/A,"Cross Border, Minority Purchase",Marathon Oil Corp sold a minority stake in Demetra-Holding OOO to Unnamed Buyer. The transaction was completed on 8/11/2023. Financial terms of the transaction are undisclosed.,Completed,INV,No, ,Friendly,0,Undisclosed,0,10.57, ,,,, ,,, ,,United States,,N.A.,Unnamed Buyer,,,,1311,N.A.,United States,US,Energy,Marathon Oil Corp,CRUDE PETR/NG,Moscow,Russia,RU,Consumer Staple Products,Consumer Staples,Food,Demetra-Holding OOO,, , , , , , , , , ,,,,,,,,,
,, ,235184392, ,2023-04-24,N/A,N/A,N/A,2024-08-02,,RUB,N/A,Asset Sale,HUGO BOSS AG sold Russian wholesale business to Stokmann AO/Moscow. The transaction was announced on 4/24/2023 and completed on 8/2/2024. Financial terms of the transaction are undisclosed.,Completed,AST,No, ,Friendly,0,Cash,0,100,2023-08-16,Preliminary Offer,,, ,,, ,Moscow,Russia,RU,Consumer Staples,Stokmann AO/Moscow,,MISC FOOD STOR,5499,N.A.,,Germany,DE,Consumer Discretionary,HUGO BOSS AG, ,,Russia,,Retail & Whsle - Discretionary,Consumer Discretionary,E-Commerce Discretionary,Russian wholesale business,,, , , , , , , , ,,,,,,,,,
,, ,235210964, ,2023-08-18,N/A,N/A,N/A, ,,EUR,N/A,"Cross Border, Asset Sale",Valeo SE announced the sale of Powertrain Systems business/Russia to NPK Avtopribor OOO. The transaction was announced on 8/18/2023 and is currently pending. Financial terms of the transaction are undisclosed.,Pending,AST,No, ,Friendly,0,Undisclosed,0,100, ,,,, ,,, ,Vladimir,Russia,RU,Consumer Discretionary,NPK Avtopribor OOO,, ,N.A.,N.A.,,France,FR,Consumer Discretionary,Valeo SE, ,,Russia,,Media,Communications,Internet Media & Services,Powertrain Systems business/Russia,,, , , , , , , , ,,,,,,,,,
,, ,235276373, ,2023-08-25,10,10,72.9 Mln,2024-05-24,,CNY,10.06,"Majority Purchase, Cross Border",China Minsheng Future Holdings Group Co Ltd sold United New Material Co Ltd to Suzhou Jingmoshen Material Technology Co Ltd for CNY 72.90M. The transaction was announced on 8/25/2023 and completed on 5/24/2024.,Completed,M&A,No, ,Friendly,0,Cash,0,51, ,,,, ,,,5, ,China,CN,Consumer Discretionary,Suzhou Jingmoshen Material Technology Co Ltd,, ,N.A.,N.A.,N.A.,China,CN,Industrials,China Minsheng Future Holdings Group Co Ltd, , ,Russia,RU,Materials,Materials,Chemicals,United New Material Co Ltd,, , , , , , , , , ,,,,,,,,,
,, ,235330322, ,2023-08-25,0,0,1e-06 Mln,2023-08-25,,EUR,0,"Cross Border, Asset Sale",Heineken NV sold Certain assets/Heineken NV to DKK Zao for EUR 0.00M. The transaction was completed on 8/25/2023.,Completed,AST,No, ,Friendly,0,Cash,0,100, ,,,, ,,, ,N.A,Russia,RU,Financials,DKK Zao,,SEC/CMMDTY NEC,6289,N.A.,,Netherlands,NL,Consumer Staples,Heineken NV, ,,Russia,,Consumer Staple Products,Consumer Staples,Beverages,Certain assets/Heineken NV,,, , , , , , , , ,,,,,,,,,
,, ,235405326, ,2023-09-06,N/A,N/A,N/A,2024-03-06,,RUB,N/A,Asset Sale,La Poste SA announced the sale of Russian DPD business/Geopost SA to Potential Buyer. Financial terms of the transaction are undisclosed.,Withdrawn,AST,No, ,Friendly,0,Cash,0,100,2023-09-06,On the Block,,, ,,, ,,United States,,N.A.,Potential Buyer,,,,4311,,France,FR,Industrials,La Poste SA,US POSTAL SVC,,Russia,,Industrial Services,Industrials,Transportation & Logistics,Russian DPD business/Geopost SA,,, , , , , , , , ,,,,,,,,,
,, ,235421943, ,2023-09-07,N/A,N/A,N/A, ,,RUB,N/A,Asset Sale,British American Tobacco PLC announced the sale of Belarusian businesses/British American Tobacco PLC & Russian businesses/British American Tobacco PLC to a consortium led by Management Group. The transaction was announced on 9/7/2023 and is currently pending. Financial terms of the transacti...,Pending,AST,No, ,Friendly,0,Cash,0,100, ,,Citi,, ,,, ,,United States,,Financials,"Management Group,BFI Holding LLC FZ",,,,2111,,United Kingdom,GB,Consumer Staples,British American Tobacco PLC,CIGARETTES,,Russia,,"Consumer Staple Products, Consumer Staple Products","Consumer Staples, Consumer Staples","Tobacco & Cannabis, Tobacco & Cannabis","Russian businesses/British American Tobacco PLC,Belarusian businesses/British American Tobacco PLC",,, , , , , , , , ,,,,,,,,,
,, ,235555850, ,2023-09-20,2.71,2.71,100.0 Mln,2023-09-20,,UAH,2.71,"Private Equity, Financing Round, Venture Capital, Minority Purchase",Private Investor acquired a minority stake in Kyivstar GSM JSC. The transaction was completed on 9/20/2023.,Completed,INV,No, ,Friendly,0,Cash,0,0, ,,,, ,,, ,,United States,,N.A.,Private Investor,,,, ,4899,N.A., ,N.A.,, ,M. Kyiv,Russia,UA,Telecommunications,Communications,Telecommunications,Kyivstar GSM JSC,3800,COMMUN SRV NEC, , , , , , , , ,,,,,,,,,
,, ,235612751, ,2023-09-26,N/A,N/A,N/A,2023-09-26,,RUB,N/A,Asset Sale,Volma OOO acquired Gypsum plant/Kazakhstan. The transaction was completed on 9/26/2023. Financial terms of the transaction are undisclosed.,Completed,AST,No, ,Friendly,0,Cash,0,100, ,,,, ,,, ,N.A,Russia,RU,Materials,Volma OOO,,CONCRETE PROD,3272, ,,N.A., ,N.A.,, ,,Russia,,Media,Communications,Internet Media & Services,Gypsum plant/Kazakhstan,,, , , , , , , , ,,,,,,,,,
,, ,235626557, ,2023-09-27,N/A,N/A,N/A, ,,USD,N/A,"Asset Sale, Cross Border",Binance Holdings Ltd announced the sale of Diversified business/Russia to Commex Technology Ltd. The transaction was announced on 9/27/2023 and is currently pending. Financial terms of the transaction are undisclosed.,Pending,AST,No, ,Friendly,0,Cash,0,100, ,,,, ,,, ,Mumbai,India,IN,Technology,Commex Technology Ltd,4, ,N.A.,N.A.,,China,KY,Industrials,Binance Holdings Ltd, ,,Russia,,Financial Services,Financials,Specialty Finance,Diversified business/Russia,,, , , , , , , , ,,,,,,,,,
,, ,235653590, ,2023-09-29,N/A,N/A,N/A,2024-03-29,,RUB,N/A,"Company Takeover, Cross Border",Intesa Sanpaolo SpA announced the sale of Bank Intesa AO to Potential Buyer. Financial terms of the transaction are undisclosed.,Withdrawn,M&A,No, ,Friendly,0,Undisclosed,0,100,2023-09-29,Negotiation,,, ,,, ,,United States,,N.A.,Potential Buyer,,,,6021,6021,Italy,IT,Financials,Intesa Sanpaolo SpA,NATL COML BANK,Moscow,Russia,RU,Banking,Financials,Banking,Bank Intesa AO,976,NATL COML BANK, , , , , , , , ,,,,,,,,,
,, ,235655363, ,2023-09-01,9.55,9.55,920.48 Mln, ,,RUB,11.18,Majority Purchase,Vimpel-Communications PJSC announced the acquisition of CDN-VIDEO LLC for RUB 920.48M. The transaction was announced on 9/1/2023 and is currently pending.,Pending,M&A,No, ,Friendly,0,Cash,0,95, ,,,, ,,, ,Moscow,Russia,RU,Communications,Vimpel-Communications PJSC,21378,RADIOPHONE COM,4812, ,N.A.,N.A., ,N.A.,, ,Moscow,Russia,RU,Software & Tech Services,Technology,IT Services,CDN-VIDEO LLC,, , , , , , , , , ,,,,,,,,,
,, ,235745157, ,2023-10-05,N/A,N/A,N/A, ,,RUB,N/A,Asset Sale,Konsalt AO announced the acquisition of 2 observation & imaging satellites. The transaction was announced on 10/5/2023 and is currently pending. Financial terms of the transaction are undisclosed.,Pending,AST,No, ,Friendly,0,Cash,0,100, ,,,, ,,, ,Moscow,Russia,RU,Technology,Konsalt AO,, ,N.A., ,,N.A., ,N.A.,, ,,Russia,,Media,Communications,Cable & Satellite,2 observation & imaging satellites,,, , , , , , , , ,,,,,,,,,
,, ,235871422, ,2023-10-17,N/A,N/A,N/A, ,,RUB,N/A,"Minority Purchase, Company Takeover",Lenta International Co PJSC announced the acquisition of a minority stake in Monetka-Finans. The transaction was announced on 10/17/2023 and is currently pending. Financial terms of the transaction are undisclosed.,Pending,M&A,No, ,Friendly,0,Cash and Debt,0,0, ,,,, ,,, ,Saint Petersburg,Russia,RU,Consumer Staples,Lenta International Co PJSC,66700,NONWEAVE FAB,2297, ,N.A.,N.A., ,N.A.,, ,N.A,Russia,RU,Retail & Wholesale - Staples,Consumer Staples,Retail - Consumer Staples,Monetka-Finans,, , , , , , , , , ,,,,,,,,,
,, ,235926170, ,2023-10-24,N/A,N/A,N/A,2023-10-24,,RUB,N/A,Company Takeover,Blago Group acquired Donmasloprodukt ZAO. The transaction was completed on 10/24/2023. Financial terms of the transaction are undisclosed.,Completed,M&A,No, ,Friendly,0,Undisclosed,0,100, ,,,, ,,, ,N.A,Russia,RU,Consumer Staples,Blago Group,, ,N.A., ,2079,N.A., ,N.A.,, ,N.A,Russia,RU,Consumer Staple Products,Consumer Staples,Food,Donmasloprodukt ZAO,,EDIBLE FAT/OIL, , , , , , , , ,,,,,,,,,
,, ,235954816, ,2023-10-23,N/A,N/A,N/A,2024-04-23,,EUR,N/A,"Cross Border, Minority Purchase, Private Equity, PE Seller",European Bank for Reconstruction & Development announced the sale of a minority stake in Moscow Exchange MICEX-RTS PJSC to Softline Trade CJSC. Financial terms of the transaction are undisclosed.,Withdrawn,INV,No, ,Friendly,0,Undisclosed,0,5.3,2023-10-23,Preliminary Offer,,, ,,, ,Moscow,Russia,RU,Technology,Softline Trade CJSC,10665,DURABLE GOODS,5099,N.A.,6231,N.A.,GB,Government,European Bank for Reconstruction & Development, ,Moscow,Russia,RU,Financial Services,Financials,Institutional Financial Svcs,Moscow Exchange MICEX-RTS PJSC,3771,SEC EXCHANGES, , , , , , , , ,,,,,,,,,
,, ,236024314, ,2023-10-31,N/A,N/A,N/A, ,,EUR,N/A,"Cross Border, Asset Sale",Valeo SE announced the sale of Russian Thermal Systems Business/ Valeo to NPK Avtopribor OOO. The transaction was announced on 10/31/2023 and is currently pending. Financial terms of the transaction are undisclosed.,Pending,AST,No, ,Friendly,0,Undisclosed,0,100, ,,,, ,,, ,Vladimir,Russia,RU,Consumer Discretionary,NPK Avtopribor OOO,, ,N.A.,N.A.,,France,FR,Consumer Discretionary,Valeo SE, ,,Russia,,Industrial Products,Industrials,Electrical Equipment,Russian Thermal Systems Business/ Valeo,,, , , , , , , , ,,,,,,,,,
,, ,236346650, ,2023-11-30,N/A,N/A,N/A,2023-11-27,,RUB,N/A,"Private Equity, Majority Purchase, Cross Border",Hive LLC/The acquired a minority stake in T.One LLC. The transaction was announced on 11/30/2023 and completed on 11/27/2023.,Completed,M&A,No, ,Friendly,0,Cash,0,50.099998, ,,,, ,,, ,Palo Alto,United States,US,Financials,Hive LLC/The,, ,N.A., ,N.A.,N.A., ,N.A.,, ,Moscow,Russia,RU,Software & Tech Services,Technology,Software,Gruppa T-1 AO,, , , , , , , , , ,,,,,,,,,
,, ,236547434, ,2023-12-14,N/A,N/A,N/A,2023-12-14,,RUB,N/A,Company Takeover,J&T Finance Group SE sold J&T Bank Zao to Unnamed Buyer. The transaction was completed on 12/14/2023. Financial terms of the transaction are undisclosed.,Completed,M&A,No, ,Friendly,0,Undisclosed,0,100, ,,,, ,,, ,,United States,,N.A.,Unnamed Buyer,,,,N.A.,6021,Czech Republic,CZ,Financials,J&T Finance Group SE, , ,Russia,RU,Banking,Financials,Banking,J&T Bank Zao,,NATL COML BANK, , , , , , , , ,,,,,,,,,
,, ,236582068, ,2023-12-19,N/A,N/A,N/A,2023-12-19,,RUB,N/A,Minority Purchase,MMC Norilsk Nickel PJSC acquired a minority stake in RNK-Kholding OOO. The transaction was completed on 12/19/2023. Financial terms of the transaction are undisclosed.,Completed,INV,No, ,Friendly,0,Undisclosed,0,0, ,,,, ,,, ,Moscow,Russia,RU,Materials,MMC Norilsk Nickel PJSC,, ,N.A., ,N.A.,N.A., ,N.A.,, , ,Russia,RU,Materials,Materials,Steel,RNK-Kholding OOO,, , , , , , , , , ,,,,,,,,,
,, ,236591644, ,2023-12-19,N/A,N/A,N/A,2024-06-19,,EUR,N/A,"Cross Border, Asset Sale","With no further information disclosed, this proposal has been withdrawn on 06/19/2024. Robert Bosch Stiftung GmbH proposed to sell Factory assets/Russia to Can Holding AS. The transaction was proposed on 12/19/2023. Financial terms of the transaction are unknown.",Withdrawn,AST,No, ,Friendly,0,Cash,0,100,2023-12-19,Negotiation,,, ,,, ,Istanbul,Turkey,TR,Financials,Can Holding AS,, ,N.A.,8399,,Germany,DE,Consumer Discretionary,Robert Bosch Stiftung GmbH,SOCIAL SVC NEC,,Russia,,Real Estate,Real Estate,REIT,Factory assets/Russia,,, , , , , , , , ,,,,,,,,,
,, ,236592388, ,2023-12-19,N/A,N/A,N/A, ,,RUB,N/A,"Cross Border, Company Takeover",Anheuser-Busch InBev SA/NV announced the sale of AB InBev Efes JSC to Anadolu Efes Biracilik Ve Malt Sanayii AS. The transaction was announced on 12/19/2023 and is currently pending. Financial terms of the transaction are undisclosed.,Pending,M&A,No, ,Friendly,0,Undisclosed,0,100, ,,,Cleary Gottlieb, ,,, ,Istanbul,Turkey,TR,Consumer Staples,Anadolu Efes Biracilik Ve Malt Sanayii AS,15885, ,N.A.,2082,N.A.,Belgium,BE,Consumer Staples,Anheuser-Busch InBev SA/NV,MALT BEVERAGES,N.A,Russia,RU,Consumer Staple Products,Consumer Staples,Beverages,AB InBev Efes JSC,, , , , , , , , , ,,,,,,,,,
,, ,236592512, ,2023-12-19,N/A,N/A,N/A, ,,EUR,N/A,"Asset Sale, Cross Border",Robert Bosch GmbH announced the sale of Robert Bosc's factories/Strelna to Can Holding AS. The transaction was announced on 12/19/2023 and is currently pending. Financial terms of the transaction are undisclosed.,Pending,AST,No, ,Friendly,0,Cash,0,100, ,,,, ,,, ,Istanbul,Turkey,TR,Financials,Can Holding AS,, ,N.A.,3714,,Germany,DE,Consumer Discretionary,Robert Bosch GmbH,VEHICLE PARTS,,Russia,,Consumer Discretionary Products,Consumer Discretionary,Home & Office Products,Robert Bosc's factories/Strelna,,, , , , , , , , ,,,,,,,,,
,, ,236592955, ,2023-12-19,0,0,0.01 Mln,2024-01-26,,RUB,0,"Majority Purchase, Cross Border",Hyundai Motor Co sold Hyundai Motor Manufacturing Russia LLC to Art-Finance LLC for RUB 0.01M. The transaction was announced on 12/19/2023 and completed on 1/26/2024.,Completed,M&A,No, ,Friendly,0,Cash,0,70, ,,,Yulchon, ,,, ,Moscow,Russia,RU,Financials,Art-Finance LLC,, ,N.A.,N.A.,3711,South Korea,KR,Consumer Discretionary,Hyundai Motor Co, ,Sestroretsk,Russia,RU,Consumer Discretionary Products,Consumer Discretionary,Automotive,Hyundai Motor Manufacturing Russia LLC,,VEHIC/CAR BODY, , , , , , , , ,,,,,,,,2023-12-19,
,, ,236593655, ,2023-12-19,N/A,N/A,N/A,2023-12-19,,USD,N/A,"Company Takeover, Cross Border",A consortium led by Oleg Deripaska Family acquired Rasperia Trading Ltd. The transaction was completed on 12/19/2023. Financial terms of the transaction are undisclosed.,Completed,M&A,No, ,Friendly,0,Undisclosed,0,100, ,,,, ,,, ,,France,,"Communications, Industrials","iliad SA,Oleg Deripaska Family",,,, ,6799,N.A., ,N.A.,, , ,Russia,RU,Financial Services,Financials,Asset Management,Rasperia Trading Ltd,,MISC INVSTRS, , , , , , , , ,,,,,,,,,
,, ,236648305, ,2023-12-22,3.7,3.7,3.7 Mln,2023-12-22,,USD,3.7,"Financing Round, Private Equity, Venture Capital, Minority Purchase",Unnamed Buyer acquired a minority stake in Kosmik ZAO. The transaction was completed on 12/22/2023.,Completed,INV,No, ,Friendly,0,Cash,0,0, ,,,, ,,, ,,United States,,N.A.,Unnamed Buyer,,,, ,5999,N.A., ,N.A.,, ,Moscow,Russia,RU,Software & Tech Services,Technology,Software,Kosmik ZAO,,MISC RTAIL NEC, , , , , , , , ,,,,,,,,,
,, ,236673886, ,2023-12-22,N/A,5390.69,N/A, ,,RUB,N/A,"Cross Border, Majority Purchase",Media Services LLC announced the acquisition of Rostelecom PJSC for RUB 497755.00M. The transaction was announced on 12/22/2023 and is currently pending.,Pending,M&A,No, ,Friendly,497755,Undisclosed,0,51, ,,,, ,,, ,Farmington,United States,US,Industrials,Media Services LLC,22,BUSINESS SVC,7389, ,4813,N.A., ,N.A.,, ,Moscow,Russia,RU,Telecommunications,Communications,Telecommunications,Rostelecom PJSC,,PHONE NO  RADI, , , , ,2.66,2.33,0.86,0.45,,,,,,,,,
,White & Case LLP, ,236687653, ,2021-04-23,N/A,N/A,N/A,2021-10-04,,RUB,N/A,Company Takeover,Sibur Holding PAO acquired TAIF AO. The transaction was announced on 4/23/2021 and completed on 10/4/2021. Financial terms of the transaction are undisclosed.,Completed,M&A,No, ,Friendly,0,Stock,0,100, ,,,, ,,, ,Moscow,Russia,RU,Materials,Sibur Holding PAO,,CRUDE PETR/NG,1311, ,N.A.,N.A., ,N.A.,, ,Kazan,Russia,RU,Financial Services,Financials,Asset Management,TAIF AO,, , , , , , , , , ,2021-06-01,,2021-10-01,2021-07-20,,,,,
,, ,236836986, ,2024-01-10,N/A,N/A,N/A,2024-01-10,,RUB,N/A,"Cross Border, Asset Sale",Ventall Terminals Sia sold Portfolio of 2 Assets/Kaluga to Severstal PAO. The transaction was completed on 1/10/2024. Financial terms of the transaction are undisclosed.,Completed,AST,No, ,Friendly,0,Cash,0,100, ,,,, ,,, ,Cherepovets,Russia,RU,Materials,Severstal PAO,, ,N.A.,4226,,Latvia,LV,Industrials,Ventall Terminals Sia,WAREHOUSE SPCL,,Russia,,Industrial Products,Industrials,Industrial Intermediate Prod,Portfolio of 2 Assets/Kaluga,,, , , , , , , , ,,,,,,,,,
,, ,236877240, ,2024-01-15,N/A,N/A,N/A, ,,RUB,N/A,Majority Purchase,Mobile TeleSystems PJSC announced the acquisition of Shering Technologies OOO. The transaction was announced on 1/15/2024 and is currently pending. Financial terms of the transaction are undisclosed.,Pending,M&A,No, ,Friendly,0,Undisclosed,0,79.900002, ,,,, ,,, ,Moscow,Russia,RU,Communications,Mobile TeleSystems PJSC,60388, ,N.A., ,N.A.,N.A., ,N.A.,, ,Moscow,Russia,RU,Consumer Discretionary Products,Consumer Discretionary,Automotive,Shering Technologies OOO,, , , , , , , , , ,,,,,,,,,
,, ,237018064, ,2024-01-29,N/A,N/A,N/A,2024-01-29,,OMR,N/A,"Minority Purchase, Cross Border",Mars Development & Investment LLC acquired a minority stake in Solidcore Resources PLC. The transaction was completed on 1/29/2024. Financial terms of the transaction are undisclosed.,Completed,INV,No, ,Friendly,0,Undisclosed,0,0, ,,,, ,,, ,Muscat,Oman,OM,Financials,Mars Development & Investment LLC,, ,N.A., ,N.A.,N.A., ,N.A.,, ,G.astana,Russia,KZ,Materials,Materials,Metals & Mining,Solidcore Resources PLC,3884, , , , , , , , , ,,,,,,,,,
,, ,237033041, ,2024-01-30,N/A,N/A,N/A, ,,RUB,N/A,Asset Sale,Inpex Corp announced the sale of Russian Oil Project/Siberia to ITOCHU Corp. The transaction was announced on 1/30/2024 and is currently pending. Financial terms of the transaction are undisclosed.,Pending,AST,No, ,Friendly,0,Cash,0,0, ,,,, ,,, ,Osaka,Japan,JP,Consumer Staples,ITOCHU Corp,114570,METAL SVC CNTR,5051,N.A.,,Japan,JP,Energy,Inpex Corp, ,,Russia,,Consumer Staple Products,Consumer Staples,Food,Russian Oil Project/Siberia,,, , , , , , , , ,,,,,,,,,
,, ,237132186, ,2025-04-23,N/A,N/A,N/A,2025-04-23,,RUB,N/A,"Cross Border, Minority Purchase",Glencore PLC sold a minority stake in RussNeft PJSC to OCN International Dmcc. The transaction was completed on 4/23/2025. Financial terms of the transaction are undisclosed.,Completed,INV,No, ,Friendly,0,Undisclosed,0,16.33,2024-02-06,On the Block,,, ,,, ,Dubai,United Arab Emirates,AE,Financials,OCN International Dmcc,, ,N.A.,N.A.,1311,Australia,CH,Materials,Glencore PLC, ,Moscow,Russia,RU,Oil & Gas,Energy,Oil & Gas Supply Chain,RussNeft PJSC,5808,CRUDE PETR/NG, , , , , , , , ,,,,,,,,,
,, ,237267664, ,2024-02-15,N/A,N/A,N/A,2024-02-15,,RUB,N/A,"Minority Purchase, Cross Border",Mercedes-Benz Group AG sold a minority stake in Kamaz PJSC to Unnamed Buyer. The transaction was completed on 2/15/2024. Financial terms of the transaction are undisclosed.,Completed,INV,No, ,Friendly,0,Undisclosed,0,15, ,,,, ,,, ,,United States,,N.A.,Unnamed Buyer,,,,N.A.,N.A.,Germany,DE,Consumer Discretionary,Mercedes-Benz Group AG, ,Tatarstan,Russia,RU,Industrial Products,Industrials,Transportation Equipment,Kamaz PJSC,, , , , , , , , , ,,,,,,,,,
,, ,237304885, ,2024-02-20,N/A,N/A,N/A, ,,RUB,N/A,Company Takeover,X5 Retail Group NV announced the acquisition of Iks 5 Dlya Biznesa OOO. The transaction was announced on 2/20/2024 and is currently pending. Financial terms of the transaction are undisclosed.,Pending,M&A,No, ,Friendly,0,Undisclosed,0,100, ,,,, ,,, ,Amsterdam,Russia,NL,Consumer Staples,X5 Retail Group NV,498525, ,N.A., ,N.A.,N.A., ,N.A.,, ,Ufa,Russia,RU,Health Care,Health Care,Health Care Facilities & Svcs,Iks 5 Dlya Biznesa OOO,, , , , , , , , , ,,,,2024-02-20,,,,,
,, ,237322321, ,2024-02-21,191.69,191.69,17700.0 Mln,2024-08-21,,RUB,191.69,Asset Sale,Danone SA announced the sale of Russian operations/Danone to Potential Buyer for RUB 17700.00M.,Withdrawn,AST,No, ,Friendly,0,Cash,0,100,2024-02-21,Preliminary Offer,,, ,,, ,,United States,,N.A.,Potential Buyer,,,,N.A.,,France,FR,Consumer Staples,Danone SA, ,,Russia,,Consumer Staple Products,Consumer Staples,Food,Russian operations/Danone,,, , , , , , , , ,,,,,,,,,
,, ,237324457, ,2024-02-21,9.73,9.73,9.0 Mln,2024-02-21,,EUR,9.73,Asset Sale,Wienerberger AG sold Russian operations/Wienerberger AG to Private Investor for EUR 9.00M. The transaction was completed on 2/21/2024.,Completed,AST,No, ,Friendly,0,Cash,0,100, ,,,, ,,, ,,United States,,N.A.,Private Investor,,,,N.A.,,Austria,AT,Materials,Wienerberger AG, ,,Russia,,Industrial Services,Industrials,Engineering & Construction,Russian operations/Wienerberger AG,,, , , , , , , , ,,,,,,,,,
,, ,237337917, ,2024-02-22,N/A,N/A,N/A,2024-02-22,,RUB,N/A,"Cross Border, Asset Sale",AGC Inc sold Bor Glass Factory/Russia & Klin Glass Factory/Russia to Adamant Holding ZAO. The transaction was completed on 2/22/2024. Financial terms of the transaction are undisclosed.,Completed,AST,No, ,Friendly,0,Undisclosed,0,100, ,,Ernst & Young,, ,,, , ,Russia,RU,Real Estate,Adamant Holding ZAO,, ,N.A.,N.A.,,Japan,JP,Materials,AGC Inc, ,,Russia,,"Real Estate, Real Estate","Real Estate, Real Estate","REIT, REIT","Bor Glass Factory/Russia,Klin Glass Factory/Russia",,, , , , , , , , ,,,,,,,,,
,, ,237348524, ,2024-02-23,N/A,N/A,N/A,2024-08-23,,USD,N/A,Company Takeover,Private Investor announced the acquisition of Brooklyn Nets. Financial terms of the transaction are undisclosed.,Withdrawn,M&A,No, ,Friendly,0,Cash,0,100,2024-02-23,Strategic Alt Review,,, ,,, ,,United States,,N.A.,Private Investor,,,, ,7941,N.A., ,N.A.,, ,Brooklyn,Russia,US,Consumer Discretionary Services,Consumer Discretionary,Leisure Facilities & Services,Brooklyn Nets,,SPORTS CLUB, , , , , , , , ,,,,,,,,,
,, ,237411882, ,2024-02-28,N/A,N/A,N/A,2024-02-28,,RUB,N/A,"Company Takeover, Cross Border",AGC Inc sold KSZ OOO to Private Investor. The transaction was completed on 2/28/2024. Financial terms of the transaction are undisclosed.,Completed,M&A,No, ,Friendly,0,Undisclosed,0,100, ,,,, ,,, ,,United States,,N.A.,Private Investor,,,,N.A.,3229,Japan,JP,Materials,AGC Inc, ,Spas-Zaulok S.,Russia,RU,Materials,Materials,Containers & Packaging,KSZ OOO,,GLASS PRESS/BL, , , , , , , , ,,,,,,,,,
,, ,237411895, ,2024-02-28,N/A,N/A,N/A,2024-02-28,,RUB,N/A,"Cross Border, Company Takeover",AGC Inc sold AGC Bor Glassworks JSC to Private Investor. The transaction was completed on 2/28/2024. Financial terms of the transaction are undisclosed.,Completed,M&A,No, ,Friendly,0,Undisclosed,0,100, ,,,, ,,, ,,United States,,N.A.,Private Investor,,,,N.A.,N.A.,Japan,JP,Materials,AGC Inc, ,Bor,Russia,RU,Consumer Discretionary Products,Consumer Discretionary,Automotive,AGC Bor Glassworks JSC,1122, , , , , , , , , ,,,,,,,,,
,, ,237648652, ,2024-03-18,N/A,N/A,N/A,2024-03-18,,RUB,N/A,"Cross Border, Minority Purchase",Foraco International SA sold a minority stake in Eurasia Drilling Co Ltd to Unnamed Buyer. The transaction was completed on 3/18/2024. Financial terms of the transaction are undisclosed.,Completed,INV,No, ,Friendly,0,Undisclosed,0,50, ,,,, ,,, ,,United States,,N.A.,Unnamed Buyer,,,,1381,N.A.,France,FR,Materials,Foraco International SA,DRILL OIL/GA,Nicosia,Russia,CY,Oil & Gas,Energy,Oil & Gas Services & Equip,Eurasia Drilling Co Ltd,17765, , , , , , , , , ,,,,,,,,,
,, ,237679782, ,2024-03-14,N/A,N/A,N/A,2024-09-16,,RUB,N/A,"Merger of Equals, Company Takeover",TCS Group Holding PLC announced the acquisition of Rosbank PJSC. Financial terms of the transaction are undisclosed.,Withdrawn,M&A,No, ,Friendly,0,Undisclosed,0,100,2024-03-14,,,, ,,, ,Vladivostok,Russia,RU,Financials,TCS Group Holding PLC,64857, ,N.A., ,N.A.,N.A., ,N.A.,, ,Moscow,Russia,RU,Banking,Financials,Banking,Rosbank PJSC,, , , , , , , , , ,,,,,,,,,
,, ,237734465, ,2024-03-25,N/A,N/A,N/A,2024-03-25,,USD,N/A,Company Takeover,Alikson Group LLC acquired Apart Sharing LLC. The transaction was completed on 3/25/2024. Financial terms of the transaction are undisclosed.,Completed,M&A,No, ,Friendly,0,Undisclosed,0,100, ,,,, ,,, ,Moscow,Russia,RU,Energy,Alikson Group LLC,, ,N.A., ,N.A.,N.A., ,N.A.,, ,Khabarovsk,Russia,RU,Software & Tech Services,Technology,Software,Apart Sharing LLC,, , , , , , , , , ,,,,,,,,,
,, ,237825368, ,2024-04-01,N/A,N/A,N/A, ,,RUB,N/A,"Minority Purchase, Cross Border",Solar Group entity LLC announced the acquisition of a minority stake in Secure-T LLC. The transaction was announced on 4/1/2024 and is currently pending. Financial terms of the transaction are undisclosed.,Pending,INV,No,2024-03-28,Friendly,0,Cash,0,28.57, ,,,, ,,, , ,Denmark,DK,Technology,Solar Group entity LLC,, ,N.A., ,N.A.,N.A., ,N.A.,, , ,Russia,RU,Software & Tech Services,Technology,IT Services,Secure-T LLC,, , , , , , , , , ,,,,,,,,,
,, ,237843967, ,2024-04-02,N/A,N/A,N/A, ,,RUB,N/A,"Additional Stake Purchase, Option Agreement",Softline Group announced the acquisition of Gruppa Borlas OOO. The transaction was announced on 4/2/2024 and is currently pending. Financial terms of the transaction are undisclosed.,Pending,INV,No, ,Friendly,0,Undisclosed,50.099998,44.900002, ,,,, ,,, ,Moscow,Russia,RU,Technology,Softline Group,, ,N.A., ,7371,N.A., ,N.A.,, ,N.A,Russia,RU,Software & Tech Services,Technology,Software,Gruppa Borlas OOO,,PRGRMNG SVC, , , , , , , , ,,,,,,,,,
,, ,237895742, ,2024-04-08,N/A,N/A,N/A,2024-04-13,,RUB,N/A,Asset Sale,Viciunai Uab announced the sale of Kaliningrad exclave/Russia to Private Investor. The transaction was announced on 4/8/2024 and is expected to be completed by 4/13/2024. Financial terms of the transaction are undisclosed.,Pending,AST,No, ,Friendly,0,Cash,0,100, ,,,, ,,, ,,United States,,N.A.,Private Investor,,,,4212,,Lithuania,LT,Industrials,Viciunai Uab,LOCL TRK NO ST,,Russia,,Real Estate,Real Estate,REIT,Kaliningrad exclave/Russia,,, , , , , , , , ,,,,,,,,,
,, ,237923244, ,2024-04-10,N/A,N/A,N/A,2024-04-10,,EUR,N/A,"Cross Border, Minority Purchase",Enel SpA sold a minority stake in Rusenergosbyt OOO to Rusenergosbyt OOO. The transaction was completed on 4/10/2024. Financial terms of the transaction are undisclosed.,Completed,INV,No, ,Friendly,0,Undisclosed,0,49.5, ,,,, ,,, ,Moscow,Russia,RU,Energy,Rusenergosbyt OOO,, ,N.A.,4911,N.A.,Italy,IT,Utilities,Enel SpA,ELECTRIC SVC,Moscow,Russia,RU,Renewable Energy,Energy,Renewable Energy,Rusenergosbyt OOO,, , , , , , , , , ,,,,,,,,,
,, ,237941388, ,2024-04-09,N/A,N/A,13.0/sh.,2024-10-01,,USD,N/A,"Cross Border, Tender Offer, Minority Purchase",Cravos Investments Ltd announced the acquisition of a minority stake in X5 Retail Group NV. The transaction was announced on 4/9/2024 and is expected to be completed by 10/1/2024. Financial terms of the transaction are undisclosed.,Pending,INV,No, ,Friendly,0,Cash,0,0, ,,,, ,,, ,Dubai,United Arab Emirates,AE,Financials,Cravos Investments Ltd,, ,N.A., ,N.A.,N.A., ,N.A.,, ,Amsterdam,Russia,NL,Retail & Wholesale - Staples,Consumer Staples,Retail - Consumer Staples,X5 Retail Group NV,498525, , , , , , , , , ,,,,,,,,,
,, ,238003831, ,2024-04-18,N/A,N/A,N/A,2024-04-18,,EUR,N/A,Additional Stake Purchase,Delo Group acquired Global Ports Investments PLC. The transaction was completed on 4/18/2024. Financial terms of the transaction are undisclosed.,Completed,INV,No, ,Friendly,0,Undisclosed,61.5,29.76, ,,,, ,,, ,Moscow,Russia,RU,Industrials,Delo Group,, ,N.A., ,N.A.,N.A., ,N.A.,, ,Limassol,Russia,CY,Industrial Services,Industrials,Transportation & Logistics,Global Ports Investments PLC,2, , , , , , , , , ,,,,,,,,,
,, ,238019106, ,2024-04-19,N/A,N/A,N/A,2024-09-11,,RUB,N/A,Asset Sale,Purmo Group Oyj sold Russian Business/Purmo Group Oyj to Unnamed Buyer. The transaction was announced on 4/19/2024 and completed on 9/11/2024. Financial terms of the transaction are undisclosed.,Completed,AST,No, ,Friendly,0,Cash,0,100, ,,,, ,,, ,,United States,,N.A.,Unnamed Buyer,,,,N.A.,,Finland,FI,Industrials,Purmo Group Oyj, ,,Russia,,Materials,Materials,Steel,Russian Business/Purmo Group Oyj,,, , , , , , , , ,,,,,,,,,
,, ,238020102, ,2024-04-19,N/A,N/A,N/A,2024-04-19,,RUB,N/A,"Cross Border, Company Takeover",Viciunu Grupe Uab sold Vichi-Rus OOO to UK Gruppa Okean AO. The transaction was completed on 4/19/2024. Financial terms of the transaction are undisclosed.,Completed,M&A,No, ,Friendly,0,Undisclosed,0,100, ,,,, ,,, ,Sankt-peterburg,Russia,RU,Financials,UK Gruppa Okean AO,, ,N.A.,6719,2091,Lithuania,LT,Financials,Viciunu Grupe Uab,HOLDING CO NEC,Sovetsk,Russia,RU,Consumer Staple Products,Consumer Staples,Food,Vichi-Rus OOO,,CAN/CURE SEAFD, , , , , , , , ,,,,,,,,,
,, ,238062531, ,2024-04-15,N/A,N/A,N/A,2024-04-12,,RUB,N/A,"Cross Border, Company Takeover",Aumarche SAS sold Akvarel OOO / Moscow Verkhnyaya Krasnoselskaya to Trade Galleries OOO. The transaction was announced on 4/15/2024 and completed on 4/12/2024. Financial terms of the transaction are undisclosed.,Completed,M&A,No, ,Friendly,0,Undisclosed,0,100, ,,,, ,,, ,Moscow,Russia,RU,Financials,Trade Galleries OOO,, ,N.A.,N.A.,6519,France,FR,Consumer Staples,Aumarche SAS, ,Moscow,Russia,RU,Real Estate,Real Estate,Real Estate Services,Akvarel OOO / Moscow Verkhnyaya Krasnoselskaya,,REAL PROP LESS, , , , , , , , ,,,,,,,,,
,, ,238096631, ,2024-04-26,N/A,N/A,N/A,2024-04-26,,RUB,N/A,Asset Sale,X5 Retail Group NV acquired Nice Ice ready-to-eat food business/Leningrad. The transaction was completed on 4/26/2024. Financial terms of the transaction are undisclosed.,Completed,AST,No, ,Friendly,0,Cash,0,100, ,,,, ,,, ,Amsterdam,Russia,NL,Consumer Staples,X5 Retail Group NV,498525, ,N.A., ,,N.A., ,N.A.,, ,,Russia,,Consumer Discretionary Services,Consumer Discretionary,Leisure Facilities & Services,Nice Ice ready-to-eat food business/Leningrad,,, , , , , , , , ,,,,,,,,,
,, ,238115173, ,2024-04-27,N/A,N/A,N/A,2024-04-27,,RUB,N/A,Company Takeover,Demetra-Holding OOO acquired Siam Consalting OOO. The transaction was completed on 4/27/2024. Financial terms of the transaction are undisclosed.,Completed,M&A,No, ,Friendly,0,Cash,0,100, ,,,, ,,, ,Moscow,Russia,RU,Consumer Staples,Demetra-Holding OOO,, ,N.A., ,N.A.,N.A., ,N.A.,, ,N.A,Russia,RU,Software & Tech Services,Technology,IT Services,Siam Consalting OOO,, , , , , , , , , ,,,,,,,,,
,, ,238195025, ,2025-04-07,N/A,N/A,N/A,2025-04-07,,RUB,N/A,"Cross Border, Company Takeover",Home Capital Colombia SAS sold Home Credit & Finance Bank OOO to Sovcombank PJSC. The transaction was completed on 4/7/2025. Financial terms of the transaction are undisclosed.,Completed,M&A,No, ,Friendly,0,Undisclosed,0,100,2024-05-03,Preliminary Offer,,, ,,, ,Kostroma,Russia,RU,Financials,Sovcombank PJSC,35115,NATL COML BANK,6021,N.A.,N.A.,Colombia,CO,Real Estate,Home Capital Colombia SAS, ,Moscow,Russia,RU,Banking,Financials,Banking,Home Credit & Finance Bank OOO,, , , , , , , , , ,,,,,,,,,
,, ,238196825, ,2024-05-04,N/A,N/A,N/A,2024-05-04,,RUB,N/A,Minority Purchase,VK IPJSC acquired a minority stake in Intikets OOO. The transaction was completed on 5/4/2024. Financial terms of the transaction are undisclosed.,Completed,INV,No, ,Friendly,0,Undisclosed,0,40, ,,,, ,,, ,Sankt-peterburg,Russia,RU,Communications,VK IPJSC,,AMUSEMENT SVC,7999, ,N.A.,N.A., ,N.A.,, ,N.A,Russia,RU,Software & Tech Services,Technology,Software,Intikets OOO,, , , , , , , , , ,,,,,,,,,
,, ,238209089, ,2024-05-06,N/A,N/A,N/A,2024-05-06,,USD,N/A,"Cross Border, Company Takeover",Manitou BF SA acquired Dezz OAO. The transaction was completed on 5/6/2024. Financial terms of the transaction are undisclosed.,Completed,M&A,No, ,Friendly,0,Undisclosed,0,100, ,,,, ,,, ,Ancenis,France,FR,Industrials,Manitou BF SA,6101, ,N.A., ,1731,N.A., ,N.A.,, ,N.A,Russia,RU,Industrial Services,Industrials,Engineering & Construction,Dezz OAO,,ELECTRICAL WRK, , , , , , , , ,,,,,,,,,
,, ,238405999, ,2024-05-22,N/A,N/A,N/A,2024-05-22,,EUR,N/A,"Majority Purchase, Additional Stake Purchase",Acron PJSC acquired CJSC Verkhnekamsk Potash Co. The transaction was completed on 5/22/2024. Financial terms of the transaction are undisclosed.,Completed,M&A,No, ,Friendly,0,Undisclosed,80,10, ,,,, ,,, ,Moscow,Russia,RU,Materials,Acron PJSC,5572, ,N.A., ,N.A.,N.A., ,N.A.,, ,Permski Krai,Russia,RU,Materials,Materials,Chemicals,CJSC Verkhnekamsk Potash Co,, , , , , , , , , ,,,,,,,,,
,, ,238471076, ,2024-05-29,N/A,N/A,N/A,2024-05-29,,RUB,N/A,"Cross Border, Asset Sale",PepsiCo Inc sold Timashevsky dairy plant/PepsiCo Inc to Agrokompleks Glushkovski OOO. The transaction was completed on 5/29/2024. Financial terms of the transaction are undisclosed.,Completed,AST,No, ,Friendly,0,Cash,0,100, ,,,, ,,, ,Zvannoye,Russia,RU,Consumer Staples,Agrokompleks Glushkovski OOO,, ,N.A.,2080,,United States,US,Consumer Staples,PepsiCo Inc,BEVERAGES,,Russia,,Real Estate,Real Estate,REIT,Timashevsky dairy plant/PepsiCo Inc,,, , , , , , , , ,,,,,,,,,
,, ,238472039, ,2024-05-29,N/A,N/A,N/A,2024-05-29,,RUB,N/A,Majority Purchase,Demetra-Holding OOO acquired SPA OOO/Omsk. The transaction was completed on 5/29/2024. Financial terms of the transaction are undisclosed.,Completed,M&A,No, ,Friendly,0,Undisclosed,0,75, ,,,, ,,, ,Moscow,Russia,RU,Consumer Staples,Demetra-Holding OOO,, ,N.A., ,N.A.,N.A., ,N.A.,, ,Omsk,Russia,RU,Financial Services,Financials,Asset Management,SPA OOO/Omsk,, , , , , , , , , ,,,,,,,,,
,, ,238474644, ,2024-05-29,N/A,N/A,N/A, ,,RUB,N/A,"Additional Stake Purchase, Cross Border, Company Takeover",Nokia Oyj announced the sale of RTK - Network Technologies to Rostelecom PJSC. The transaction was announced on 5/29/2024 and is currently pending. Financial terms of the transaction are undisclosed.,Pending,M&A,No, ,Friendly,0,Undisclosed,51,49, ,,,, ,,, ,Moscow,Russia,RU,Communications,Rostelecom PJSC,,PHONE NO  RADI,4813,3663,N.A.,Finland,FI,Technology,Nokia Oyj,RADIO/TV EQUIP,Moscow,Russia,RU,Tech Hardware & Semiconductors,Technology,Technology Hardware,RTK - Network Technologies,, , , , , , , , , ,,,,,,,,,
,, ,238791934, ,2024-03-22,N/A,N/A,N/A,2024-03-22,,RUB,N/A,"Cross Border, Asset Sale",Danone SA sold EDP business/Russia to Gruppa Logika Moloka OOO. The transaction was completed on 3/22/2024. Financial terms of the transaction are undisclosed.,Completed,AST,No, ,Friendly,0,Cash,0,100, ,,Rothschild & Co,, ,,, , ,Russia,RU,Financials,Gruppa Logika Moloka OOO,, ,N.A.,N.A.,,France,FR,Consumer Staples,Danone SA, ,,Russia,,Consumer Staple Products,Consumer Staples,Food,EDP business/Russia,,, , , , , , , , ,,,,,,,,,
,, ,238970350, ,2024-07-12,N/A,N/A,N/A,2024-07-12,,RUB,N/A,Asset Sale,Dentsu Group Inc sold Russian business/Dentsu Group Inc to Unnamed Buyer. The transaction was completed on 7/12/2024. Financial terms of the transaction are undisclosed.,Completed,AST,No, ,Friendly,0,Cash,0,100, ,,,Dla Piper Llp, ,,, ,,United States,,N.A.,Unnamed Buyer,,,,N.A.,,Japan,JP,Communications,Dentsu Group Inc, ,,Russia,,Media,Communications,Advertising & Marketing,Russian business/Dentsu Group Inc,,, , , , , , , , ,,,,,,,,,
,, ,238972370, ,2024-07-10,3.33,3.33,24.2043 Mln, ,,CNY,3.33,"Cross Border, Company Takeover",Senci Electric Machinery Co Ltd announced the sale of Ayvolt OOO to Chongqing Ruihai Metal Materials Co Ltd for CNY 24.20M. The transaction was announced on 7/10/2024 and is currently pending.,Pending,M&A,No, ,Friendly,0,Cash,0,100, ,,,, ,,, ,Chongqing,China,CN,Consumer Discretionary,Chongqing Ruihai Metal Materials Co Ltd,, ,N.A.,N.A.,N.A.,China,CN,Industrials,Senci Electric Machinery Co Ltd, ,Moscow,Russia,RU,Industrial Products,Industrials,Machinery,Ayvolt OOO,, , , , , , , , , ,,,,,,,,2024-07-10,
,, ,239064100, ,2024-07-18,28.38,28.38,2500.0 Mln,2024-07-18,,RUB,28.38,Majority Purchase,APK Damate OOO acquired Eurodon OOO for RUB 2500.00M. The transaction was completed on 7/18/2024.,Completed,M&A,No, ,Friendly,0,Cash,0,0, ,,,, ,,, ,Ivanovka,Russia,RU,Consumer Staples,APK Damate OOO,, ,N.A., ,N.A.,N.A., ,N.A.,, ,Rostov,Russia,RU,Consumer Staple Products,Consumer Staples,Food,Eurodon OOO,, , , , , , , , , ,,,,,,,,,
,, ,239210445, ,2024-07-30,N/A,N/A,N/A, ,,INR,N/A,"Minority Purchase, Cross Border",Manorama Industries Ltd announced the acquisition of a minority stake in Manorama Rus LLC. The transaction was announced on 7/30/2024 and is currently pending. Financial terms of the transaction are undisclosed.,Pending,INV,No, ,Friendly,0,Undisclosed,0,50, ,,,, ,,, ,Raipur,India,IN,Consumer Staples,Manorama Industries Ltd,498,EDIBLE FAT/OIL,2079, ,N.A.,N.A., ,N.A.,, ,Moscow,Russia,RU,Consumer Staple Products,Consumer Staples,Food,Manorama Rus LLC,, , , , , , , , , ,,,,,,,,,
,, ,239440677, ,2024-08-16,N/A,N/A,N/A,2024-08-16,,RUB,N/A,Majority Purchase,Inter RAO UES PJSC acquired Elsib OAO. The transaction was completed on 8/16/2024. Financial terms of the transaction are undisclosed.,Completed,M&A,No, ,Friendly,0,Undisclosed,0,98.400002, ,,,, ,,, ,Moscow,Russia,RU,Utilities,Inter RAO UES PJSC,634,ELECTRIC SVC,4911, ,N.A.,N.A., ,N.A.,, ,Novosibirsk,Russia,RU,Industrial Products,Industrials,Machinery,Elsib OAO,1983, , , , , , , , , ,,,,,,,,,
,, ,239644063, ,2021-04-19,N/A,N/A,N/A,2021-04-19,,RUB,N/A,"PE Buyout, Company Takeover, Private Equity",A consortium led by Russian Direct Investment Fund Management Co acquired Svyaz Vsd OOO. The transaction was completed on 04/19/2021.,Completed,M&A,No, ,Friendly,0,Cash,0,0, ,,,Linklaters, ,,, ,,Russia,,"Communications, Financials, Financials","Er-Telekom Holding ZAO,Russian Direct Investment Fund Management Co (Fund: Russia-China Investment Fund),Talos Fund I LP",,,, ,4813,N.A., ,N.A.,, ,N.A,Russia,RU,Telecommunications,Communications,Telecommunications,Svyaz Vsd OOO,,PHONE NO  RADI, , , , , , , , ,,,,,,,,,
,, ,239645251, ,2024-10-10,N/A,N/A,N/A,2024-10-10,,EUR,N/A,"Cross Border, Asset Sale",Unilever PLC sold Russian assets/Unilever PLC to ArnestFinans OOO. The transaction was completed on 10/10/2024. Financial terms of the transaction are undisclosed.,Completed,AST,No, ,Friendly,0,Cash,0,100,2024-09-05,,Rothschild & Co,, ,,, ,Nevinnomysk,Russia,RU,Consumer Staples,ArnestFinans OOO,3, ,N.A.,2840,,United Kingdom,GB,Consumer Staples,Unilever PLC,COSMETICS,,Russia,,Consumer Staple Products,Consumer Staples,Household Products,Russian assets/Unilever PLC,,, , , , , , , , ,,,,,,,,,
,, ,239658247, ,2024-09-05,N/A,N/A,N/A,2025-03-06,,RUB,N/A,"Company Takeover, Cross Border",Raiffeisen Bank International AG proposed to sell Raiffeisenbank AO to Potential Buyer. The transaction was proposed on 9/5/2024. Financial terms of the transaction are unknown.With no further information the deal has been withdrawn on 06/03/2025,Withdrawn,M&A,No, ,Friendly,0,Undisclosed,0,100,2024-09-05,On the Block,,, ,,, ,,United States,,N.A.,Potential Buyer,,,,N.A.,N.A.,Austria,AT,Financials,Raiffeisen Bank International AG, ,Moscow,Russia,RU,Banking,Financials,Banking,Raiffeisenbank AO,9327, , , , , , , , , ,,,,,,,,,
,, ,239719824, ,2024-09-12,33.35,33.35,3040.0 Mln,2025-03-12,,RUB,36.94,Asset Sale,UpHealth Group Ltd announced the acquisition of Oncology clinic group/Russia for RUB 3040.00M.,Withdrawn,AST,No, ,Friendly,0,Cash,0,0,2024-09-12,,,, ,,, ,Singapore,Russia,SG,Consumer Staples,UpHealth Group Ltd,, ,N.A., ,,N.A., ,N.A.,, ,,Russia,,Health Care,Health Care,Health Care Facilities & Svcs,Oncology clinic group/Russia,,, , , , , , , , ,,,,,,,,,
,, ,239832382, ,2024-09-24,N/A,N/A,N/A,2024-09-24,,RUB,N/A,"Cross Border, Asset Sale",ECO Partners Inc sold Industrial complex/Technonicol Corp to Technonicol Corp. The transaction was completed on 9/24/2024. Financial terms of the transaction are undisclosed.,Completed,AST,No, ,Friendly,0,Cash,0,100, ,,,, ,,, , ,Russia,RU,Consumer Discretionary,Technonicol Corp,, ,N.A.,N.A.,,United States,US,Industrials,ECO Partners Inc, ,,Russia,,Consumer Discretionary Products,Consumer Discretionary,Home Construction,Industrial complex/Technonicol Corp,,, , , , , , , , ,,,,,,,,,
,, ,239949582, ,2024-09-18,N/A,N/A,19.75/sh., ,,USD,N/A,"Tender Offer, Minority Purchase",Sinara Group AO announced the acquisition of a minority stake in Ozon Holdings PLC. The transaction was announced on 9/18/2024 and is currently pending. Financial terms of the transaction are undisclosed.,Pending,INV,No, ,Friendly,0,Cash,0,0, ,,,, ,,, ,Ekaterinburg,Russia,RU,Industrials,Sinara Group AO,, ,N.A., ,N.A.,N.A., ,N.A.,, ,MOSCOW,Russia,RU,Retail & Whsle - Discretionary,Consumer Discretionary,E-Commerce Discretionary,Ozon Holdings PLC,49889, , , , , , , , , ,,,,,,,,,
,, ,240017203, ,2024-10-09,N/A,N/A,N/A,2024-10-09,,RUB,N/A,Minority Purchase,MF Technologies JSC acquired a minority stake in Kassir.ru OOO. The transaction was completed on 10/9/2024. Financial terms of the transaction are undisclosed.,Completed,INV,No, ,Friendly,0,Undisclosed,0,10, ,,,, ,,, ,Moscow,Russia,RU,Financials,MF Technologies JSC,, ,N.A., ,N.A.,N.A., ,N.A.,, ,Moscow,Russia,RU,Consumer Discretionary Services,Consumer Discretionary,Leisure Facilities & Services,Kassir.ru OOO,, , , , , , , , , ,,,,,,,,,
,, ,240036260, ,2024-10-10,N/A,N/A,N/A,2024-10-10,,RUB,N/A,Asset Sale,Aspo Oyj sold Russian operations/Leipurin Oyj to Private Investor. The transaction was completed on 10/10/2024. Financial terms of the transaction are undisclosed.,Completed,AST,No, ,Friendly,0,Cash,0,100, ,,,, ,,, ,,United States,,N.A.,Private Investor,,,,N.A.,,Finland,FI,Materials,Aspo Oyj, ,,Russia,,Industrial Products,Industrials,Machinery,Russian operations/Leipurin Oyj,,, , , , , , , , ,,,,,,,,,
,, ,240155281, ,2024-10-24,N/A,N/A,N/A,2025-04-24,,EUR,N/A,Asset Sale,Association Familiale Mulliez announced the sale of Russian operations/ELO SACA to Potential Buyer. Financial terms of the transaction are undisclosed.,Withdrawn,AST,No, ,Friendly,0,Cash,0,100,2024-10-24,Negotiation,,, ,,, ,,United States,,N.A.,Potential Buyer,,,,N.A.,,France,FR,Consumer Staples,Association Familiale Mulliez, ,,Russia,,Retail & Wholesale - Staples,Consumer Staples,Retail - Consumer Staples,Russian operations/ELO SACA,,, , , , , , , , ,,,,,,,,,
,, ,240294831, ,2024-11-05,N/A,N/A,N/A, ,,CZK,N/A,"Cross Border, Company Takeover",PPF Group announced the sale of *MISTAKE(Ppf Life Insurance LLC) to Inweasta Investment in Commercial Enterprises & Management LLC. The transaction was announced on 11/5/2024 and is currently pending. Financial terms of the transaction are undisclosed.,Pending,M&A,No, ,Friendly,0,Undisclosed,0,100, ,,,, ,,, ,Dubai,United Arab Emirates,AE,Financials,Inweasta Investment in Commercial Enterprises & Management LLC,, ,N.A.,N.A.,N.A.,Czech Republic,CZ,Financials,PPF Group, ,Moscow,Russia,RU,Insurance,Financials,Insurance,*MISTAKE(Ppf Life Insurance LLC),, , , , , , , , , ,,,,,,,,,
,, ,240307448, ,2024-11-06,N/A,N/A,10.5/sh., ,,USD,N/A,"Tender Offer, Company Takeover, Going Private",Sinara Group AO announced the acquisition of TCS Group Holding PLC. The transaction was announced on 11/6/2024 and is currently pending. Financial terms of the transaction are undisclosed.,Pending,M&A,No, ,Friendly,0,Cash,0,100, ,,,, ,,, ,Ekaterinburg,Russia,RU,Industrials,Sinara Group AO,, ,N.A., ,N.A.,N.A., ,N.A.,, ,Vladivostok,Russia,RU,Banking,Financials,Banking,TCS Group Holding PLC,64857, , , , , , , , , ,,,,,,,,,
,, ,240356443, ,2024-11-09,N/A,N/A,N/A,2025-05-09,,RUB,N/A,Company Takeover,Rosneft Oil Co PJSC announced the acquisition of Gazprom Neft PJSC. Financial terms of the transaction are undisclosed.,Withdrawn,M&A,No, ,Friendly,0,Undisclosed,0,100,2024-11-09,Preliminary Offer,,, ,,, ,Moscow,Russia,RU,Energy,Rosneft Oil Co PJSC,302100, ,N.A., ,2911,N.A., ,N.A.,, ,Moscow,Russia,RU,Oil & Gas,Energy,Oil & Gas Supply Chain,Gazprom Neft PJSC,,PETROL REFINNG, , , , , , , , ,,,,,,,,,
,, ,240356572, ,2024-11-09,N/A,N/A,N/A,2025-05-09,,RUB,N/A,Company Takeover,Rosneft Oil Co PJSC announced the acquisition of LUKOIL PJSC. Financial terms of the transaction are undisclosed.,Withdrawn,M&A,No, ,Friendly,-878222,Undisclosed,0,100,2024-11-09,Preliminary Offer,,, ,,, ,Moscow,Russia,RU,Energy,Rosneft Oil Co PJSC,302100, ,N.A., ,N.A.,N.A., ,N.A.,, ,Moscow,Russia,RU,Oil & Gas,Energy,Oil & Gas Supply Chain,LUKOIL PJSC,, ,0.14,0.44,0.11,0.1, , , , ,,,,,,,,,
,, ,240507739, ,2021-09-15,N/A,N/A,N/A,2021-09-15,,USD,N/A,"Minority Purchase, Cross Border",HelloFresh SE acquired a minority stake in Chefmarket.ru. The transaction was completed on 9/15/2021. Financial terms of the transaction are undisclosed.,Completed,INV,No, ,Friendly,0,Undisclosed,0,10, ,,,, ,,, ,Berlin,Germany,DE,Consumer Staples,HelloFresh SE,19065, ,N.A., ,N.A.,N.A., ,N.A.,, ,Moscow,Russia,RU,Retail & Whsle - Discretionary,Consumer Discretionary,E-Commerce Discretionary,Chefmarket.ru,, , , , , , , , , ,,,,,,,,,
,, ,240558570, ,2024-11-29,N/A,N/A,N/A,2024-11-28,,RUB,N/A,Company Takeover,Yandeks OOO acquired Newpay LLC. The transaction was announced on 11/29/2024 and completed on 11/28/2024. Financial terms of the transaction are undisclosed.,Completed,M&A,No, ,Friendly,0,Undisclosed,0,100, ,,,, ,,, ,Moscow,Russia,RU,Health Care,Yandeks OOO,,COML RESEARCH,8731, ,N.A.,N.A., ,N.A.,, , ,Russia,RU,Media,Communications,Internet Media & Services,Newpay LLC,, , , , , , , , , ,,,,,,,,,
,, ,240592163, ,2024-12-02,N/A,N/A,N/A,2025-06-02,,RUB,N/A,Company Takeover,Louis Dreyfus Co BV announced the sale of Russia Assets/Louis Dreyfus Co BV to Unnamed Buyer. Financial terms of the transaction are undisclosed.,Withdrawn,M&A,No, ,Friendly,0,Undisclosed,0,100,2024-12-02,Negotiation,,, ,,, ,,United States,,N.A.,Unnamed Buyer,,,,5191,,Netherlands,NL,Consumer Staples,Louis Dreyfus Co BV,FARM SUPPLIES,,Russia,,Financial Services,Financials,Asset Management,Russia Assets/Louis Dreyfus Co BV,,, , , , , , , , ,,,,,,,,,
,, ,240599849, ,2024-12-02,N/A,N/A,N/A,2024-12-02,,RUB,N/A,Company Takeover,Lenta International Co PJSC acquired Ulybka Radugi OOO. The transaction was completed on 12/2/2024. Financial terms of the transaction are undisclosed.,Completed,M&A,No, ,Friendly,0,Cash,0,100, ,,,, ,,, ,Saint Petersburg,Russia,RU,Consumer Staples,Lenta International Co PJSC,66700,NONWEAVE FAB,2297, ,5999,N.A., ,N.A.,, , ,Russia,RU,Retail & Whsle - Discretionary,Consumer Discretionary,Retail - Discretionary,Ulybka Radugi OOO,,MISC RTAIL NEC, , , , , , , , ,,,,2024-12-02,,,,,
,, ,240599942, ,2024-12-03,320.62,320.62,34000.0 Mln,2025-06-03,,RUB,320.62,Asset Sale,Carlsberg AS announced the sale of Russian business/Carlsberg AS to Private Investor for RUB 34000.00M.,Withdrawn,AST,No, ,Friendly,0,Cash,0,100,2024-12-03,Preliminary Offer,,, ,,, ,,United States,,N.A.,Private Investor,,,,N.A.,,Denmark,DK,Consumer Staples,Carlsberg AS, ,,Russia,,Consumer Staple Products,Consumer Staples,Beverages,Russian business/Carlsberg AS,,, , , , , , , , ,,,,,2024-12-03,,,,
,, ,240620801, ,2024-12-04,6.66,6.66,700.0 Mln,2024-12-02,,RUB,6.57,Company Takeover,AlfaInsurance JSC acquired Meditsinskaya Klinika Semejnyj Doktor OOO for RUB 700.00M. The transaction was announced on 12/4/2024 and completed on 12/2/2024.,Completed,M&A,No, ,Friendly,0,Cash,0,100, ,,,, ,,, ,Moscow,Russia,RU,Financials,AlfaInsurance JSC,9422, ,N.A., ,N.A.,N.A., ,N.A.,, ,Voronezh,Russia,RU,Health Care,Health Care,Health Care Facilities & Svcs,Meditsinskaya Klinika Semejnyj Doktor OOO,, , , , , , , , , ,,,,,,,,,
,, ,240621884, ,2024-12-04,N/A,N/A,N/A,2024-12-02,,USD,N/A,"Additional Stake Purchase, Company Takeover, Cross Border",Metlen Energy & Metals SA sold Volgafert LLC to KuibyshevAzot PJSC. The transaction was announced on 12/4/2024 and completed on 12/2/2024. Financial terms of the transaction are undisclosed.,Completed,M&A,No, ,Friendly,0,Undisclosed,0,100, ,,,, ,,, ,Toliatti,Russia,RU,Materials,KuibyshevAzot PJSC,4477, ,N.A.,N.A.,N.A.,Greece,GR,Utilities,Metlen Energy & Metals SA, ,Tolyatti,Russia,RU,Materials,Materials,Chemicals,Volgafert LLC,, , , , , , , , , ,,,,,,,,,
,, ,240622222, ,2024-12-04,N/A,N/A,N/A, ,,EUR,N/A,Company Takeover,Potential Buyer proposed to acquire Nord Stream 2 AG. The transaction was proposed on 12/4/2024. Financial terms of the transaction are unknown.,Proposed,M&A,No, ,Friendly,0,Undisclosed,0,100,2024-12-04,On the Block,,, ,,, ,,United States,,N.A.,Potential Buyer,,,, ,N.A.,N.A., ,N.A.,, ,Zug,Russia,CH,Oil & Gas,Energy,Oil & Gas Services & Equip,Nord Stream 2 AG,, , , , , , , , , ,,,,,,,,,
,Hengeler Mueller, ,240655002, ,2024-12-05,N/A,N/A,N/A,2024-12-05,,RUB,N/A,"Cross Border, Minority Purchase",Fraport AG Frankfurt Airport Services Worldwide acquired a minority stake in Aeroport Pulkovo OAO. The transaction was completed on 12/5/2024. Financial terms of the transaction are undisclosed.,Completed,INV,No, ,Friendly,0,Undisclosed,0,0, ,,,, ,,, ,Frankfurt am Main,Germany,DE,Industrials,Fraport AG Frankfurt Airport Services Worldwide,19928, ,N.A., ,4581,N.A., ,N.A.,, ,Sankt-peterburg,Russia,RU,Industrial Services,Industrials,Transportation & Logistics,Aeroport Pulkovo OAO,,AIRPORTS/SVC, , , , , , , , ,,,,,,,,,
,, ,240691043, ,2024-12-10,N/A,N/A,N/A,2024-12-10,,RUB,N/A,"Minority Purchase, Cross Border",Blendiser Corp Ltd acquired a minority stake in Rossium Group. The transaction was completed on 12/10/2024. Financial terms of the transaction are undisclosed.,Completed,INV,No, ,Friendly,0,Undisclosed,0,0, ,,,, ,,, ,Limassol,Cyprus,CY,Unclassifiable,Blendiser Corp Ltd,, ,N.A., ,N.A.,N.A., ,N.A.,, , ,Russia,RU,Insurance,Financials,Insurance,Rossium Group,, , , , , , , , , ,,,,,,,,,
,, ,240774941, ,2024-12-17,N/A,N/A,N/A,2024-12-17,,RUB,N/A,"Majority Purchase, Additional Stake Purchase",Mobile TeleSystems PJSC acquired Infomat OOO. The transaction was completed on 12/17/2024. Financial terms of the transaction are undisclosed.,Completed,M&A,No, ,Friendly,0,Undisclosed,49,6, ,,,, ,,, ,Moscow,Russia,RU,Communications,Mobile TeleSystems PJSC,60388, ,N.A., ,7371,N.A., ,N.A.,, ,Kazan,Russia,RU,Software & Tech Services,Technology,IT Services,Infomat OOO,,PRGRMNG SVC, , , , , , , , ,,,,,,,,,
,, ,240793514, ,2024-12-18,N/A,N/A,N/A, ,,EUR,N/A,"Company Takeover, Cross Border",Telia Co AB proposed to sell Latvijas Mobilais Telefons SIA to Potential Buyer. The transaction was proposed on 12/18/2024. Financial terms of the transaction are unknown.,Proposed,M&A,No, ,Friendly,0,Undisclosed,0,100,2024-12-18,,,, ,,, ,,United States,,N.A.,Potential Buyer,,,,4813,4813,Sweden,SE,Communications,Telia Co AB,PHONE NO  RADI,Riga,Russia,LV,Telecommunications,Communications,Telecommunications,Latvijas Mobilais Telefons SIA,522,PHONE NO  RADI, , , , , , , , ,,,,,,,,,
,, ,240793516, ,2024-12-18,N/A,N/A,N/A,2026-12-31,,EUR,N/A,"Cross Border, Majority Purchase",Telia Co AB proposed to sell Latvijas Mobilais Telefons SIA & Lattelecom Bpo Sia to Republic of Latvia. The transaction was proposed on 12/18/2024. Financial terms of the transaction are unknown.,Proposed,M&A,No, ,Friendly,0,Undisclosed,0,60.299999,2024-12-18,Negotiation,Rothschild & Co,, ,,, ,Riga,Latvia,LV,Government,Republic of Latvia,, ,N.A.,4813,,Sweden,SE,Communications,Telia Co AB,PHONE NO  RADI,,Russia,,"Telecommunications, Software & Tech Services","Communications, Technology","Telecommunications, Software","Latvijas Mobilais Telefons SIA,Lattelecom Bpo Sia",,, , , , , , , , ,,,,,,,,,
,, ,240864851, ,2024-12-23,N/A,N/A,N/A,2024-12-23,,USD,N/A,Minority Purchase,Promalyans OOO acquired a minority stake in Uzhuralzoloto Group of Cos PJSC. The transaction was completed on 12/23/2024. Financial terms of the transaction are undisclosed.,Completed,INV,No, ,Friendly,0,Undisclosed,0,22, ,,,, ,,, ,N.A,Russia,RU,Consumer Discretionary,Promalyans OOO,,DURABLE GOODS,5099, ,N.A.,N.A., ,N.A.,, ,Chelyabinsk,Russia,RU,Materials,Materials,Metals & Mining,Uzhuralzoloto Group of Cos PJSC,, , , , , , , , , ,,,,,,,,,
,, ,240865409, ,2024-12-23,356.67,356.67,36100.0 Mln,2024-12-23,,RUB,356.67,Minority Purchase,Gazprombank JSC acquired a minority stake in Uzhuralzoloto Group of Cos OJSC. The transaction was completed on 12/23/2024.,Completed,INV,No, ,Friendly,0,Cash,0,22, ,,,, ,,, ,Moscow,Russia,RU,Financials,Gazprombank JSC,,COML BANK NEC,6029, ,1041,N.A., ,N.A.,, ,Plast,Russia,RU,Materials,Materials,Metals & Mining,Uzhuralzoloto Group of Cos OJSC,,GOLD ORE,5.04,7.02,2.42,1.36,5.04,7.02,2.42,1.36,,,,,,,,,
,, ,240888054, ,2024-12-26,N/A,N/A,N/A,2024-12-26,,RUB,N/A,Company Takeover,VTB Bank PJSC acquired Agrokompleks Labinskiy OOO. The transaction was completed on 12/26/2024. Financial terms of the transaction are undisclosed.,Completed,M&A,No, ,Friendly,0,Undisclosed,0,100, ,,,, ,,, ,Moscow,Russia,RU,Financials,VTB Bank PJSC,, ,N.A., ,N.A.,N.A., ,N.A.,, ,Labinsk,Russia,RU,Consumer Staple Products,Consumer Staples,Food,Agrokompleks Labinskiy OOO,, , , , , , , , , ,,,,,,,,,
,, ,241034544, ,2025-01-09,N/A,N/A,N/A,2025-01-09,,RUB,N/A,Company Takeover,Yandeks MKPAO acquired Zaryad JSC. The transaction was completed on 1/9/2025. Financial terms of the transaction are undisclosed.,Completed,M&A,No, ,Friendly,0,Undisclosed,0,100, ,,,, ,,, ,Moscow,Russia,RU,Technology,Yandeks MKPAO,, ,N.A., ,N.A.,N.A., ,N.A.,, ,Velikiy Novgorod,Russia,RU,Industrial Products,Industrials,Electrical Equipment,Zaryad JSC,, , , , , , , , , ,,,,,,,,,
,, ,241034684, ,2025-01-09,N/A,N/A,N/A,2025-01-09,,RUB,N/A,Minority Purchase,AAA Capital Management AO acquired a minority stake in Uzhuralzoloto Group of Cos OJSC. The transaction was completed on 1/9/2025. Financial terms of the transaction are undisclosed.,Completed,INV,No, ,Friendly,0,Undisclosed,0,22, ,,,, ,,, ,Moscow,Russia,RU,Financials,AAA Capital Management AO,,LOAN BROKERS,6163, ,1041,N.A., ,N.A.,, ,Plast,Russia,RU,Materials,Materials,Metals & Mining,Uzhuralzoloto Group of Cos OJSC,,GOLD ORE, , , , , , , , ,,,,,,,,,
,, ,241046362, ,2025-01-09,N/A,N/A,N/A,2025-01-09,,RUB,N/A,Company Takeover,Inter RAO UES PJSC acquired PO MES OOO. The transaction was completed on 1/9/2025. Financial terms of the transaction are undisclosed.,Completed,M&A,No, ,Friendly,0,Undisclosed,0,100, ,,,, ,,, ,Moscow,Russia,RU,Utilities,Inter RAO UES PJSC,634,ELECTRIC SVC,4911, ,1711,N.A., ,N.A.,, ,Barnaul,Russia,RU,Industrial Services,Industrials,Engineering & Construction,PO MES OOO,,PLUMB/HEAT/AIR, , , , , , , , ,,,,,,,,,
,, ,241052769, ,2025-01-10,N/A,N/A,N/A, ,,RUB,N/A,Company Takeover,"Sveza-Les OOO announced the acquisition of MMPof Rotogravyur OOO, Nevskie Grani LLC & MMPOF Packaging OOO. The transaction was announced on 1/10/2025 and is currently pending. Financial terms of the transaction are undisclosed.",Pending,M&A,No, ,Friendly,0,Undisclosed,0,100, ,,,, ,,, ,Moscow,Russia,RU,Consumer Discretionary,Sveza-Les OOO,,DURABLE GOODS,5099, ,,N.A., ,N.A.,, ,,Russia,,"Industrial Services, Consumer Discretionary Services, Consumer Discretionary Services","Industrials, Consumer Discretionary, Consumer Discretionary","Commercial Support Services, Consumer Services, Consumer Services","MMPof Rotogravyur OOO,Nevskie Grani LLC,MMPOF Packaging OOO",,, , , , , , , , ,,,,,,,,,
,, ,241092437, ,2025-01-15,N/A,N/A,N/A, ,,RUB,N/A,Company Takeover,Unnamed Buyer proposed to acquire Inskaya Mine OOO. The transaction was proposed on 1/15/2025. Financial terms of the transaction are unknown.,Proposed,M&A,No, ,Friendly,0,Undisclosed,0,100,2025-01-15,Negotiation,,, ,,, ,,United States,,N.A.,Unnamed Buyer,,,, ,N.A.,N.A., ,N.A.,, ,Novosibirsk,Russia,RU,Materials,Materials,Metals & Mining,Inskaya Mine OOO,, , , , , , , , , ,,,,,,,,,
,, ,241104653, ,2025-01-16,3.88,3.88,400.0 Mln,2025-01-16,,RUB,3.88,Majority Purchase,Softline Trade CJSC acquired K2-9B Grupp Ooo for RUB 400.00M. The transaction was completed on 1/16/2025.,Completed,M&A,No, ,Friendly,0,Cash,0,51, ,,,, ,,, ,Moscow,Russia,RU,Technology,Softline Trade CJSC,10665,DURABLE GOODS,5099, ,N.A.,N.A., ,N.A.,, ,Voronezh,Russia,RU,Consumer Discretionary Products,Consumer Discretionary,Home Construction,K2-9B Grupp Ooo,, , , , , , , , , ,,,,,,,,,
,, ,241106301, ,2025-01-16,N/A,N/A,N/A,2025-01-16,,RUB,N/A,Company Takeover,Technoserv AS acquired Amara Lab LLC. The transaction was completed on 1/16/2025. Financial terms of the transaction are undisclosed.,Completed,M&A,No, ,Friendly,0,Undisclosed,0,100, ,,,, ,,, ,Moscow,Russia,RU,Technology,Technoserv AS,,COMPU SYS DES,7373, ,N.A.,N.A., ,N.A.,, ,Moscow,Russia,RU,Software & Tech Services,Technology,IT Services,Amara Lab LLC,, , , , , , , , , ,,,,,,,,,
,, ,241118419, ,2025-01-17,N/A,N/A,N/A,2025-01-17,,RUB,N/A,Minority Purchase,Tavros Group acquired a minority stake in Tosnensky Meat Processing Plant LLC. The transaction was completed on 1/17/2025. Financial terms of the transaction are undisclosed.,Completed,INV,No, ,Friendly,0,Undisclosed,0,33, ,,,, ,,, ,Krasnogorsk,Russia,RU,Financials,Tavros Group,, ,N.A., ,N.A.,N.A., ,N.A.,, ,Telmana,Russia,RU,Consumer Staple Products,Consumer Staples,Food,Tosnensky Meat Processing Plant LLC,, , , , , , , , , ,,,,,,,,,
,Drew & Napier, ,241134087, ,2024-09-12,33.35,33.35,N/A,2026-04-02,,RUB,37.85,"Company Takeover, Minority Purchase",UpHealth Group Ltd acquired a minority stake in 812 Capital LLC & Tsitekh OOO. The transaction was announced on 9/12/2024 and completed on 4/2/2026.,Completed,M&A,No, ,Friendly,0,Undisclosed,0,99.989998, ,Strategic Alt Review,,, ,,, ,Singapore,Russia,SG,Consumer Staples,UpHealth Group Ltd,, ,N.A., ,,N.A., ,N.A.,, ,,Russia,,"Industrial Services, Financial Services","Industrials, Financials","Industrial Support Services, Asset Management","Tsitekh OOO,812 Capital LLC",,, , , , , , , , ,,,,,,,,,
,, ,241210933, ,2025-01-28,N/A,N/A,N/A,2026-04-07,,RUB,N/A,"Cross Border, Company Takeover",ING Groep NV announced the sale of ING Bank Eurasia JSC to Global Development JSC. The transaction was announced on 1/28/2025 and terminated on 4/7/2026. Financial terms of the transaction are undisclosed.,Terminated,M&A,No, ,Friendly,0,Cash,0,100, ,,ING Groep,A&O Shearman, ,,, ,Moscow,Russia,RU,Industrials,Global Development JSC,, ,N.A.,6029,N.A.,Netherlands,NL,Financials,ING Groep NV,COML BANK NEC,Moscow,Russia,RU,Banking,Financials,Banking,ING Bank Eurasia JSC,, , , , , , , , , ,,,,,,,,,
,, ,241253410, ,2025-01-31,N/A,N/A,N/A,2025-01-29,,EUR,N/A,"Asset Sale, Cross Border",Gestamp Automocion SA sold Automotive Component Factories/Gestamp Automocion SA to Polad AO. The transaction was announced on 1/31/2025 and completed on 1/29/2025. Financial terms of the transaction are undisclosed.,Completed,AST,No, ,Friendly,0,Cash,0,100, ,,,, ,,, ,Tolyatti,Russia,RU,Consumer Discretionary,Polad AO,,VEHL WHOLESALE,5012,8742,,Spain,ES,Consumer Discretionary,Gestamp Automocion SA,CONSULTING SVC,,Russia,,Consumer Discretionary Products,Consumer Discretionary,Automotive,Automotive Component Factories/Gestamp Automocion SA,,, , , , , , , , ,,,,,,,,,
,, ,241368340, ,2025-02-10,N/A,N/A,N/A,2025-02-10,,RUB,N/A,Minority Purchase,Kamaz PJSC acquired a minority stake in Aurus LLC. The transaction was completed on 2/10/2025. Financial terms of the transaction are undisclosed.,Completed,INV,No, ,Friendly,0,Undisclosed,0,0.5, ,,,, ,,, ,Tatarstan,Russia,RU,Industrials,Kamaz PJSC,, ,N.A., ,N.A.,N.A., ,N.A.,, ,Moscow,Russia,RU,Consumer Discretionary Products,Consumer Discretionary,Automotive,Aurus LLC,, , , , , , , , , ,,,,,,,,,
,, ,241431774, ,2025-02-14,N/A,N/A,N/A, ,,RUB,N/A,Company Takeover,Severblago OOO proposed to acquire Azbuka Vkusa OOO. The transaction was proposed on 2/14/2025. Financial terms of the transaction are unknown.,Proposed,M&A,No, ,Friendly,0,Undisclosed,0,100,2025-02-14,Negotiation,,, ,,, ,Cherepovets,Russia,RU,Consumer Staples,Severblago OOO,, ,N.A., ,5499,N.A., ,N.A.,, , ,Russia,RU,Retail & Wholesale - Staples,Consumer Staples,Retail - Consumer Staples,Azbuka Vkusa OOO,,MISC FOOD STOR, , , , , , , , ,,,,,,,,,
,, ,241439391, ,2025-02-14,N/A,N/A,N/A,2025-02-14,,RUB,N/A,"Majority Purchase, Additional Stake Purchase",Mobile TeleSystems PJSC acquired Shering Technologies OOO. The transaction was completed on 2/14/2025. Financial terms of the transaction are undisclosed.,Completed,M&A,No, ,Friendly,0,Undisclosed,79.089996,5.51, ,,,, ,,, ,Moscow,Russia,RU,Communications,Mobile TeleSystems PJSC,60388, ,N.A., ,N.A.,N.A., ,N.A.,, ,Moscow,Russia,RU,Consumer Discretionary Products,Consumer Discretionary,Automotive,Shering Technologies OOO,, , , , , , , , , ,,,,,,,,,
,, ,241454180, ,2025-02-17,60.9,60.9,1.45/sh., ,,USD,60.9,"Minority Purchase, Tender Offer",Sinara Financial Corp Europe Ltd announced the acquisition of a minority stake in Fix Price Group Ltd. The transaction was announced on 2/17/2025 and is currently pending.,Pending,INV,No, ,Friendly,0,Cash,0,0, ,,,, ,,, ,Limassol,Russia,CY,Financials,Sinara Financial Corp Europe Ltd,, ,N.A., ,N.A.,N.A., ,N.A.,, ,Moscow,Russia,KZ,Retail & Whsle - Discretionary,Consumer Discretionary,Retail - Discretionary,Fix Price Group Ltd,41647, , , , , , , , , ,,,,,,,,,
,, ,241456452, ,2019-09-13,49.82,49.82,3200.0 Mln,2019-09-13,,RUB,49.82,"Cross Border, Private Equity, PE Seller, Additional Stake Purchase, Secondary Transaction, Minority Purchase",RTP Global sold a minority stake in Internet Resheniya OOO to a consortium led by Sistema Venchur Kepital AO. The transaction was completed on 9/13/2019.,Completed,INV,No, ,Friendly,0,Cash,0,0, ,,,, ,,, ,,Russia,,"Financials, Financials","Baring Vostok Capital Partners Ltd/Russia,Sistema Venchur Kepital AO",,,,N.A.,N.A.,United Kingdom,GB,Financials,RTP Global, ,MOSCOW,Russia,RU,Media,Communications,Internet Media & Services,Internet Resheniya OOO,, , , , , , , , , ,,,,,,,,,
,, ,241463317, ,2025-02-17,N/A,N/A,N/A,2025-02-17,,RUB,N/A,Company Takeover,A consortium led by Kasa Capital OOO acquired Fact OOO. The transaction was completed on 2/17/2025. Financial terms of the transaction are undisclosed.,Completed,M&A,No, ,Friendly,0,Cash,0,100, ,,,, ,,, ,,United States,,Financials,"Private Investor,Kasa Capital OOO",,,, ,N.A.,N.A., ,N.A.,, ,N.A,Russia,RU,Software & Tech Services,Technology,Software,Fact OOO,, , , , , , , , , ,,,,,,,,,
,, ,241528981, ,2025-02-24,N/A,N/A,N/A,2025-02-24,,RUB,N/A,Company Takeover,Burservis OOO acquired Nafta Drilling Kompani OOO. The transaction was completed on 2/24/2025. Financial terms of the transaction are undisclosed.,Completed,M&A,No, ,Friendly,0,Undisclosed,0,100, ,,,, ,,, ,Moscow,Russia,RU,Industrials,Burservis OOO,,SERVICES NEC,8999, ,N.A.,N.A., ,N.A.,, ,Moscow,Russia,RU,Oil & Gas,Energy,Oil & Gas Services & Equip,Nafta Drilling Kompani OOO,, , , , , , , , , ,,,,,,,,,
,, ,241553155, ,2025-02-26,N/A,N/A,N/A,2025-02-26,,RUB,N/A,"Cross Border, Minority Purchase",Vinci SA sold a minority stake in Severo-Zapadnaya Koncessionnaya Kompaniya OOO to NatsProyektStroy. The transaction was completed on 2/26/2025. Financial terms of the transaction are undisclosed.,Completed,INV,No, ,Friendly,0,Undisclosed,0,0, ,,,, ,,, , ,Russia,RU,Financials,NatsProyektStroy,, ,N.A.,N.A.,N.A.,France,FR,Industrials,Vinci SA, ,Murmansk,Russia,RU,Industrial Services,Industrials,Engineering & Construction,Severo-Zapadnaya Koncessionnaya Kompaniya OOO,38, , , , , , , , , ,,,,,,,,,
,, ,241585673, ,2025-02-27,N/A,N/A,N/A,2025-02-27,,EUR,N/A,Asset Sale,Volkswagen AG sold Banking unit/Volkswagen AG to Private Investor. The transaction was completed on 2/27/2025. Financial terms of the transaction are undisclosed.,Completed,AST,No, ,Friendly,0,Cash,0,100, ,,,, ,,, ,,United States,,N.A.,Private Investor,,,,N.A.,,Germany,DE,Consumer Discretionary,Volkswagen AG, ,,Russia,,Banking,Financials,Banking,Banking unit/Volkswagen AG,,, , , , , , , , ,,,,,,,,,
,, ,241669133, ,2025-03-05,N/A,N/A,N/A, ,,RUB,N/A,Company Takeover,Private Investor proposed to acquire Aromatny Mir OOO. The transaction was proposed on 3/5/2025. Financial terms of the transaction are unknown.,Proposed,M&A,No, ,Friendly,0,Cash,0,100,2025-03-05,On the Block,,, ,,, ,,United States,,N.A.,Private Investor,,,, ,N.A.,N.A., ,N.A.,, ,Samara,Russia,RU,Retail & Whsle - Discretionary,Consumer Discretionary,Retail - Discretionary,Aromatny Mir OOO,, , , , , , , , , ,,,,,,,,,
,, ,241843498, ,2025-03-20,N/A,N/A,N/A, ,,RUB,N/A,Company Takeover,ICS Holding LLC/Russia announced the acquisition of NPF Mikran AO. The transaction was announced on 3/20/2025 and is currently pending. Financial terms of the transaction are undisclosed.,Pending,M&A,No, ,Friendly,0,Undisclosed,0,100, ,,,, ,,, , ,Russia,RU,Technology,ICS Holding LLC/Russia,, ,N.A., ,3663,N.A., ,N.A.,, ,Tomsk,Russia,RU,Telecommunications,Communications,Telecommunications,NPF Mikran AO,,RADIO/TV EQUIP, , , , , , , , ,,,,,,,,,
,, ,242053235, ,2025-04-03,26.16,26.16,2200.0 Mln,2025-04-03,,RUB,26.16,Majority Purchase,Softline Group acquired OMZ-Informatsionnyye Tekhnologii OOO for RUB 2200.00M. The transaction was completed on 4/3/2025.,Completed,M&A,No, ,Friendly,0,Cash,0,60, ,,,, ,,, ,Moscow,Russia,RU,Technology,Softline Group,, ,N.A., ,N.A.,N.A., ,N.A.,, , ,Russia,RU,Software & Tech Services,Technology,IT Services,OMZ-Informatsionnyye Tekhnologii OOO,, , , , , , , , , ,,,,,,,,,
,, ,242091203, ,2017-06-07,N/A,N/A,N/A,2017-06-07,,RUB,N/A,"Cross Border, Company Takeover",Xantis Pharma AG acquired Alsi Pharma ZAO. The transaction was completed on 6/7/2017. Financial terms of the transaction are undisclosed.,Completed,M&A,No, ,Friendly,0,Undisclosed,0,100, ,,,, ,,, ,N.A,Switzerland,CH,Health Care,Xantis Pharma AG,, ,N.A., ,2833,N.A., ,N.A.,, , ,Russia,RU,Health Care,Health Care,Biotech & Pharma,Alsi Pharma ZAO,,MEDICINALS/BOT, , , , , , , , ,,,,,,,,,
,, ,242161580, ,2025-04-14,N/A,N/A,N/A,2025-04-14,,RUB,N/A,Minority Purchase,AB-Market Trade LLC acquired a minority stake in Vanino Commercial Sea Port. The transaction was completed on 4/14/2025. Financial terms of the transaction are undisclosed.,Completed,INV,No, ,Friendly,0,Undisclosed,0,25, ,,,, ,,, ,Kotelniki,Russia,RU,Consumer Staples,AB-Market Trade LLC,,DURABLE GOODS,5099, ,N.A.,N.A., ,N.A.,, , ,Russia,RU,Industrial Services,Industrials,Transportation & Logistics,Vanino Commercial Sea Port,970, , , , , , , , , ,,,,,,,,,
,, ,242188223, ,2025-04-16,N/A,N/A,N/A,2025-04-24,,RUB,N/A,"Cross Border, Company Takeover",Yandeks OOO acquired Boxberry Union OOO. The transaction was announced on 4/16/2025 and completed on 4/24/2025. Financial terms of the transaction are undisclosed.,Completed,M&A,No, ,Friendly,0,Undisclosed,0,100, ,,,, ,,, ,Moscow,Russia,RU,Health Care,Yandeks OOO,,COML RESEARCH,8731, ,N.A.,N.A., ,N.A.,, ,Moscow,Russia,RU,Industrial Services,Industrials,Transportation & Logistics,Boxberry Union OOO,, , , , , , , , , ,,,,,,,,,
,, ,242189247, ,2025-04-16,N/A,N/A,N/A,2025-04-16,,RUB,N/A,"Asset Sale, Cross Border",Ural Mining and Metallurgical Co OJSC sold Sibay mining & processing plant/Bashkortostan to Polymetal JSC. The transaction was completed on 4/16/2025. Financial terms of the transaction are undisclosed.,Completed,AST,No, ,Friendly,0,Cash,0,100, ,,,, ,,, ,Saint Petersburg,Russia,RU,Materials,Polymetal JSC,14455, ,N.A.,N.A.,,Cyprus,RU,Materials,Ural Mining and Metallurgical Co OJSC, ,,Russia,,Industrial Services,Industrials,Transportation & Logistics,Sibay mining & processing plant/Bashkortostan,,, , , , , , , , ,,,,,,,,,
,, ,242192407, ,2025-06-27,N/A,N/A,N/A,2025-06-27,,RUB,N/A,Majority Purchase,Softline Group acquired Aperbot OOO. The transaction was completed on 6/27/2025. Financial terms of the transaction are undisclosed.,Completed,M&A,No, ,Friendly,0,Undisclosed,0,51,2025-04-16,Negotiation,,, ,,, ,Moscow,Russia,RU,Technology,Softline Group,, ,N.A., ,N.A.,N.A., ,N.A.,, ,Skolkovo Innovatsionnogo Tsent,Russia,RU,Software & Tech Services,Technology,Software,Aperbot OOO,, , , , , , , , , ,,,,,,,,,
,, ,242215046, ,2025-04-18,21.35,21.35,200.0/sh., ,,RUB,21.23,"Tender Offer, Additional Stake Purchase, Cross Border",Aqniet Capital LLC announced the acquisition of Globaltrans Investment PLC for RUB 1747.52M. The transaction was announced on 4/18/2025 and is currently pending.,Pending,INV,No, ,Friendly,0,Cash,30.639999,4.9, ,,,, ,,, , ,Kazakhstan,KZ,Financials,Aqniet Capital LLC,, ,N.A., ,N.A.,N.A., ,N.A.,, ,Abu Dhabi,Russia,AE,Industrial Services,Industrials,Transportation & Logistics,Globaltrans Investment PLC,, ,0.28,0.67,0.33,0.24,0.28,0.67,0.33,0.24,,,,,,,,,
,, ,242329147, ,2025-04-30,490,490,490.0 Mln,2025-05-21,,USD,490,Majority Purchase,Magnit PJSC acquired Azbuka Vkusa OOO for USD 490.00M. The transaction was announced on 4/30/2025 and completed on 5/21/2025.,Completed,M&A,No, ,Friendly,0,Cash,0,81.550003, ,,,, ,,, ,Krasnodar,Russia,RU,Consumer Staples,Magnit PJSC,359, ,N.A., ,5499,N.A., ,N.A.,, , ,Russia,RU,Retail & Wholesale - Staples,Consumer Staples,Retail - Consumer Staples,Azbuka Vkusa OOO,,MISC FOOD STOR, , , , , , , , ,,,,2025-05-05,,,,,
,, ,242391857, ,2025-05-05,N/A,N/A,N/A,2025-05-05,,USD,N/A,"Cross Border, Additional Stake Purchase",LVL1 Management Ltd sold Selectel Co Ltd to Moscow Exchange MICEX-RTS PJSC. The transaction was completed on 5/5/2025. Financial terms of the transaction are undisclosed.,Completed,INV,No, ,Friendly,0,Undisclosed,24,10, ,,,, ,,, ,Moscow,Russia,RU,Financials,Moscow Exchange MICEX-RTS PJSC,3771,SEC EXCHANGES,6231,N.A.,N.A.,United Kingdom,GB,Financials,LVL1 Management Ltd, ,Saint Petersburg,Russia,RU,Software & Tech Services,Technology,IT Services,Selectel Co Ltd,, , , , , , , , , ,,,,,,,,,
,, ,242661795, ,2025-05-27,N/A,N/A,N/A,2025-05-27,,RUB,N/A,Minority Purchase,Catalytic People IPJSC acquired a minority stake in Yandeks MKPAO. The transaction was completed on 5/27/2025. Financial terms of the transaction are undisclosed.,Completed,INV,No, ,Friendly,0,Undisclosed,0,9.95, ,,,, ,,, , ,Russia,RU,Financials,Catalytic People IPJSC,, ,N.A., ,N.A.,N.A., ,N.A.,, ,Moscow,Russia,RU,Software & Tech Services,Technology,Software,Yandeks MKPAO,, , , , , , , , , ,,,,,,,,,
,, ,242670979, ,2025-05-28,N/A,N/A,N/A, ,,RUB,N/A,"Asset Sale, Cross Border",Aggreko PLC proposed to sell Certain assets/Aggreko Ltd to Halliburton Co. The transaction was proposed on 5/28/2025. Financial terms of the transaction are unknown.,Proposed,AST,No, ,Friendly,0,Cash,0,100,2025-05-28,Negotiation,,, ,,, ,Houston,United States,US,Energy,Halliburton Co,46000,OIL/NG SVS NEC,1389,N.A.,,United Kingdom,GB,Industrials,Aggreko PLC, ,,Russia,,Industrial Products,Industrials,Electrical Equipment,Certain assets/Aggreko Ltd,,, , , , , , , , ,,,,,,,,,
,, ,242702033, ,2025-05-30,0,0,0.0001 Mln,2025-07-10,,RUB,0,"Company Takeover, Cross Border",Jubilant Foodworks Ltd sold Pizza Restaurants LLC to Private Investor for RUB 0.00M. The transaction was announced on 5/30/2025 and completed on 7/10/2025.,Completed,M&A,No, ,Friendly,0,Cash,0,100, ,,,, ,,, ,,United States,,N.A.,Private Investor,,,,5149,N.A.,India,IN,Consumer Discretionary,Jubilant Foodworks Ltd,GROCERIES,Moscow,Russia,RU,Consumer Discretionary Services,Consumer Discretionary,Leisure Facilities & Services,Pizza Restaurants LLC,, , , , , , , , , ,,,,,,,,,
,, ,242831302, ,2025-06-10,N/A,N/A,N/A, ,,RUB,N/A,Minority Purchase,RT-Red AO announced the acquisition of a minority stake in Red Soft OOO. The transaction was announced on 6/10/2025 and is currently pending. Financial terms of the transaction are undisclosed.,Pending,INV,No, ,Friendly,0,Undisclosed,0,30, ,,,, ,,, ,Moscow,Russia,RU,Financials,RT-Red AO,, ,N.A., ,N.A.,N.A., ,N.A.,, ,Moscow,Russia,RU,Software & Tech Services,Technology,Software,Red Soft OOO,748, , , , , , , , , ,,,,,,,,,
,, ,242846111, ,2025-06-11,N/A,N/A,N/A,2025-06-11,,EUR,N/A,Asset Sale,Viciunu Grupe Uab sold Certain assets/Viciunu Grupe Uab to Unnamed Buyer. The transaction was completed on 6/11/2025. Financial terms of the transaction are undisclosed.,Completed,AST,No, ,Friendly,0,Cash,0,100,2025-06-11,,,, ,,, ,,United States,,N.A.,Unnamed Buyer,,,,6719,,Lithuania,LT,Financials,Viciunu Grupe Uab,HOLDING CO NEC,,Russia,,Consumer Discretionary Services,Consumer Discretionary,Leisure Facilities & Services,Certain assets/Viciunu Grupe Uab,,, , , , , , , , ,,,,,,,,,
,, ,242969274, ,2025-06-23,N/A,N/A,N/A,2025-06-23,,RUB,N/A,"Company Takeover, Additional Stake Purchase",Skillbox OOO acquired Corpskills LLC. The transaction was completed on 6/23/2025. Financial terms of the transaction are undisclosed.,Completed,M&A,No, ,Friendly,0,Undisclosed,70,30, ,,,, ,,, ,Moscow,Russia,RU,Communications,Skillbox OOO,, ,N.A., ,N.A.,N.A., ,N.A.,, ,N.A,Russia,RU,Banking,Financials,Banking,Corpskills LLC,, , , , , , , , , ,,,,,,,,,
,, ,243034616, ,2025-06-27,N/A,N/A,N/A, ,,RUB,N/A,"Company Takeover, Cross Border",Jungheinrich AG proposed to sell Yungkhaynrikh Podyemno-Pogruzochnaya Tekhnika OOO to Unnamed Buyer. The transaction was proposed on 6/27/2025. Financial terms of the transaction are unknown.,Proposed,M&A,No, ,Friendly,0,Undisclosed,0,100,2025-06-27,,,, ,,, ,,United States,,N.A.,Unnamed Buyer,,,,N.A.,3536,Germany,DE,Industrials,Jungheinrich AG, ,Moscow,Russia,RU,Industrial Products,Industrials,Machinery,Yungkhaynrikh Podyemno-Pogruzochnaya Tekhnika OOO,,HOIST/CRANE, , , , , , , , ,,,,,,,,,
,, ,243038008, ,2024-11-13,N/A,N/A,N/A,2024-11-13,,RUB,N/A,Company Takeover,Gruppa Kompaniy Rusagro OOO acquired Agro-Belogore Voronezh OOO. The transaction was completed on 11/13/2024. Financial terms of the transaction are undisclosed.,Completed,M&A,No, ,Friendly,0,Undisclosed,0,100, ,,,, ,,, ,Belgorod,Russia,RU,Consumer Staples,Gruppa Kompaniy Rusagro OOO,, ,N.A., ,5147,N.A., ,N.A.,, ,N.A,Russia,RU,Retail & Wholesale - Staples,Consumer Staples,Wholesale - Consumer Staples,Agro-Belogore Voronezh OOO,,MEAT & PROD, , , , , , , , ,,,,,,,,,
,, ,243140508, ,2025-07-04,N/A,N/A,N/A,2025-07-31,,RUB,N/A,Company Takeover,Yandeks OOO announced the acquisition of Academ-Online OOO. The transaction was announced on 7/4/2025 and is expected to be completed by 7/31/2025. Financial terms of the transaction are undisclosed.,Pending,M&A,No, ,Friendly,0,Undisclosed,0,100, ,,,, ,,, ,Moscow,Russia,RU,Health Care,Yandeks OOO,,COML RESEARCH,8731, ,N.A.,N.A., ,N.A.,, ,Pervomayskoye,Russia,RU,Consumer Discretionary Services,Consumer Discretionary,Leisure Facilities & Services,Academ-Online OOO,, , , , , , , , , ,,,,,,,,,
,, ,243140549, ,2025-06-24,N/A,N/A,N/A,2025-07-04,,RUB,N/A,"Additional Stake Purchase, Minority Purchase",Private Investor acquired a minority stake in RussNeft PJSC. The transaction was announced on 6/24/2025 and completed on 7/4/2025. Financial terms of the transaction are undisclosed.,Completed,INV,No, ,Friendly,0,Undisclosed,2.05,14.28, ,,,, ,,, ,,United States,,N.A.,Private Investor,,,, ,1311,N.A., ,N.A.,, ,Moscow,Russia,RU,Oil & Gas,Energy,Oil & Gas Supply Chain,RussNeft PJSC,5808,CRUDE PETR/NG, , , , , , , , ,,,,,,,,,
,, ,243282280, ,2025-07-18,N/A,N/A,N/A,2025-07-17,,RUB,N/A,Company Takeover,"Vkusvill OOO acquired Avtomakon OOO, Fulstek OOO & Data Lab LLC. The transaction was announced on 7/18/2025 and completed on 7/17/2025. Financial terms of the transaction are undisclosed.",Completed,M&A,No, ,Friendly,0,Undisclosed,0,100, ,,,, ,,, ,MOSCOW,Russia,RU,Consumer Staples,Vkusvill OOO,, ,N.A., ,,N.A., ,N.A.,, ,,Russia,,"Software & Tech Services, Software & Tech Services, Software & Tech Services","Technology, Technology, Technology","IT Services, IT Services, IT Services","Data Lab LLC,Avtomakon OOO,Fulstek OOO",,, , , , , , , , ,,,,,,,,,
,, ,243298180, ,2025-07-21,N/A,N/A,N/A,2025-07-21,,RUB,N/A,"Cross Border, Majority Purchase",Element Group LLC acquired NPO Androidnaya Tekhnika AO. The transaction was completed on 7/21/2025. Financial terms of the transaction are undisclosed.,Completed,M&A,No, ,Friendly,0,Undisclosed,0,51, ,,,, ,,, ,West Chester,United States,US,Financials,Element Group LLC,, ,N.A., ,N.A.,N.A., ,N.A.,, ,Moscow,Russia,RU,Industrial Products,Industrials,Machinery,NPO Androidnaya Tekhnika AO,, , , , , , , , , ,,,,,,,,,
,, ,243360134, ,2025-07-25,N/A,N/A,N/A,2025-07-25,,RUB,N/A,"Minority Purchase, Cross Border",VOSTOK Investments doo sold a minority stake in Ozon Holdings PLC to Private Investor. The transaction was completed on 7/25/2025. Financial terms of the transaction are undisclosed.,Completed,INV,No, ,Friendly,0,Cash,0,27.700001, ,,,, ,,, ,,United States,,N.A.,Private Investor,,,,N.A.,N.A.,Serbia,RS,Industrials,VOSTOK Investments doo, ,MOSCOW,Russia,RU,Retail & Whsle - Discretionary,Consumer Discretionary,E-Commerce Discretionary,Ozon Holdings PLC,49889, , , , , , , , , ,,,,,,,,,
,, ,243379160, ,2025-07-28,N/A,N/A,N/A,2025-07-28,,RUB,N/A,Majority Purchase,Eksi-Bank ZAO acquired Bank Oranzhevyy OOO. The transaction was completed on 7/28/2025. Financial terms of the transaction are undisclosed.,Completed,M&A,No, ,Friendly,0,Undisclosed,0,55.43, ,,,, ,,, ,Sankt-peterburg,Russia,RU,Financials,Eksi-Bank ZAO,,NATL COML BANK,6021, ,6021,N.A., ,N.A.,, ,N.A,Russia,RU,Banking,Financials,Banking,Bank Oranzhevyy OOO,,NATL COML BANK, , , , , , , , ,,,,,,,,,
,, ,243392207, ,2025-07-29,36.99,36.99,N/A, ,,RUB,N/A,"Cross Border, Company Takeover",A consortium led by Yandex Inc proposed to acquire Kvant LLC for RUB 3000.00M. The transaction was proposed on 7/29/2025.,Proposed,M&A,No, ,Friendly,0,Undisclosed,0,100,2025-07-29,Negotiation,,, ,,, ,,Russia,,"Financials, Communications, Technology","Sberbank of Russia PJSC,Yandex Inc,NexTouch LLC",,,, ,N.A.,N.A., ,N.A.,, ,Zelenograd,Russia,RU,Tech Hardware & Semiconductors,Technology,Technology Hardware,Kvant LLC,, , , , , , , , , ,,,,,,,,,
,, ,243393124, ,2025-07-29,N/A,N/A,N/A,2025-07-29,,RUB,N/A,"Additional Stake Purchase, Company Takeover",Eksi-Bank ZAO acquired Bank Oranzhevyy OOO. The transaction was completed on 7/29/2025. Financial terms of the transaction are undisclosed.,Completed,M&A,No, ,Friendly,0,Undisclosed,55.400002,44.599998, ,,,, ,,, ,Sankt-peterburg,Russia,RU,Financials,Eksi-Bank ZAO,,NATL COML BANK,6021, ,6021,N.A., ,N.A.,, ,N.A,Russia,RU,Banking,Financials,Banking,Bank Oranzhevyy OOO,,NATL COML BANK, , , , , , , , ,,,,,,,,,
,, ,243589044, ,2025-08-12,N/A,N/A,N/A,2025-08-12,,RUB,N/A,Minority Purchase,Private Investor acquired a minority stake in Tabysh OOO. The transaction was completed on 8/12/2025. Financial terms of the transaction are undisclosed.,Completed,INV,No, ,Friendly,0,Undisclosed,0,45.5, ,,,, ,,, ,,United States,,N.A.,Private Investor,,,, ,N.A.,N.A., ,N.A.,, ,Naberezhnyye Chelny,Russia,RU,Renewable Energy,Energy,Renewable Energy,Tabysh OOO,, , , , , , , , , ,,,,,,,,,
,, ,243608388, ,2025-08-13,71.72,71.72,5710.0 Mln, ,,RUB,69.38,"Additional Stake Purchase, Company Takeover",X5 Retail Group NV announced the acquisition of Krasny Yar-Shina ZAO for RUB 5710.00M. The transaction was announced on 8/13/2025 and is currently pending.,Pending,M&A,No, ,Friendly,0,Cash,70,30, ,,,, ,,, ,Amsterdam,Russia,NL,Consumer Staples,X5 Retail Group NV,498525, ,N.A., ,N.A.,N.A., ,N.A.,, ,N.A,Russia,RU,Consumer Discretionary Products,Consumer Discretionary,Automotive,Krasny Yar-Shina ZAO,, , , , , , , , , ,,,,,,,,,
,, ,243837820, ,2026-06-04,N/A,N/A,N/A,2026-06-04,,RUB,N/A,Company Takeover,Lenta International Co PJSC acquired O'Key Group SA. The transaction was completed on 6/4/2026. Financial terms of the transaction are undisclosed.,Completed,M&A,No, ,Friendly,0,Undisclosed,0,100,2025-08-27,,,, ,,, ,Saint Petersburg,Russia,RU,Consumer Staples,Lenta International Co PJSC,66700,NONWEAVE FAB,2297, ,N.A.,N.A., ,N.A.,, ,Moscow,Russia,RU,Retail & Wholesale - Staples,Consumer Staples,Retail - Consumer Staples,O'Key Group SA,19000, , , , , , , , , ,,,,,,,,,
,, ,243926083, ,2021-11-01,N/A,N/A,N/A, ,,EUR,N/A,"Cross Border, Company Takeover",A consortium led by BlackRock Inc announced the sale of GV Gold Vysochaishy Pjsc to Selmareco Ltd. The transaction was announced on 11/1/2021 and is currently pending. Financial terms of the transaction are undisclosed.,Pending,M&A,No, ,Friendly,0,Cash,0,100, ,,,, ,,, , ,Cyprus,CY,Materials,Selmareco Ltd,, ,N.A.,,N.A.,N.A.,,"Government, Financials","European Bank for Reconstruction & Development,BlackRock Inc",,Moscow,Russia,RU,Materials,Materials,Metals & Mining,GV Gold Vysochaishy Pjsc,, , , , , , , , , ,,,,2022-01-25,,,,,
,, ,243980793, ,2025-09-08,N/A,N/A,N/A,2025-12-31,,RUB,N/A,"Company Takeover, Cross Border, Additional Stake Purchase",Deutsche Lufthansa AG proposed to sell Aeromar JSC to Aeroflot PJSC. The transaction was proposed on 9/8/2025. Financial terms of the transaction are unknown.,Proposed,M&A,No, ,Friendly,0,Undisclosed,51,49,2025-09-08,Preliminary Offer,,, ,,, ,Moscow,Russia,RU,Industrials,Aeroflot PJSC,, ,N.A.,N.A.,N.A.,Germany,DE,Industrials,Deutsche Lufthansa AG, ,Khimki,Russia,RU,Consumer Discretionary Services,Consumer Discretionary,Leisure Facilities & Services,Aeromar JSC,, , , , , , , , , ,,,,,,,,,
,, ,244011423, ,2018-08-07,28.35,28.35,1800.0 Mln,2018-08-07,,RUB,28.35,Company Takeover,Ros Agro PLC acquired Kapitalagro ZAO for RUB 1800.00M. The transaction was completed on 8/7/2018.,Completed,M&A,No, ,Friendly,0,Cash,0,100, ,,,, ,,, ,Tambov,Russia,RU,Consumer Staples,Ros Agro PLC,29781, ,N.A., ,N.A.,N.A., ,N.A.,, ,N.A,Russia,RU,Consumer Staple Products,Consumer Staples,Food,Kapitalagro ZAO,, , , , , , , , , ,,,,,,,,,
,, ,244031561, ,2025-09-11,N/A,N/A,N/A,2025-09-11,,RUB,N/A,Minority Purchase,Private Investor acquired a minority stake in Pacific Logistic OOO. The transaction was completed on 9/11/2025. Financial terms of the transaction are undisclosed.,Completed,INV,No, ,Friendly,0,Cash,0,24.99, ,,,, ,,, ,,United States,,N.A.,Private Investor,,,, ,4789,N.A., ,N.A.,, ,Vladivostok,Russia,RU,Industrial Services,Industrials,Transportation & Logistics,Pacific Logistic OOO,,TRANS SVC NEC, , , , , , , , ,,,,,,,,,
,, ,244087308, ,2025-09-16,N/A,N/A,N/A,2025-09-15,,RUB,N/A,Minority Purchase,Yandeks MKPAO acquired a minority stake in DND OOO. The transaction was announced on 9/16/2025 and completed on 9/15/2025. Financial terms of the transaction are undisclosed.,Completed,INV,No, ,Friendly,0,Undisclosed,0,9.33, ,,,, ,,, ,Moscow,Russia,RU,Technology,Yandeks MKPAO,, ,N.A., ,N.A.,N.A., ,N.A.,, ,Moscow,Russia,RU,Media,Communications,Internet Media & Services,DND OOO,, , , , , , , , , ,,,,,,,,,
,, ,244090124, ,2025-09-17,N/A,N/A,N/A, ,,RUB,N/A,Company Takeover,Evraz Avia Servis EAS LLC proposed to acquire Aviakompaniya Volga-Dnepr OOO. The transaction was proposed on 9/17/2025. Financial terms of the transaction are unknown.,Proposed,M&A,No, ,Friendly,0,Undisclosed,0,100,2025-09-17,Negotiation,,, ,,, , ,Russia,RU,Financials,Evraz Avia Servis EAS LLC,, ,N.A., ,4522,N.A., ,N.A.,, ,Ulyanovsk,Russia,RU,Industrial Services,Industrials,Transportation & Logistics,Aviakompaniya Volga-Dnepr OOO,,NOT SCHED AIR, , , , , , , , ,,,,,,,,,
,, ,244181663, ,2025-06-16,N/A,N/A,N/A,2025-06-16,,RUB,N/A,Company Takeover,VTB Bank PJSC acquired Rossiyskiy Natsionalny Kommercheskiy Bank OJSC. The transaction was completed on 6/16/2025. Financial terms of the transaction are undisclosed.,Completed,M&A,No, ,Friendly,0,Undisclosed,0,100, ,,,, ,,, ,Moscow,Russia,RU,Financials,VTB Bank PJSC,, ,N.A., ,N.A.,N.A., ,N.A.,, ,Simferopol,Russia,RU,Banking,Financials,Banking,Rossiyskiy Natsionalny Kommercheskiy Bank OJSC,, , , , , , , , , ,,,,,,,,,
,, ,244185229, ,2025-09-25,N/A,N/A,N/A, ,,RUB,N/A,Asset Sale,Komfovent UAB proposed to sell Certain Asset/Komfovent Ltd to Potential Buyer. The transaction was proposed on 9/25/2025. Financial terms of the transaction are unknown.,Proposed,AST,No, ,Friendly,0,Cash,0,100,2025-09-25,,,, ,,, ,,United States,,N.A.,Potential Buyer,,,,N.A.,,United Kingdom,LT,Industrials,Komfovent UAB, ,,Russia,,Real Estate,Real Estate,REIT,Certain Asset/Komfovent Ltd,,, , , , , , , , ,,,,,,,,,
,, ,244477125, ,2025-10-21,N/A,N/A,N/A,2025-10-21,,USD,N/A,"Majority Purchase, Cross Border",PNC Financial Services Group Inc/The acquired Fabrika Morozhenogo OOO. The transaction was completed on 10/21/2025. Financial terms of the transaction are undisclosed.,Completed,M&A,No, ,Friendly,0,Undisclosed,0,0, ,,,, ,,, ,Pittsburgh,United States,US,Financials,PNC Financial Services Group Inc/The,57628,NATL COML BANK,6021, ,2024,N.A., ,N.A.,, ,N.A,Russia,RU,Consumer Staple Products,Consumer Staples,Food,Fabrika Morozhenogo OOO,,ICE CREAM/FROZ, , , , , , , , ,,,,,,,,,
,, ,244565326, ,2025-10-29,1133.33,1133.33,90090.0 Mln, ,,RUB,1133.33,Asset Sale,Raven Property Group Ltd proposed to sell 2M sq mtr warehouse/Moscow to Potential Buyer for RUB 90090.00M. The transaction was proposed on 10/29/2025.,Proposed,AST,No, ,Friendly,0,Cash,0,100,2025-10-29,Preliminary Offer,,, ,,, ,,United States,,N.A.,Potential Buyer,,,,N.A.,,Guernsey,GG,Real Estate,Raven Property Group Ltd, ,,Russia,,Real Estate,Real Estate,REIT,2M sq mtr warehouse/Moscow,,, , , , , , , , ,,,,,,,,,
,, ,244624150, ,2025-11-03,N/A,N/A,N/A,2025-11-03,,RUB,N/A,Company Takeover,EMTs AO acquired Portfolio of 16 clinic Moscow healthcare network/Moscow. The transaction was completed on 11/3/2025. Financial terms of the transaction are undisclosed.,Completed,M&A,No, ,Friendly,0,Cash,0,75, ,,,, ,,, ,Moscow,Russia,RU,Health Care,EMTs AO,,MD OFFICES,8011, ,,N.A., ,N.A.,, ,,Russia,,Health Care,Health Care,Health Care Facilities & Svcs,Portfolio of 16 clinic Moscow healthcare network/Moscow,,, , , , , , , , ,,,,,,,,,
,, ,244814698, ,2025-11-18,N/A,N/A,N/A, ,,USD,N/A,"Cross Border, Minority Purchase, Company Takeover",KazMunayGas National Co JSC proposed the acquisition of a minority stake in LUKOIL PJSC. The transaction was proposed on 11/18/2025. Financial terms of the transaction are unknown.,Proposed,M&A,No, ,Friendly,0,Undisclosed,0,0,2025-11-18,Negotiation,,, ,,, ,Astana,Kazakhstan,KZ,Energy,KazMunayGas National Co JSC,60173,CRUDE PETR/NG,1311, ,N.A.,N.A., ,N.A.,, ,Moscow,Russia,RU,Oil & Gas,Energy,Oil & Gas Supply Chain,LUKOIL PJSC,, , , , , , , , , ,,,,,,,,,
,, ,244925211, ,2025-11-27,N/A,N/A,N/A,2025-11-27,,RUB,N/A,Company Takeover,READOVKA.RU OOO acquired URA.RU OOO. The transaction was completed on 11/27/2025. Financial terms of the transaction are undisclosed.,Completed,M&A,No, ,Friendly,0,Undisclosed,0,100, ,,,, ,,, ,Moscow,Russia,RU,Communications,READOVKA.RU OOO,, ,N.A., ,N.A.,N.A., ,N.A.,, ,Yekaterinburg,Russia,RU,Media,Communications,Advertising & Marketing,URA.RU OOO,, , , , , , , , , ,,,,,,,,,
,, ,244931057, ,2025-11-28,118.31,118.31,9200.0 Mln,2025-09-30,,RUB,111.78,"Company Takeover, Additional Stake Purchase",Acron PJSC acquired CJSC Verkhnekamsk Potash Co for RUB 9200.00M. The transaction was announced on 11/28/2025 and completed on 9/30/2025.,Completed,M&A,No, ,Friendly,0,Cash,90,10, ,,,, ,,, ,Moscow,Russia,RU,Materials,Acron PJSC,5572, ,N.A., ,N.A.,N.A., ,N.A.,, ,Permski Krai,Russia,RU,Materials,Materials,Chemicals,CJSC Verkhnekamsk Potash Co,, , , , , , , , , ,,,,,,,,,
,, ,244967227, ,2025-12-01,N/A,N/A,N/A,2025-12-01,,RUB,N/A,Additional Stake Purchase,Rostelecom PJSC acquired Basalt OOO. The transaction was completed on 12/1/2025. Financial terms of the transaction are undisclosed.,Completed,INV,No, ,Friendly,0,Undisclosed,14.5,10.5, ,,,, ,,, ,Moscow,Russia,RU,Communications,Rostelecom PJSC,,PHONE NO  RADI,4813, ,5719,N.A., ,N.A.,, , ,Russia,RU,Retail & Whsle - Discretionary,Consumer Discretionary,Retail - Discretionary,Basalt OOO,,HOMEFURN STORE, , , , , , , , ,,,,,,,,,
,, ,244969802, ,2025-12-01,N/A,N/A,N/A,2025-12-01,,RUB,N/A,Minority Purchase,IKS Holding JSC acquired a minority stake in Mind Soft LLC. The transaction was completed on 12/1/2025. Financial terms of the transaction are undisclosed.,Completed,INV,No, ,Friendly,0,Undisclosed,0,24.99, ,,,, ,,, ,Moscow,Russia,RU,Financials,IKS Holding JSC,, ,N.A., ,N.A.,N.A., ,N.A.,, ,Moscow,Russia,RU,Software & Tech Services,Technology,Software,Mind Soft LLC,, , , , , , , , , ,,,,,,,,,
,, ,245001080, ,2025-12-03,N/A,N/A,N/A,2025-12-31,,RUB,N/A,Company Takeover,Svyazinvestneftekhim OAO announced the acquisition of Rosspirtprom OAO. The transaction was announced on 12/3/2025 and is expected to be completed by 12/31/2025. Financial terms of the transaction are undisclosed.,Pending,M&A,No, ,Friendly,0,Undisclosed,0,100, ,,,, ,,, ,Republic Of Tatarstan,Russia,RU,Financials,Svyazinvestneftekhim OAO,, ,N.A., ,2085,N.A., ,N.A.,, ,Moscow,Russia,RU,Consumer Staple Products,Consumer Staples,Beverages,Rosspirtprom OAO,,DISTL/BLND LQR, , , , , , , , ,,,,,,,,,
,, ,245089179, ,2025-12-10,N/A,N/A,N/A, ,,RUB,N/A,Majority Purchase,Lenta International Co PJSC announced the acquisition of Remi Group OOO/RU. The transaction was announced on 12/10/2025 and is currently pending. Financial terms of the transaction are undisclosed.,Pending,M&A,No, ,Friendly,0,Undisclosed,0,67, ,,,, ,,, ,Saint Petersburg,Russia,RU,Consumer Staples,Lenta International Co PJSC,66700,NONWEAVE FAB,2297, ,N.A.,N.A., ,N.A.,, , ,Russia,RU,Retail & Wholesale - Staples,Consumer Staples,Wholesale - Consumer Staples,Remi Group OOO/RU,, , , , , , , , , ,,,,,,,,,
,, ,245100367, ,2025-12-11,N/A,N/A,N/A,2025-12-11,,RUB,N/A,Company Takeover,Zemun OOO acquired Rbf Retail LLC. The transaction was completed on 12/11/2025. Financial terms of the transaction are undisclosed.,Completed,M&A,No, ,Friendly,0,Undisclosed,0,99, ,,,, ,,, , ,Russia,RU,Consumer Staples,Zemun OOO,, ,N.A., ,N.A.,N.A., ,N.A.,, ,Moscow,Russia,RU,Consumer Staple Products,Consumer Staples,Food,Rbf Retail LLC,, , , , , , , , , ,,,,,,,,,
,, ,245119576, ,2019-03-01,2.84,2.84,187.5 Mln,2019-03-01,,RUB,2.84,"Financing Round, Private Equity, Minority Purchase, Venture Capital",A consortium led by Internet Initiatives Development Fund acquired a minority stake in Brand Quad LLC. The transaction was completed on 3/1/2019.,Completed,INV,No, ,Friendly,0,Cash,0,0, ,,,, ,,, ,,United States,,Financials,"Private Investor,Internet Initiatives Development Fund",,,, ,N.A.,N.A., ,N.A.,, ,N.A,Russia,RU,Software & Tech Services,Technology,Software,Brand Quad LLC,, , , , , , , , , ,,,,,,,,,
,, ,245145334, ,2025-12-15,N/A,N/A,N/A,2025-12-15,,RUB,N/A,"Company Takeover, Additional Stake Purchase",Moscow Exchange MICEX-RTS PJSC acquired Procompliance LLC. The transaction was completed on 12/15/2025. Financial terms of the transaction are undisclosed.,Completed,M&A,No, ,Friendly,0,Undisclosed,50.099998,49.900002, ,,,, ,,, ,Moscow,Russia,RU,Financials,Moscow Exchange MICEX-RTS PJSC,3771,SEC EXCHANGES,6231, ,N.A.,N.A., ,N.A.,, ,N.A,Russia,RU,Software & Tech Services,Technology,Software,Procompliance LLC,, , , , , , , , , ,,,,,,,,,
,, ,245286808, ,2025-12-23,N/A,N/A,N/A,2025-12-23,,RUB,N/A,"Cross Border, Company Takeover",Grupo Antolin-France SAS sold Zapad LLC & Alta Povolzhye OOO to MGC Group LLC. The transaction was completed on 12/23/2025. Financial terms of the transaction are undisclosed.,Completed,M&A,No, ,Friendly,0,Undisclosed,0,100, ,,,, ,,, ,Perevalnoye,Russia,RU,Consumer Discretionary,MGC Group LLC,, ,N.A.,N.A.,,France,FR,Consumer Discretionary,Grupo Antolin-France SAS, ,,Spain,,"Retail & Whsle - Discretionary, Retail & Whsle - Discretionary","Consumer Discretionary, Consumer Discretionary","Wholesale - Discretionary, Wholesale - Discretionary","Zapad LLC,Alta Povolzhye OOO",,, , , , , , , , ,,,,,,,,,
,, ,245339026, ,2025-12-30,N/A,N/A,N/A,2025-12-30,,RUB,N/A,Minority Purchase,Tatneft PJSC acquired a minority stake in Biometionin LLC. The transaction was completed on 12/30/2025. Financial terms of the transaction are undisclosed.,Completed,INV,No, ,Friendly,0,Cash,0,50, ,,,, ,,, ,Tatarstan,Russia,RU,Energy,Tatneft PJSC,, ,N.A., ,N.A.,N.A., ,N.A.,, ,Nizhnekamsk,Russia,RU,Materials,Materials,Chemicals,Biometionin LLC,, , , , , , , , , ,,,,,,,,,
,, ,245491657, ,2026-04-28,N/A,N/A,N/A,2026-04-28,,RUB,N/A,"Additional Stake Purchase, Company Takeover",Sovcombank PJSC acquired Vitabank JSC. The transaction was completed on 4/28/2026. Financial terms of the transaction are undisclosed.,Completed,M&A,No, ,Friendly,0,Undisclosed,54,46,2026-01-13,Negotiation,,, ,,, ,Kostroma,Russia,RU,Financials,Sovcombank PJSC,35115,NATL COML BANK,6021, ,N.A.,N.A., ,N.A.,, ,Podolsk,Russia,RU,Banking,Financials,Banking,Vitabank JSC,, , , , , , , , , ,,,,,,,,,
,, ,245492124, ,2026-01-13,N/A,N/A,N/A,2025-12-31,,RUB,N/A,Company Takeover,MTS-Bank PAO acquired Konstanta OOO. The transaction was announced on 1/13/2026 and completed on 12/31/2025. Financial terms of the transaction are undisclosed.,Completed,M&A,No, ,Friendly,0,Undisclosed,0,100, ,,,, ,,, ,Moscow,Russia,RU,Financials,MTS-Bank PAO,, ,N.A., ,5149,N.A., ,N.A.,, ,Moscow,Russia,RU,Retail & Wholesale - Staples,Consumer Staples,Wholesale - Consumer Staples,Konstanta OOO,,GROCERIES, , , , , , , , ,,,,,,,,,
,, ,245495124, ,2026-01-13,N/A,N/A,N/A, ,,RUB,N/A,Minority Purchase,Unnamed Buyer proposed the acquisition of a minority stake in Lambumiz ZAO. The transaction was proposed on 1/13/2026. Financial terms of the transaction are unknown.,Proposed,INV,No, ,Friendly,0,Undisclosed,0,25,2026-01-13,,,, ,,, ,,United States,,N.A.,Unnamed Buyer,,,, ,2631,N.A., ,N.A.,, ,Moscow,Russia,RU,Materials,Materials,Containers & Packaging,Lambumiz ZAO,255,PAPERBRD MILL, , , , , , , , ,,,,,,,,,
,, ,245507228, ,2026-01-14,N/A,N/A,N/A,2026-01-14,,RUB,N/A,Asset Sale,Danone SA acquired Polaris ice cream factory/Novosibirsk. The transaction was completed on 1/14/2026. Financial terms of the transaction are undisclosed.,Completed,AST,No, ,Friendly,0,Cash,0,100, ,,,, ,,, ,Paris,France,FR,Consumer Staples,Danone SA,90000, ,N.A., ,,N.A., ,N.A.,, ,,Russia,,Consumer Staple Products,Consumer Staples,Food,Polaris ice cream factory/Novosibirsk,,, , , , , , , , ,,,,,,,,,
,, ,245517779, ,2026-01-15,N/A,N/A,N/A, ,,RUB,N/A,Minority Purchase,Rostelecom PJSC announced the acquisition of a minority stake in Polymatica Rus LLC. The transaction was announced on 1/15/2026 and is currently pending. Financial terms of the transaction are undisclosed.,Pending,INV,No, ,Friendly,0,Cash,0,49, ,,,, ,,, ,Moscow,Russia,RU,Communications,Rostelecom PJSC,,PHONE NO  RADI,4813, ,N.A.,N.A., ,N.A.,, ,Moscow,Russia,RU,Software & Tech Services,Technology,Software,Polymatica Rus LLC,, , , , , , , , , ,,,,,,,,,
,, ,245578179, ,2026-01-22,N/A,N/A,N/A,2026-02-24,,RUB,N/A,Company Takeover,MTS-Bank PAO acquired Eksi-Bank ZAO. The transaction was announced on 1/22/2026 and completed on 2/24/2026. Financial terms of the transaction are undisclosed.,Completed,M&A,No, ,Friendly,0,Undisclosed,0,99.900002, ,,,, ,,, ,Moscow,Russia,RU,Financials,MTS-Bank PAO,, ,N.A., ,6021,N.A., ,N.A.,, ,Sankt-peterburg,Russia,RU,Banking,Financials,Banking,Eksi-Bank ZAO,,NATL COML BANK, , , , , , , , ,,,,,,,,,
,, ,245925911, ,2026-02-19,N/A,N/A,N/A,2026-02-19,,RUB,N/A,Majority Purchase,Gruppa Kompaniy Rusagro OOO acquired Tsentralnoe AO/Elektrostal. The transaction was completed on 2/19/2026. Financial terms of the transaction are undisclosed.,Completed,M&A,No, ,Friendly,0,Undisclosed,0,51, ,,,, ,,, ,Belgorod,Russia,RU,Consumer Staples,Gruppa Kompaniy Rusagro OOO,, ,N.A., ,6531,N.A., ,N.A.,, ,N.A,Russia,RU,Real Estate,Real Estate,Real Estate Services,Tsentralnoe AO/Elektrostal,,REAL EST AGENT, , , , , , , , ,,,,,,,,,
,, ,245928930, ,2026-02-19,32.84,32.84,N/A,2026-02-17,,RUB,32.92,"Cross Border, Asset Sale",Natura Cosmeticos SA sold Avon Russia/Avon Netherlands Holdings II BV to Arnest Kosmetiks OOO for RUB 2520.40M. The transaction was announced on 2/19/2026 and completed on 2/17/2026.,Completed,AST,No, ,Friendly,0,Cash,0,100, ,,,Baker McKenzie, ,,, ,N.A,Russia,RU,Consumer Staples,Arnest Kosmetiks OOO,,POLISH/SANITAT,2842,N.A.,,Brazil,BR,Consumer Staples,Natura Cosmeticos SA, ,,Russia,,Consumer Staple Products,Consumer Staples,Household Products,Avon Russia/Avon Netherlands Holdings II BV,,, , , , , , , , ,,,,,,,,,
,, ,245943598, ,2026-02-20,N/A,N/A,N/A,2026-02-20,,RUB,N/A,Majority Purchase,Burservice OOO acquired Ufaburmash Technology OOO. The transaction was completed on 2/20/2026. Financial terms of the transaction are undisclosed.,Completed,M&A,No, ,Friendly,0,Cash,0,51, ,,,, ,,, ,Novosheshminsk,Russia,RU,Energy,Burservice OOO,, ,N.A., ,N.A.,N.A., ,N.A.,, ,Ufa,Russia,RU,Oil & Gas,Energy,Oil & Gas Services & Equip,Ufaburmash Technology OOO,, , , , , , , , , ,,,,,,,,,
,, ,245996535, ,2026-02-25,N/A,N/A,N/A, ,,RUB,N/A,Asset Sale,Belorusneft proposed to acquire Certain oil field/Russia. The transaction was proposed on 2/25/2026. Financial terms of the transaction are unknown.,Proposed,AST,No, ,Friendly,0,Cash,0,100,2026-02-25,,,, ,,, ,Gomel,Belarus,BY,Energy,Belorusneft,,PETR PROD NEC,5172, ,,N.A., ,N.A.,, ,,Russia,,Consumer Staple Products,Consumer Staples,Food,Certain oil field/Russia,,, , , , , , , , ,,,,,,,,,
,, ,246110980, ,2026-03-03,N/A,N/A,N/A, ,,RUB,N/A,Minority Purchase,Nova Kapital OOO proposed the acquisition of a minority stake in Elgaugol OAO. The transaction was proposed on 3/3/2026. Financial terms of the transaction are unknown.,Proposed,INV,No, ,Friendly,0,Undisclosed,0,40,2026-03-03,Negotiation,,, ,,, ,Moscow,Russia,RU,Financials,Nova Kapital OOO,, ,N.A., ,N.A.,N.A., ,N.A.,, ,Neryungri,Russia,RU,Materials,Materials,Metals & Mining,Elgaugol OAO,, , , , , , , , , ,,,,,,,,,
,, ,246138569, ,2026-03-05,N/A,N/A,N/A,2026-03-05,,MKD,N/A,Additional Stake Purchase,Petrol-Servis OOO acquired Fabrika Karpos AD. The transaction was completed on 3/5/2026. Financial terms of the transaction are undisclosed.,Completed,INV,No, ,Friendly,0,Cash,74.889999,5.1, ,,,, ,,, ,Almetyevsk,Russia,RU,Energy,Petrol-Servis OOO,,OIL/GAS EXPL,1382, ,N.A.,N.A., ,N.A.,, ,Skopje,Russia,MK,Industrial Services,Industrials,Engineering & Construction,Fabrika Karpos AD,, , , , , , , , , ,,,,,,,,,
,, ,246542495, ,2026-04-02,N/A,N/A,N/A,2026-04-02,,RUB,N/A,Company Takeover,RWB 000 acquired Gruzovichkof-Center OOO & Taksovichkof. The transaction was completed on 4/2/2026. Financial terms of the transaction are undisclosed.,Completed,M&A,No, ,Friendly,0,Undisclosed,0,100, ,,,, ,,, ,Podolsk,Russia,RU,Financials,RWB 000,, ,N.A., ,,N.A., ,N.A.,, ,,Russia,,"Industrial Services, Industrial Services","Industrials, Industrials","Transportation & Logistics, Transportation & Logistics","Gruzovichkof-Center OOO,Taksovichkof",,, , , , , , , , ,,,,,,,,,
,, ,246601181, ,2026-04-09,26.4,26.4,2050.0 Mln,2026-04-09,,RUB,26.4,"Company Takeover, Cross Border",Charoen Pokphand Foods PCL acquired Novomyasovo OOO for RUB 2050.00M. The transaction was completed on 4/9/2026.,Completed,M&A,No, ,Friendly,0,Cash,0,100, ,,,, ,,, ,Bangkok,Thailand,TH,Consumer Staples,Charoen Pokphand Foods PCL,, ,N.A., ,N.A.,N.A., ,N.A.,, , ,Russia,RU,Real Estate,Real Estate,Real Estate Services,Novomyasovo OOO,, , , , , , , , , ,,,,,,,,,
,, ,246651721, ,2026-04-15,N/A,N/A,N/A,2026-04-15,,RUB,N/A,Company Takeover,Sovcombank PJSC acquired Kapital Laif Strahovanie Zhizni OOO. The transaction was completed on 4/15/2026. Financial terms of the transaction are undisclosed.,Completed,M&A,No, ,Friendly,0,Undisclosed,0,100, ,,,, ,,, ,Kostroma,Russia,RU,Financials,Sovcombank PJSC,35115,NATL COML BANK,6021, ,6311,N.A., ,N.A.,, ,Moscow,Russia,RU,Insurance,Financials,Insurance,Kapital Laif Strahovanie Zhizni OOO,,LIFE INSURANCE, , , , , , , , ,,,,,,,,,
,, ,246666654, ,2026-04-16,20,20,20.0 Mln,2026-04-16,,USD,20,"Series A / 1, Private Equity, Cross Border, Additional Stake Purchase, Venture Capital, Minority Purchase",A consortium led by Nuveen AMT-Free Quality Municipal Income Fund acquired a minority stake in Spektr OOO. The transaction was completed on 4/16/2026.,Completed,INV,No, ,Friendly,0,Cash,0,0, ,,,, ,,, ,,United States,,"Financials, Financials, Financials","Nuveen AMT-Free Quality Municipal Income Fund,Northzone Ventures Sweden AB (Fund: Northzone X LP),Seedcamp Ltd (Fund: Seedcamp VI LP),PSV Tech Management ApS",,,, ,1442,N.A., ,N.A.,, ,Buynaksk,Russia,RU,Materials,Materials,Metals & Mining,Spektr OOO,,CONSTR SAND/GR, , , , , , , , ,,,,,,,,,
,, ,246698436, ,2026-04-20,N/A,N/A,N/A,2026-04-20,,RUB,N/A,"Cross Border, Company Takeover",QIWI plc sold Flocktory to Alfa-Bank CJSC. The transaction was completed on 4/20/2026. Financial terms of the transaction are undisclosed.,Completed,M&A,No, ,Friendly,0,Cash,0,100, ,,,, ,,, ,Minsk,Belarus,BY,Financials,Alfa-Bank CJSC,, ,N.A.,7389,N.A.,Cyprus,CY,Financials,QIWI plc,BUSINESS SVC,Moscow,Russia,RU,Retail & Whsle - Discretionary,Consumer Discretionary,E-Commerce Discretionary,Flocktory,, , , , , , , , , ,,,,,,,,,
,, ,246785965, ,2026-04-27,N/A,N/A,N/A,2026-04-27,,RUB,N/A,"Cross Border, Majority Purchase",Gentlia Ltd sold Pavlik AO to Aurum Trade JSC. The transaction was completed on 4/27/2026. Financial terms of the transaction are undisclosed.,Completed,M&A,No, ,Friendly,0,Stock,0,87.629997, ,,,,0.5 Mln Sh,,, ,Kazan,Russia,RU,Financials,Aurum Trade JSC,, ,N.A.,N.A.,1099,Cyprus,CY,Financials,Gentlia Ltd, ,Magadan,Russia,RU,Materials,Materials,Metals & Mining,Pavlik AO,,METAL ORES NEC, , , , , , , , ,,,,,,,,,
,, ,246939467, ,2026-05-07,N/A,N/A,N/A, ,,RUB,N/A,"Cross Border, Minority Purchase",UniCredit SpA proposed to sell a minority stake in AO Bank Onego to Potential Buyer. The transaction was proposed on 5/7/2026. Financial terms of the transaction are unknown.,Proposed,INV,No, ,Friendly,0,Cash,0,0,2026-05-07,On the Block,,, ,,, ,,United States,,N.A.,Potential Buyer,,,,N.A.,N.A.,Italy,IT,Financials,UniCredit SpA, ,Petrozavodsk,Russia,RU,Financial Services,Financials,Specialty Finance,AO Bank Onego,, , , , , , , , , ,,,,,,,,,
,, ,246988919, ,2026-05-08,N/A,N/A,N/A,2026-05-08,,RUB,N/A,Company Takeover,Corporate Center X5 PJSC acquired Torgovyy Dom VKT OOO. The transaction was completed on 5/8/2026. Financial terms of the transaction are undisclosed.,Completed,M&A,No, ,Friendly,0,Undisclosed,0,100, ,,,, ,,, ,Moscow,Russia,RU,Consumer Staples,Corporate Center X5 PJSC,, ,N.A., ,5149,N.A., ,N.A.,, ,Nizhni Novgorod,Russia,RU,Retail & Wholesale - Staples,Consumer Staples,Wholesale - Consumer Staples,Torgovyy Dom VKT OOO,,GROCERIES, , , , , , , , ,,,,,,,,,
,, ,246994477, ,2026-05-09,N/A,N/A,N/A, ,,RUB,N/A,"Tender Offer, Additional Stake Purchase, Mandatory Offer",Alfa Group ZAO announced the acquisition of Europlan Leasing Co. The transaction was announced on 5/9/2026 and is currently pending. Financial terms of the transaction are undisclosed.,Pending,INV,No, ,Friendly,0,Undisclosed,87.5,7.9, ,,,, ,,, ,Moscow,Russia,RU,Financials,Alfa Group ZAO,, ,N.A., ,N.A.,N.A., ,N.A.,, ,Moscow,Russia,RU,Financial Services,Financials,Specialty Finance,Europlan Leasing Co,2986, , , , , , , , , ,,,,,,,,,
,, ,247130058, ,2026-05-20,N/A,N/A,N/A, ,,RUB,N/A,Minority Purchase,T1 OOO proposed the acquisition of a minority stake in Astra Group PJSC. The transaction was proposed on 5/20/2026. Financial terms of the transaction are unknown.,Proposed,INV,No, ,Friendly,0,Undisclosed,0,15,2026-05-20,Negotiation,,, ,,, ,Moscow,Russia,RU,Technology,T1 OOO,, ,N.A., ,N.A.,N.A., ,N.A.,, ,Moscow,Russia,RU,Industrial Services,Industrials,Commercial Support Services,Astra Group PJSC,2761, , , , , , , , , ,,,,,,,,,
,, ,247184599, ,2026-05-26,N/A,N/A,N/A, ,,RUB,N/A,Minority Purchase,VTB Bank PJSC announced the acquisition of a minority stake in Wildberries OOO. The transaction was announced on 5/26/2026 and is currently pending. Financial terms of the transaction are undisclosed.,Pending,INV,No, ,Friendly,0,Undisclosed,0,5, ,,,, ,,, ,Moscow,Russia,RU,Financials,VTB Bank PJSC,, ,N.A., ,5961,N.A., ,N.A.,, ,Moscow,Russia,RU,Financial Services,Financials,Specialty Finance,Wildberries OOO,,CATALOG SALES, , , , , , , , ,,,,,,,,,
,, ,247269146, ,2026-06-01,N/A,N/A,N/A,2026-06-01,,RUB,N/A,Company Takeover,MGC Group LLC acquired AIT OOO. The transaction was completed on 6/1/2026. Financial terms of the transaction are undisclosed.,Completed,M&A,No, ,Friendly,0,Cash,0,100, ,,,, ,,, ,Perevalnoye,Russia,RU,Consumer Discretionary,MGC Group LLC,, ,N.A., ,3711,N.A., ,N.A.,, ,N.A,Russia,RU,Consumer Discretionary Products,Consumer Discretionary,Automotive,AIT OOO,,VEHIC/CAR BODY, , , , , , , , ,,,,,,,,,
,, ,247290863, ,2026-06-02,N/A,N/A,N/A,2026-06-02,,RUB,N/A,Company Takeover,Lenta International Co PJSC acquired RFB-Retail LLC. The transaction was completed on 6/2/2026. Financial terms of the transaction are undisclosed.,Completed,M&A,No, ,Friendly,0,Undisclosed,0,100, ,,,, ,,, ,Saint Petersburg,Russia,RU,Consumer Staples,Lenta International Co PJSC,66700,NONWEAVE FAB,2297, ,N.A.,N.A., ,N.A.,, , ,Russia,RU,Retail & Whsle - Discretionary,Consumer Discretionary,Retail - Discretionary,RFB-Retail LLC,, , , , , , , , , ,,,,,,,,,
,, ,247290949, ,2026-06-02,N/A,N/A,N/A, ,,RUB,N/A,Company Takeover,VEB.RF GK announced the acquisition of State Transport Leasing Co OJSC. The transaction was announced on 6/2/2026 and is currently pending. Financial terms of the transaction are undisclosed.,Pending,M&A,No, ,Friendly,0,Cash,0,100, ,,,, ,,, ,Moscow,Russia,RU,Government,VEB.RF GK,12722, ,N.A., ,6159,N.A., ,N.A.,, ,Salekhard,Russia,RU,Financial Services,Financials,Specialty Finance,State Transport Leasing Co OJSC,513,MISC BUS CRED, , , , , , , , ,,,,,,,,,
,, ,247308030, ,2026-06-03,N/A,N/A,N/A, ,,RUB,N/A,"Minority Purchase, Cross Border",TotalEnergies SE announced the sale of a minority stake in Arctic LNG 2 OOO to Nordline OOO. The transaction was announced on 6/3/2026 and is currently pending. Financial terms of the transaction are undisclosed.,Pending,INV,No, ,Friendly,0,Cash,0,10, ,,,, ,,, , ,Russia,RU,Energy,Nordline OOO,, ,N.A.,1311,N.A.,France,FR,Energy,TotalEnergies SE,CRUDE PETR/NG,Novyy Urengoy,Russia,RU,Oil & Gas,Energy,Oil & Gas Supply Chain,Arctic LNG 2 OOO,, , , , , , , , , ,,,,,,,,,
,, ,247586862, ,2026-06-26,N/A,N/A,N/A,2026-06-26,,RUB,N/A,Company Takeover,Sveza-Les OOO acquired Center for Pharmaceutical Packaging LLC. The transaction was completed on 6/26/2026. Financial terms of the transaction are undisclosed.,Completed,M&A,No, ,Friendly,0,Undisclosed,0,100, ,,,, ,,, ,Moscow,Russia,RU,Consumer Discretionary,Sveza-Les OOO,,DURABLE GOODS,5099, ,N.A.,N.A., ,N.A.,, ,Moscow,Russia,RU,Industrial Products,Industrials,Machinery,Center for Pharmaceutical Packaging LLC,, , , , , , , , , ,,,,,,,,,
,, ,247704337, ,2026-07-06,N/A,N/A,N/A,2026-07-31,,RUB,N/A,"Company Takeover, Additional Stake Purchase",Rosatom State Atomic Energy Corp announced the acquisition of Delo Group. The transaction was announced on 7/6/2026 and is expected to be completed by 7/31/2026. Financial terms of the transaction are undisclosed.,Pending,M&A,No, ,Friendly,0,Undisclosed,49,51, ,,,, ,,, , ,Russia,RU,Energy,Rosatom State Atomic Energy Corp,, ,N.A., ,N.A.,N.A., ,N.A.,, ,Moscow,Russia,RU,Industrial Services,Industrials,Transportation & Logistics,Delo Group,, , , , , , , , , ,,,,,,,,,
,, ,247774529, ,2026-07-13,N/A,N/A,N/A, ,,RUB,N/A,Company Takeover,Rosneft Oil Co PJSC announced the acquisition of Kynsko-Chaselskoye Neftegaz OOO. The transaction was announced on 7/13/2026 and is currently pending. Financial terms of the transaction are undisclosed.,Pending,M&A,No, ,Friendly,0,Cash,0,100, ,,,, ,,, ,Moscow,Russia,RU,Energy,Rosneft Oil Co PJSC,302100, ,N.A., ,N.A.,N.A., ,N.A.,, , ,Russia,RU,Oil & Gas,Energy,Oil & Gas Services & Equip,Kynsko-Chaselskoye Neftegaz OOO,, , , , , , , , , ,,,,,,,,,
,, ,247790863, ,2026-07-14,N/A,N/A,N/A,2026-07-14,,RUB,N/A,Asset Sale,Nord Gold PLC acquired Greenfield assets/Russia. The transaction was completed on 7/14/2026. Financial terms of the transaction are undisclosed.,Completed,AST,No, ,Friendly,0,Cash,0,100, ,,,, ,,, ,London,Russia,RU,Materials,Nord Gold PLC,7969, ,N.A., ,,N.A., ,N.A.,, ,,Russia,,Materials,Materials,Metals & Mining,Greenfield assets/Russia,,, , , , , , , , ,,,,,,,,,
,, ,247846518, ,2026-07-20,N/A,N/A,N/A,2026-07-20,,RUB,N/A,Company Takeover,Corporate Center X5 PJSC acquired City 77 Group. The transaction was completed on 7/20/2026. Financial terms of the transaction are undisclosed.,Completed,M&A,No, ,Friendly,0,Undisclosed,0,100, ,,,, ,,, ,Moscow,Russia,RU,Consumer Staples,Corporate Center X5 PJSC,, ,N.A., ,N.A.,N.A., ,N.A.,, , ,Russia,RU,Financial Services,Financials,Asset Management,City 77 Group,, , , , , , , , , ,,,,,,,,,
,, ,247877694, ,2026-07-21,N/A,N/A,N/A,2026-07-21,,RUB,N/A,Company Takeover,"X5 Retail Group NV acquired Gorod 77 OOO, Ecowine & Alco Nord. The transaction was completed on 7/21/2026. Financial terms of the transaction are undisclosed.",Completed,M&A,No, ,Friendly,0,Undisclosed,0,100, ,,,, ,,, ,Amsterdam,Russia,NL,Consumer Staples,X5 Retail Group NV,498525, ,N.A., ,,N.A., ,N.A.,, ,,Russia,,"Retail & Wholesale - Staples, Consumer Staple Products, Consumer Staple Products","Consumer Staples, Consumer Staples, Consumer Staples","Retail - Consumer Staples, Beverages, Beverages","Gorod 77 OOO,Ecowine,Alco Nord",,, , , , , , , , ,,,,,,,,,
,, ,247963890, ,2026-07-28,N/A,N/A,N/A,2026-07-28,,RUB,N/A,"Cross Border, Company Takeover",Linde UK Holdings NO 2 Ltd sold Praxea Rus LLC to Ruskhimalyans OOO. The transaction was completed on 7/28/2026. Financial terms of the transaction are undisclosed.,Completed,M&A,No, ,Friendly,0,Undisclosed,0,100, ,,,, ,,, ,Kingisepp,Russia,RU,Energy,Ruskhimalyans OOO,, ,N.A.,N.A.,N.A.,United States,GB,Financials,Linde UK Holdings NO 2 Ltd, ,Moscow,Russia,RU,Financial Services,Financials,Asset Management,Praxea Rus LLC,, , , , , , , , , ,,,,,,,,,
,Shearman Sterlng, ,248026664, ,2020-05-18,N/A,N/A,N/A,2020-07-27,,CNY,N/A,"PE Buyout, PE Seller, Private Equity, Cross Border, Secondary Transaction, Company Takeover",A consortium led by Shanghai Chenhui Venture Capital Management Co Ltd sold FineEX to Russian Direct Investment Fund Management Co. The transaction was announced on 5/18/2020 and completed on 7/27/2020. Financial terms of the transaction are undisclosed.,Completed,M&A,No, ,Friendly,0,Cash,0,100, ,,,, ,,, ,Moscow,Russia,RU,Financials,Russian Direct Investment Fund Management Co,, ,N.A.,,N.A.,Japan,,"Technology, Industrials, Financials, Financials","Transcosmos Inc,Zhejiang Transfar Logistics Base Co Ltd,Jiangsu Yida Equity Investment Management Co Ltd (Fund: Jiangsu Addor Health Achievement Innovation Venture Fund I),Shanghai Chenhui Venture Capital Management Co Ltd (Fund: Shanghai Puruan Chenhui Venture Fund LP)",,Shanghai,Russia,CN,Industrial Services,Industrials,Transportation & Logistics,FineEX,, , , , , , , , , ,,,,,,,,,
,, ,248089121, ,2026-08-06,N/A,N/A,N/A,2026-08-06,,RUB,N/A,Company Takeover,Gazprom PJSC acquired Gazprom Trubinves JSC. The transaction was completed on 8/6/2026. Financial terms of the transaction are undisclosed.,Completed,M&A,No, ,Friendly,0,Undisclosed,0,100, ,,,, ,,, ,St. Petersburg,Russia,RU,Energy,Gazprom PJSC,468, ,N.A., ,N.A.,N.A., ,N.A.,, , ,Russia,RU,Materials,Materials,Steel,Gazprom Trubinves JSC,, , , , , , , , , ,,,,,,,,,