firm_name,home_country,industry,provisional_entry_mode,requires_manual_review,evidence_summary,orbis_parent_match,orbis_direct_stakes_pct,reported_action_type,first_reported_exit_date,first_reported_reduction_or_exit_date,timing_left_censored,yale_action_text
AAK,Sweden,Consumer Staples,unclassified,yes,,,,sold,2023-08-23,2022-12-24,no,Exited Russia.
AB InBev,Belgium,Consumer Staples,mixed,yes,"Yale text explicitly mentions a joint venture; Yale text explicitly mentions a distribution, license, or franchise arrangement",,,sold,2022-12-24,2022-12-24,yes,sold stake in joint ventures and suspend using its license in Russia
ABB,Switzerland,Industrials,unclassified,yes,strict normalized name match to Orbis parent,ABB LTD,,sold,2023-08-23,2023-08-23,no,Exited Market
AECOM,United States,Industrials,unclassified,yes,strict normalized name match to Orbis parent,AECOM,,sold,2022-12-24,2022-12-24,yes,exit Russia operations
AFRY,Sweden,Industrials,unclassified,yes,,,,sold,2023-08-23,2023-08-23,no,Fully exit Russia after selling its operations
AG Barr,United Kingdom,Consumer Staples,unclassified,yes,,,,sold,2022-12-24,2022-12-24,yes,cut ties with Russian market
AP7,Sweden,Financials,unclassified,yes,,,,sold,2022-12-24,2022-12-24,yes,sell off  all of Russian shares
APG,Netherlands,Financials,unclassified,yes,,,,sold,2022-12-24,2022-12-24,yes,sell all Russian investment
AVL,Austria,Industrials,unclassified,yes,,,,suspended,2023-08-23,2023-08-23,no,"Stopped on business, initiated divestment process"
Aarsleff,Danish,Industrials,unclassified,yes,,,,sold,2023-08-23,2023-08-23,no,Withdrew from Russia
Accenture,Ireland,Information Technology,unclassified,yes,,,,sold,2022-12-24,2022-12-24,yes,exiting Russia completely
Accountor,Finland,Information Technology,unclassified,yes,,,,sold,2022-12-24,2022-12-24,yes,withdrawal from Russia
Acerinox,Spain,Materials,unclassified,yes,,,,suspended,2022-12-24,2022-12-24,yes,Ceased Operations
Acronis,Switzerland,Information Technology,wholly_owned,yes,strict normalized name match to Orbis parent; Orbis direct-stake category: wholly_owned,ACRONIS AG,100,suspended,2022-12-24,2022-12-24,yes,suspend operations in Russia
Adenza,United Kingdom,Information Technology,unclassified,yes,,,,other,2022-12-24,2022-12-24,yes,discontinue all operations in Russia
Aegon,Netherlands,Financials,unclassified,yes,,,,sold,2022-12-24,2022-12-24,yes,Sold exposure
AerCap,Ireland,Industrials,unclassified,yes,,,,other,2022-12-24,2022-12-24,yes,cease leasing activity with Russian airlines
Agilent,United States,Information Technology,unclassified,yes,,,,suspended,2023-08-23,2023-08-23,no,Fully stop all business in Russia
Agrokoncernas,Lithuania,Industrials,unclassified,yes,,,,suspended,2023-08-23,2023-08-23,no,Fully stop all business in Russia
Aimbridge | Interstate Hotels,United States,Consumer Discretionary,unclassified,yes,,,,suspended,2023-08-23,2023-08-23,no,Suspended all operations
Air Lease,United States,Industrials,unclassified,yes,,,,suspended,2023-08-23,2023-08-23,no,Fully stop all business in Russia
Air Liquide,France,Materials,unclassified,yes,,,,sold,2023-08-23,2023-08-23,no,Withdrawal from Russia
Air Products,United States,Materials,unclassified,yes,,,,sold,2022-12-24,2022-12-24,yes,full divestiture from Russia
AirBaltic,Latvia,Industrials,unclassified,yes,,,,sold,2022-12-24,2022-12-24,yes,leave Russian market until further notice
Akvelon,United States,Information Technology,unclassified,yes,,,,sold,2022-12-24,2022-12-24,yes,close offices in Moscow
Alcoa,United States,Materials,unclassified,yes,,,,other,2022-12-24,2022-12-24,yes,"cease buying raw materials from, or selling our products to, Russian businesses"
Aldi,Germany,Consumer Staples,unclassified,yes,,,,other,2022-12-24,2022-12-24,yes,remove products from Russia
Allegro,Poland,Consumer Discretionary,unclassified,yes,,,,other,2022-12-24,2022-12-24,yes,bans Russian & Belarussian products
Allen &amp; Overy,United Kingdom,Industrials,unclassified,yes,,,,sold,2023-08-23,2023-08-23,no,wind down Russian operations
AmRest,Spain,Consumer Discretionary,unclassified,yes,,,,sold,2023-08-23,2023-08-23,no,Fully exit Russia after selling its operations
Amedia,Norway,Communication Services,unclassified,yes,,,,sold,2023-08-23,2023-08-23,no,Fully exit Russia after selling its operations
American Airlines,United States,Industrials,unclassified,yes,,,,other,2022-12-24,2022-12-24,yes,end agreements with Russian airlines
Ametek,United States,Industrials,unclassified,yes,,,,other,2022-12-24,2022-12-24,yes,closing TPM Russia subsidiary due to war in Ukraine
Amsted Rail,United States,Industrials,unclassified,yes,,,,sold,2022-12-24,2022-12-24,yes,exit Russia completely
Amway,United States,Consumer Staples,unclassified,yes,,,,suspended,2023-08-23,2022-12-24,no,Ceased operations in Russia
Ansell,Australia,Industrials,unclassified,yes,,,,sold,2023-08-23,2023-08-23,no,Fully exit Russia after selling its operations
Arconic,United States,Materials,unclassified,yes,,,,sold,2023-08-23,2023-08-23,no,Exited Russia
Arendt &amp; Medernach,Luxembourg,Industrials,unclassified,yes,,,,suspended,2023-08-23,2023-08-23,no,pull out of Russia; close Russian office and suspend select Russian client engagements
Arrival,United Kingdom,Consumer Discretionary,unclassified,yes,,,,sold,2023-08-23,2023-08-23,no,Fully exit Russia after selling its operations
Asda,United Kingdom,Consumer Staples,unclassified,yes,,,,other,2022-12-24,2022-12-24,yes,remove products from Russia
Asics,Japan,Consumer Discretionary,unclassified,yes,strict normalized name match to Orbis parent,ASICS CORPORATION,,suspended,2023-08-23,2023-08-23,no,Ceased all business operations in Russia
Aspo,Finland,Industrials,unclassified,yes,,,,sold,2023-08-23,2023-08-23,no,Exited Russia Market
Assicurazioni Generali,Italy,Financials,unclassified,yes,strict normalized name match to Orbis parent,ASSICURAZIONI GENERALI SPA,,sold,2022-12-24,2022-12-24,yes,exit Russia completely
Atos,France,Information Technology,unclassified,yes,,,,other,2022-12-24,2022-12-24,yes,exit from Russia
Atria,Finland,Consumer Staples,unclassified,yes,,,,other,2022-12-24,2022-12-24,yes,exit business in Russia
Autogrill,Italy,Consumer Discretionary,unclassified,yes,,,,sold,2023-08-23,2023-08-23,no,Fully exit Russia after selling its operations
Avantor,United States,Health Care,unclassified,yes,,,,other,2023-08-23,2023-08-23,no,"Discontinued all sales into Russia, direct and indirect"
Avaya,United States,Information Technology,unclassified,yes,,,,other,2023-08-23,2023-08-23,no,Left Russia
Avery Dennison,United States,Materials,unclassified,yes,strict normalized name match to Orbis parent,AVERY DENNISON CORPORATION,,other,2022-12-24,2022-12-24,yes,exit Russian operations
Avid,United States,Information Technology,unclassified,yes,,,,other,2022-12-24,2022-12-24,yes,"cease all sales and support to all customers, users and resellers in Russia & Belarus"
Aviva,United Kingdom,Financials,unclassified,yes,,,,sold,2022-12-24,2022-12-24,yes,Exited all equity and debt positions
BASF SE,Germany,Materials,unclassified,yes,strict normalized name match to Orbis parent,BASF SE,,sold,2022-12-24,2022-12-24,yes,wind down Russian operations
BBDO,United States,Industrials,unclassified,yes,,,,other,2022-12-24,2022-12-24,yes,exit Russian operations
BSI,United Kingdom,Industrials,unclassified,yes,,,,suspended,2023-08-23,2023-08-23,no,Fully stop all business in Russia
Badoo,United Kingdom,Industrials,unclassified,yes,,,,suspended,2023-08-23,2023-08-23,no,Fully stop all business in Russia
Baker Botts,United States,Industrials,unclassified,yes,,,,sold,2022-12-24,2022-12-24,yes,wind down Moscow office
Baker Hughes,United States,Energy,unclassified,yes,,,,other,2023-08-23,2022-12-24,no,no longer provide engineering services to Russian LNG developers
Baker McKenzie,United States,Industrials,unclassified,yes,,,,other,2022-12-24,2022-12-24,yes,cease operations in Russia and transfer them to an independent entity
Baker Tilly,United Kingdom,Financials,unclassified,yes,,,,sold,2022-12-24,2022-12-24,yes,gradual wind down of operations in Russia
Bakoma,Poland,Consumer Staples,unclassified,yes,,,,sold,2022-12-24,2022-12-24,yes,withdraw from Russia completely prior to aggression
Ball Corporation,United States,Materials,unclassified,yes,,,,sold,2022-12-24,2022-12-24,yes,Fully exited Russia
BaseTrack,Estonia,Information Technology,unclassified,yes,,,,sold,2023-08-23,2023-08-23,no,Fully exit Russia after selling its operations
Beam Suntory,Japan,Consumer Staples,unclassified,yes,,,,sold,2023-08-23,2023-08-23,no,Fully exit Russia after selling its operations
Bellona,Norway,NGO,unclassified,yes,,,,sold,2023-08-23,2023-08-23,no,Fully exit Russia after selling its operations
Bentley Systems,United States,Information Technology,unclassified,yes,,,,other,2023-08-23,2022-12-24,no,Ended operations in Russia
Bestseller,Denmark,Consumer Discretionary,unclassified,yes,,,,suspended,2022-12-24,2022-12-24,yes,stop all sales to Russia through distributors
Bet356,United Kingdom,Consumer Discretionary,unclassified,yes,,,,suspended,2023-08-23,2023-08-23,no,Fully stop all business in Russia
BioMar,Danish,Industrials,unclassified,yes,,,,other,2023-08-23,2023-08-23,no,No longer doing business in Russia
BlackRock,United States,Financials,unclassified,yes,,,,other,2022-12-24,2022-12-24,yes,curtail Russian access to capital markets
Blockchain.com,Luxembourg,Information Technology,unclassified,yes,,,,suspended,2023-08-23,2023-08-23,no,Fully stop all business in Russia
Bolt,Estonia,Information Technology,unclassified,yes,,,,other,2023-08-23,2023-08-23,no,Liquidating remaining entity
Bonava,Sweden,Real Estate,unclassified,yes,,,,sold,2022-12-24,2022-12-24,yes,close operations in Russia
Booking,United States,Consumer Discretionary,unclassified,yes,,,,suspended,2023-08-23,2022-12-24,no,Suspended operations in Russia
Boreo,Finland,Industrials,unclassified,yes,,,,sold,2023-08-23,2023-08-23,no,Fully exit Russia after selling its operations
Bose,United States,Information Technology,unclassified,yes,,,,suspended,2022-12-24,2022-12-24,yes,stop all product shipments
Boskalis,Netherlands,Industrials,unclassified,yes,,,,other,2022-12-24,2022-12-24,yes,exit Russian  Arctic LNG 2 project
Breitling SA,Switzerland,Consumer Discretionary,unclassified,yes,,,,sold,2023-08-23,2023-08-23,no,Fully exit Russia after selling its operations
Bristol-Myers Squibb,United States,Health Care,unclassified,yes,,,,sold,2023-08-23,2023-08-23,no,transfer business and exit completely
British American Tobacco,United Kingdom,Consumer Staples,unclassified,yes,,,,other,2022-12-24,2022-12-24,yes,exit Russian operations
British Petroleum (BP),United Kingdom,Energy,unclassified,yes,,,,sold,2023-08-23,2023-08-23,no,Will divest from 20% Rosneft stake
British Standards Institution (BSI),United Kingdom,Industrials,unclassified,yes,,,,other,2022-12-24,2022-12-24,yes,terminate all contractual relations & discontinue services in Russia
Broadridge Financial Solutions,United States,Financials,wholly_owned,yes,strict normalized name match to Orbis parent; Orbis direct-stake category: wholly_owned,"BROADRIDGE FINANCIAL SOLUTIONS, INC.",100,sold,2023-08-23,2023-08-23,no,Fully exit Russia after selling its operations
Bruker,United States,Industrials,unclassified,yes,,,,suspended,2023-09-22,2023-09-22,no,Ceased operations in Russia
Brunel,Netherlands,Industrials,unclassified,yes,,,,sold,2023-08-23,2023-08-23,no,Fully exit Russia after selling its operations
Bryan Cave,United States,Industrials,unclassified,yes,,,,other,2022-12-24,2022-12-24,yes,exit Russian operations; local partners and counsel form new firms
Bumble,United States,Communication Services,unclassified,yes,strict normalized name match to Orbis parent,BUMBLE INC.,,other,2022-12-24,2022-12-24,yes,remove apps from app stores
Bunge,United States,Consumer Staples,unclassified,yes,,,,sold,2023-08-23,2023-08-23,no,Sold Russian Business
CBC,Canada,Communication Services,unclassified,yes,,,,other,2023-08-23,2023-08-23,no,Cease all reporting from Russia and all presence
CCC,Poland,Consumer Discretionary,unclassified,yes,,,,sold,2023-08-23,2022-12-24,no,Left Russia. Sold Subsidary
CD Projekt,Poland,Communication Services,unclassified,yes,,,,other,2023-08-23,2022-12-24,no,Halts all sales of products in Russia & Belarus
CERN,Switzerland,NGO,unclassified,yes,,,,other,2023-08-23,2022-12-24,no,Will end cooperation with Russia in 2024
CFA Institute,United States,NGO,unclassified,yes,,,,other,2023-08-23,2023-08-23,no,Cease all business in Russia
CMA CGM,France,Industrials,unclassified,yes,,,,other,2023-08-23,2022-12-24,no,Completes Russia Exit
CMS,Germany,Industrials,unclassified,yes,,,,other,2022-12-24,2022-12-24,yes,transfer Russian practice to local partners and counsel
CRH,Ireland,Materials,unclassified,yes,,,,sold,2022-12-24,2022-12-24,yes,withdrawal from Russia
Cadence,United States,Information Technology,unclassified,yes,,,,other,2022-12-24,2022-12-24,yes,terminate operations in Russia
Calrec,United Kingdom,Consumer Discretionary,unclassified,yes,,,,other,2023-08-23,2023-08-23,no,Cease all commercial activity with Russia
Canara,India,Financials,unclassified,yes,,,,sold,2023-08-23,2023-08-23,no,Fully exit Russia after selling its operations
Canva,Australia,Information Technology,unclassified,yes,,,,sold,2022-12-24,2022-12-24,yes,withdraw from Russia
Cargotec,Finland,Industrials,unclassified,yes,,,,other,2023-08-23,2022-12-24,no,Ramped Down Business
Carlsberg,Denmark,Consumer Staples,unclassified,yes,,,,seized,2022-12-24,2022-12-24,yes,Finalises Russian asset sale to local buyer
Carnival,United States,Consumer Discretionary,unclassified,yes,,,,other,2022-12-24,2022-12-24,yes,discontinue Russia itineraries
Caverion,Finland,Industrials,unclassified,yes,,,,sold,2023-08-23,2023-08-23,no,Withdrew from Russia
Centrica,United Kingdom,Utilities,unclassified,yes,,,,other,2022-12-24,2022-12-24,yes,exit gas supply partnership with Gazprom
Chanel,France,Consumer Discretionary,unclassified,yes,,,,suspended,2023-08-23,2022-12-24,no,Stopped selling in Russia and to those with intent to sell in Russia
Chapman Freeborn,United Kingdom,Industrials,unclassified,yes,,,,other,2022-12-24,2022-12-24,yes,Cease business operation in Russia
Charles Schwab,United States,Financials,unclassified,yes,,,,other,2023-08-23,2023-08-23,no,Limit access to Russian capital markets
Ciech,Poland,Materials,unclassified,yes,,,,suspended,2022-12-24,2022-12-24,yes,suspended Russian exports
Cisco,United States,Information Technology,unclassified,yes,,,,sold,2022-12-24,2022-12-24,yes,orderly wind down Russian operations
Citi,United States,Financials,unclassified,yes,,,,other,2024-02-25,2022-12-24,no,Ending all its institutional banking services and ATMs in Russia
Clarivate,United Kingdom,Industrials,unclassified,yes,,,,other,2022-12-24,2022-12-24,yes,exit Russian operations
Cleaves,Norway,Financials,unclassified,yes,,,,suspended,2023-08-23,2023-08-23,no,Fully stop all business in Russia
Clifford Chance,United Kingdom,Industrials,unclassified,yes,,,,sold,2022-12-24,2022-12-24,yes,wind down operations in Moscow; local partners and counsels form own firm
Colliers,Canada,Real Estate,unclassified,yes,,,,other,2022-12-24,2022-12-24,yes,discontinue business in Russia
Columbus,Denmark,Information Technology,unclassified,yes,,,,sold,2023-08-23,2023-08-23,no,Withdrew from Russia
Comarch,Poland,Information Technology,unclassified,yes,,,,other,2022-12-24,2022-12-24,yes,halts orders from Russia & Belarus
Commvault,United States,Information Technology,unclassified,yes,,,,sold,2023-08-23,2023-08-23,no,fully wind down Russian business
Compass Group,United Kingdom,Consumer Staples,unclassified,yes,,,,other,2022-12-24,2022-12-24,yes,permanently exit Russian market
Compass Mining,United States,Financials,unclassified,yes,,,,other,2023-08-23,2023-08-23,no,Terminate all Russian partnerships and business
Coop,Switzerland,Financials,unclassified,yes,,,,sold,2022-12-24,2022-12-24,yes,fully divest Russian operations Transgourmet via management buyout
Corteva,United States,Consumer Staples,unclassified,yes,strict normalized name match to Orbis parent,"CORTEVA, INC",,other,2023-08-23,2023-08-23,no,Stoped production and business activities in Russia
Coty,United States,Consumer Staples,unclassified,yes,,,,sold,2022-12-24,2022-12-24,yes,wind down Russian business
Covestro,Germany,Materials,unclassified,yes,,,,suspended,2022-12-24,2022-12-24,yes,Ceased Business Activity in Russia
Cummins,United States,Industrials,unclassified,yes,,,,other,2022-12-24,2022-12-24,yes,exit Russian operations
Currency.com,United Kingdom,Financials,unclassified,yes,,,,other,2022-12-24,2022-12-24,yes,halting operations for residents of Russian
Cushman &amp; Wakefield,United States,Real Estate,unclassified,yes,,,,other,2023-08-23,2023-08-23,no,close office in Russia; transfer to local partner
Cyfrowy Polsat,Poland,Communication Services,unclassified,yes,,,,other,2022-12-24,2022-12-24,yes,removing Russian TV channels from the offer
DDB,United States,Materials,unclassified,yes,,,,other,2022-12-24,2022-12-24,yes,exit Russian operations
DLA Piper,United States,Industrials,unclassified,yes,,,,sold,2022-12-24,2022-12-24,yes,withdrawing from Russia
DMG Mori,Japan,Industrials,unclassified,yes,strict normalized name match to Orbis parent,"DMG MORI CO., LTD.",,sold,2023-08-23,2022-12-24,no,Withdrew business in Russia
DP Eurasia,Netherlands,Consumer Staples,unclassified,yes,,,,other,2023-09-22,2023-09-22,no,Closure of Russian Business
DPD,Germany,Industrials,unclassified,yes,,,,sold,2022-12-24,2022-12-24,yes,withdrawal from the Russian market
DWS,Germany,Financials,unclassified,yes,,,,other,2023-08-23,2023-08-23,no,End Russian products
DXC Technology,United States,Information Technology,unclassified,yes,,,,other,2022-12-24,2022-12-24,yes,leaving Russia completely
Daikin,Japan,Industrials,unclassified,yes,,,,other,2023-08-23,2023-08-23,no,End all Russian business
Danfoss,Denmark,Industrials,unclassified,yes,,,,sold,2022-12-24,2022-12-24,yes,exit Russia completely
Dechert,United States,Industrials,unclassified,yes,,,,other,2022-12-24,2022-12-24,yes,close Russian office
Deezer,France,Communication Services,unclassified,yes,,,,other,2022-12-24,2022-12-24,yes,discontinue services in Russia
Deichmann,Germany,Consumer Discretionary,unclassified,yes,,,,sold,2022-12-24,2022-12-24,yes,withdraw from Russia
Dell,United States,Information Technology,unclassified,yes,,,,suspended,2023-08-23,2022-12-24,no,Ceased all operations
Deloitte,United States,Industrials,unclassified,yes,,,,other,2022-12-24,2022-12-24,yes,leaving Russia completely; local office launched own firm
Delta Air Lines,United States,Industrials,unclassified,yes,,,,sold,2022-12-24,2022-12-24,yes,withdraw codeshare services with Aeroflot
Dentsu International,United Kingdom,Communication Services,joint_venture,yes,Yale text explicitly mentions a joint venture,,,sold,2022-12-24,2022-12-24,yes,divest joint venture/leave Russia
Deugro,Germany,Industrials,unclassified,yes,,,,sold,2023-08-23,2023-08-23,no,Fully exit Russia after selling its operations
Deutsche Bank,Germany,Financials,wholly_owned,yes,strict normalized name match to Orbis parent; Orbis direct-stake category: wholly_owned,DEUTSCHE BANK AG,100,sold,2022-12-24,2022-12-24,yes,wind down business in Russia
Deutsche Telekom,Germany,Communication Services,unclassified,yes,strict normalized name match to Orbis parent,DEUTSCHE TELEKOM AG,,other,2022-12-24,2022-12-24,yes,close Russian business
Digicert,United States,Information Technology,unclassified,yes,,,,suspended,2023-08-23,2023-08-23,no,Fully stop all business in Russia
Dino Polska,Poland,Consumer Staples,unclassified,yes,,,,other,2022-12-24,2022-12-24,yes,removed Russian products
Docker,United States,Information Technology,unclassified,yes,,,,other,2023-08-23,2023-08-23,no,End all business in Russia
Domino's Pizza,United States,Consumer Discretionary,unclassified,yes,,,,other,2023-08-23,2023-08-23,no,Closure of Russian Business
Donaldson Company,United States,Industrials,unclassified,yes,,,,other,2023-08-23,2023-08-23,no,Terminated Operations
Dr. Oetker,Germany,Consumer Staples,unclassified,yes,,,,other,2022-12-24,2022-12-24,yes,stops sales and production in Russia; transferred ownership of production facilities
Draftkings,United States,Consumer Discretionary,unclassified,yes,,,,other,2023-08-23,2023-08-23,no,Limit business access in Russia
Duisburger Hafen,Germany,Industrials,unclassified,yes,,,,other,2023-08-23,2023-08-23,no,End all shipments with Russia and Belarus
ELA Container,Germany,Industrials,wholly_owned,yes,strict normalized name match to Orbis parent; Orbis direct-stake category: wholly_owned,ELA CONTAINER GMBH,100,sold,2023-08-23,2023-08-23,no,Sold Russian subsidary. Exiting market
ELKO Group,Latvia,Information Technology,unclassified,yes,,,,other,2022-12-24,2022-12-24,yes,leave Russia
ENEOS,Japan,Energy,unclassified,yes,,,,other,2022-12-24,2022-12-24,yes,discontinue purchases of Russian crude
EPAM,United States,Information Technology,unclassified,yes,,,,other,2022-12-24,2022-12-24,yes,discontinue servicing Russian customers
EY,United States,Industrials,unclassified,yes,,,,other,2022-12-24,2022-12-24,yes,leaving Russia completely
EarthDaily Analytics,United States,Industrials,unclassified,yes,,,,other,2022-12-24,2022-12-24,yes,terminate operations in Russia
Eastnine,Sweden,Industrials,unclassified,yes,,,,sold,2023-08-23,2023-08-23,no,Fully exit Russia after selling its operations
Edeka,Germany,Consumer Staples,unclassified,yes,,,,other,2022-12-24,2022-12-24,yes,remove Russian food from store shelves
Ejot,Germany,Industrials,unclassified,yes,,,,sold,2023-08-23,2023-08-23,no,Withdrew from Russia
Electronic Arts,United States,Communication Services,unclassified,yes,,,,other,2022-12-24,2022-12-24,yes,make new game purchases unavailable in Russia
Elisa Esports,Finland,NGO,unclassified,yes,,,,other,2022-12-24,2022-12-24,yes,ban Russian teams from participating in tournaments
Elopak,Norway,Materials,unclassified,yes,,,,sold,2023-08-23,2022-12-24,no,Fully exit Russia after selling its operations
Emerson Electric,United States,Industrials,unclassified,yes,strict normalized name match to Orbis parent,EMERSON ELECTRIC CO,,other,2022-12-24,2022-12-24,yes,exit Russian business
Endeavour Group,Australia,Consumer Staples,unclassified,yes,,,,suspended,2023-08-23,2023-08-23,no,Stop transacting with all Russian products
Enel,Italy,Utilities,unclassified,yes,strict normalized name match to Orbis parent,ENEL SPA,,sold,2022-12-24,2022-12-24,yes,divest from the entire Russian stakes
EnerSys,United States,Industrials,unclassified,yes,strict normalized name match to Orbis parent,ENERSYS,,other,2023-08-23,2023-08-23,no,End Russian operations
Energizer,United States,Industrials,unclassified,yes,,,,sold,2023-08-23,2023-08-23,no,Fully exit Russia after selling its operations
Eni,Italy,Energy,unclassified,yes,,,,sold,2023-08-23,2023-08-23,no,suspend stipulation of new oil contracts; divest from investments for rubles
Equinor,Norway,Energy,joint_venture,yes,Yale text explicitly mentions a joint venture,,,other,2022-12-24,2022-12-24,yes,exit joint ventures in Russia
Espersen,Denmark,Consumer Staples,unclassified,yes,,,,sold,2023-08-23,2023-08-23,no,Fully exit Russia after selling its operations
Essity,,,unclassified,yes,,,,sold,2023-08-23,2023-08-23,no,Divested its operations in Russia
Etsy,United States,Consumer Discretionary,unclassified,yes,,,,other,2022-12-24,2022-12-24,yes,deactivate all listings from Russian sellers
Euroins,Bulgaria,Financials,unclassified,yes,,,,sold,2023-08-23,2023-08-23,no,Fully exit Russia after selling its operations
Euronet Worldwide,United States,Financials,unclassified,yes,strict normalized name match to Orbis parent,EURONET WORLDWIDE INC,,other,2023-09-22,2023-09-22,no,Closed locations in Russia
Eurovision,United Kingdom,NGO,unclassified,yes,,,,other,2022-12-24,2022-12-24,yes,ban on all Russian competition
Eversheds Sutherland,United Kingdom,Industrials,unclassified,yes,,,,other,2022-12-24,2022-12-24,yes,close Russia office; transfer Russia practice to local partners and counsels
Evonik,Germany,Materials,unclassified,yes,,,,sold,2022-12-24,2022-12-24,yes,withdraw from Russia
Expedia,United States,Consumer Discretionary,unclassified,yes,,,,suspended,2022-12-24,2022-12-24,yes,Suspend bookings in Russia
Exxonmobil,United States,Energy,unclassified,yes,,,,other,2023-08-23,2023-08-23,no,exit Rosneft partnership
FICO,United States,Information Technology,unclassified,yes,,,,other,2022-12-24,2022-12-24,yes,exiting all work in Russia
FL Smidth,Denmark,Industrials,unclassified,yes,,,,other,2023-08-23,2023-08-23,no,No longer any activities in Russia
FMC Corporation,United States,Materials,unclassified,yes,,,,other,2022-12-24,2022-12-24,yes,discontinue all business and operations
Fantasy Premier League,United Kingdom,Consumer Discretionary,unclassified,yes,,,,suspended,2023-08-23,2023-08-23,no,Suspend all users from Russia
Faurecia | Forvia,France,Consumer Discretionary,unclassified,yes,,,,other,2023-08-23,2023-08-23,no,Faurecia has decided to disengage from Russia and completed depreciation of related assets
Fazer,Finland,Consumer Staples,unclassified,yes,,,,sold,2022-12-24,2022-12-24,yes,exit Russia
Fennovoima,Finland,Energy,unclassified,yes,,,,other,2022-12-24,2022-12-24,yes,terminate Russian nuclear power plant project
Fiskars,Finland,Consumer Discretionary,unclassified,yes,,,,sold,2022-12-24,2022-12-24,yes,withdraw completely from the Russian market
Five9,United States,Information Technology,unclassified,yes,,,,other,2023-08-23,2023-08-23,no,Fully close all Russian operations
Flowserve,United States,Industrials,unclassified,yes,strict normalized name match to Orbis parent,FLOWSERVE CORP,,sold,2022-12-24,2022-12-24,yes,exit Russia completely
Fonterra,New Zealand,Consumer Staples,unclassified,yes,,,,other,2022-12-24,2022-12-24,yes,exit its businesses in Russia
Ford,United States,Consumer Discretionary,joint_venture,yes,Yale text explicitly mentions a joint venture,,,sold,2022-12-24,2022-12-24,yes,Sold Joint Venture
Formula One,United Kingdom,Communication Services,unclassified,yes,,,,other,2022-12-24,2022-12-24,yes,terminate contract with the Russian Grand Prix promoter
Fortum,Finland,Utilities,unclassified,yes,,,,seized,2022-12-24,2022-12-24,yes,exit Russian market
Freedom Holding,Kazakhstan,Financials,unclassified,yes,,,,sold,2022-12-24,2022-12-24,yes,Sold Russian subsidiaries
Freshfields,United Kingdom,Industrials,unclassified,yes,,,,sold,2022-12-24,2022-12-24,yes,closing business in Russia
Fugro,Netherlands,Industrials,unclassified,yes,,,,suspended,2023-08-23,2022-12-24,no,suspend all projects in Russia
Fujifilm,Japan,Information Technology,unclassified,yes,,,,suspended,2023-08-23,2023-08-23,no,Suspended some shipments
G2A,Netherlands,Communication Services,unclassified,yes,,,,other,2022-12-24,2022-12-24,yes,block marketplace for Russian users
GC Rieber,Norway,Industrials,unclassified,yes,,,,other,2023-08-23,2023-08-23,no,Fully end all Russian business
GM,United States,Consumer Discretionary,unclassified,yes,,,,suspended,2023-08-23,2022-12-24,no,suspend all shipments to Russia
GXO Logistics,United States,Industrials,unclassified,yes,,,,other,2024-02-25,2024-02-25,no,Ended business
Galp,Portugal,Energy,unclassified,yes,,,,suspended,2023-08-23,2022-12-24,no,suspend Russian oil-product purchases; eliminate Russian exposure
Game Insight,Lithuania,Consumer Discretionary,unclassified,yes,,,,other,2023-08-23,2023-08-23,no,Fully liquidate Russian operations
Gameloft,France,Information Technology,unclassified,yes,,,,other,2022-12-24,2022-12-24,yes,make company's games unavailable in Russia
Garmin,United States,Consumer Discretionary,unclassified,yes,,,,suspended,2023-08-23,2023-08-23,no,stop all future trade with Russia
Gaz-System,Poland,Utilities,unclassified,yes,,,,suspended,2022-12-24,2022-12-24,yes,stopped gas imports
Geberit,Switzerland,Industrials,unclassified,yes,strict normalized name match to Orbis parent,GEBERIT AG,,other,2023-08-23,2022-12-24,no,discontinue all operations in Russia
Georg Fischer,Switzerland,Industrials,unclassified,yes,,,,other,2025-05-21,2025-05-21,no,Ended its trading operations in Russia and closed office in Moscow
Gerry Weber,Germany,Consumer Discretionary,unclassified,yes,,,,sold,2024-01-10,2024-01-10,no,Sold Russian Business
Gett,Israel,Industrials,unclassified,yes,,,,other,2023-08-23,2023-08-23,no,Fully terminate all Russian business
Global Fashion Group,Luxembourg,Consumer Discretionary,unclassified,yes,,,,sold,2023-08-23,2023-08-23,no,Fully exit Russia after selling its operations
Global Foundries,United States,Information Technology,unclassified,yes,,,,suspended,2022-12-24,2022-12-24,yes,suspend all shipments to Russia
GoDaddy,United States,Information Technology,unclassified,yes,,,,other,2022-12-24,2022-12-24,yes,discontinue all Russian services
Goodvalley,Denmark,Consumer Staples,unclassified,yes,,,,sold,2023-08-23,2023-08-23,no,Fully exit Russia after selling its operations
Gowling,Canada,Industrials,unclassified,yes,,,,suspended,2022-12-24,2022-12-24,yes,Stopped business in Russia
Grant Thornton,United States,Industrials,unclassified,yes,,,,sold,2022-12-24,2022-12-24,yes,closing business in Russia
Grid Dynamics,United States,Information Technology,unclassified,yes,,,,sold,2022-12-24,2022-12-24,yes,close offices in Russia & cease all operations
Grundfos,Denmark,Industrials,unclassified,yes,,,,other,2022-12-24,2022-12-24,yes,Closes business in Russia and Belarus
H&amp;M,Sweden,Consumer Discretionary,unclassified,yes,,,,sold,2023-08-23,2023-08-23,no,Winding down business entirely
HP Enterprise (Independent from HP Inc.),United States,Information Technology,unclassified,yes,,,,sold,2022-12-24,2022-12-24,yes,exit Russia & Belarus
HP Inc.,United States,Information Technology,unclassified,yes,strict normalized name match to Orbis parent,HP INC.,,other,2022-12-24,2022-12-24,yes,shut down business in Russia
Halewood,United Kingdom,Consumer Staples,unclassified,yes,,,,other,2023-08-23,2023-08-23,no,Fully pull out of Russia
Halliburton,United States,Energy,unclassified,yes,,,,other,2022-12-24,2022-12-24,yes,No longer conducts operations in Russia
Halyk Bank,Kazakhstan,Financials,unclassified,yes,,,,sold,2023-08-23,2023-08-23,no,Fully exit Russia after selling its operations
Hampidjan,Iceland,Industrials,unclassified,yes,,,,sold,2023-08-23,2023-08-23,no,full withdrawal
Haniel,Germany,Materials,unclassified,yes,,,,other,2022-12-24,2022-12-24,yes,unwind all Russian business
Hansgrohe,Germany,Consumer Discretionary,unclassified,yes,,,,other,2023-08-23,2023-08-23,no,cease all activities with Russia
Hard Rock Café,United States,Consumer Staples,unclassified,yes,,,,other,2023-08-23,2023-08-23,no,fully close all stores in Russia
Harvia,Finland,Consumer Discretionary,unclassified,yes,strict normalized name match to Orbis parent,HARVIA OYJ,,sold,2023-08-23,2023-08-23,no,Withdrew from Russia
Hays plc,United Kingdom,Industrials,unclassified,yes,,,,other,2022-12-24,2022-12-24,yes,close Russian business
Hearst Communications,United States,Communication Services,contractual,yes,"Yale text explicitly mentions a distribution, license, or franchise arrangement",,,other,2022-12-24,2022-12-24,yes,terminate the licensing agreements & turn over its equity to Russian subsidiary
Heidrick &amp; Struggles,United States,Industrials,unclassified,yes,,,,suspended,2023-08-23,2023-08-23,no,ceased all operations in Russia
Heineken,Netherlands,Consumer Staples,unclassified,yes,,,,sold,2022-12-24,2022-12-24,yes,Sold all operations in Russia
Heinzmann,Germany,Industrials,unclassified,yes,,,,other,2023-08-23,2023-08-23,no,End all Russian deliveries
Hempel,Denmark,Industrials,unclassified,yes,,,,sold,2022-12-24,2022-12-24,yes,exit Russia
Henkel,Germany,Consumer Staples,unclassified,yes,,,,other,2022-12-24,2022-12-24,yes,exit business activities in Russia
Herbert Smith Freehills,Australia,Industrials,unclassified,yes,,,,other,2022-12-24,2022-12-24,yes,Ended operations in Russia; local partners and counsels open independent firm
Hertz,United States,Consumer Discretionary,unclassified,yes,,,,sold,2022-12-24,2022-12-24,yes,completely withdrawn from Russia
Hesburger,Finland,Consumer Discretionary,unclassified,yes,,,,sold,2022-12-24,2022-12-24,yes,withdraw from Russia
Hogan Lovells,United Kingdom,Industrials,unclassified,yes,,,,other,2022-12-24,2022-12-24,yes,exit Russian operations
Holcim,Switzerland,Materials,unclassified,yes,,,,other,2022-12-24,2022-12-24,yes,exit Russian market completely
Home Credit,Czech Republic,Financials,unclassified,yes,,,,sold,2023-08-23,2023-08-23,no,Fully exit Russia after selling its operations
Honeywell,United States,Industrials,unclassified,yes,,,,sold,2023-08-23,2022-12-24,no,Wind down all business
Hortex,Poland,Consumer Staples,unclassified,yes,,,,sold,2023-08-23,2023-08-23,no,Fully exit Russia after selling its operations
Houthoff,Netherlands,Industrials,unclassified,yes,,,,other,2022-12-24,2022-12-24,yes,terminate all relationships with Russia
Huhtamaki,Finland,Materials,unclassified,yes,,,,sold,2022-12-24,2022-12-24,yes,divest Russian operations
Hypertherm Associates,Netherlands,Industrials,unclassified,yes,,,,other,2023-08-23,2023-08-23,no,Fully close all Russian offices
Hyve,United Kingdom,Consumer Discretionary,unclassified,yes,,,,sold,2023-08-23,2023-08-23,no,Withdrew from Russia
IBM,United States,Information Technology,unclassified,yes,,,,sold,2022-12-24,2022-12-24,yes,wind down business in Russia
ID Logistics,France,Industrials,unclassified,yes,,,,other,2025-05-21,2025-05-21,no,Ended all activity in Russia
IDEXX Labs,United States,Health Care,unclassified,yes,,,,sold,2022-12-24,2022-12-24,yes,wind down operations & liquidate subsidiary
IMAX,Canada,Consumer Discretionary,unclassified,yes,,,,sold,2023-08-23,2023-08-23,no,Fully exit Russia
IMCD,Netherlands,Industrials,unclassified,yes,,,,sold,2022-12-24,2022-12-24,yes,withdraw from Russia completely
IMI Plc,United Kingdom,Materials,unclassified,yes,,,,sold,2023-08-23,2023-08-23,no,Withdrew from Russia
ISS,Denmark,Industrials,unclassified,yes,,,,sold,2022-12-24,2022-12-24,yes,ISS divested its Russian activities during March and is no longer active in Russia
Icosagen,Estonia,Industrials,unclassified,yes,,,,other,2023-08-23,2023-08-23,no,Ended business in Russia and Belarus
Ikea,Sweden,Consumer Discretionary,unclassified,yes,,,,sold,2022-12-24,2022-12-24,yes,Closed stores and sold factory.
Imperial Brands,United Kingdom,Consumer Staples,unclassified,yes,,,,other,2022-12-24,2022-12-24,yes,transfer Russian business to local partners
InPost,Poland,Industrials,unclassified,yes,,,,suspended,2022-12-24,2022-12-24,yes,stop purchasing services/goods from Russian & Belorussian companies
Inchcape,United Kingdom,Industrials,unclassified,yes,,,,sold,2023-08-23,2023-08-23,no,Withdrew from Russia
Incoff Aerospace,Slovakia,Industrials,unclassified,yes,,,,other,2022-12-24,2022-12-24,yes,no longer trade with the Russians
Inditex,Spain,Consumer Discretionary,unclassified,yes,,,,suspended,2023-08-23,2022-12-24,no,close Russian stores and suspend sales
Infineon,Germany,Information Technology,unclassified,yes,,,,other,2022-12-24,2022-12-24,yes,liquidate Russian entity
Insydium,United Kingdom,Industrials,unclassified,yes,,,,other,2023-08-23,2023-08-23,no,Forgo all Russian licenses
Intercontinental Exchange,United States,Financials,unclassified,yes,,,,other,2022-12-24,2022-12-24,yes,curtail Russian access to capital markets
Intercontinental Hotels (IHG),United Kingdom,Consumer Discretionary,unclassified,yes,,,,suspended,2022-12-24,2022-12-24,yes,Ceased operations in Russia
International Biathlon Union,Austria,NGO,unclassified,yes,,,,other,2023-08-23,2023-08-23,no,Russians to compete as neutral athletes
International Boxing Federation,France,NGO,unclassified,yes,,,,other,2022-12-24,2022-12-24,yes,ban on all Russian competition
International Cat Federation,Canada,NGO,unclassified,yes,,,,other,2022-12-24,2022-12-24,yes,ban Russian cats from competitions
International Cycling Union,United States,NGO,unclassified,yes,,,,other,2022-12-24,2022-12-24,yes,ban on all Russian competition
International Ice Hockey Federation,Switzerland,NGO,unclassified,yes,,,,other,2022-12-24,2022-12-24,yes,ban on all Russian competition
International Olympic Committee,Switzerland,NGO,unclassified,yes,,,,other,2022-12-24,2022-12-24,yes,ban Russian athletes from competing
International Paper,United States,Materials,unclassified,yes,,,,sold,2023-08-23,2023-08-23,no,Fully exit Russia after selling its operations
International Paralympic Committee,Germany,NGO,unclassified,yes,,,,other,2023-08-23,2022-12-24,no,bar Russian athletes
International Skating Union,Switzerland,NGO,unclassified,yes,,,,other,2022-12-24,2022-12-24,yes,ban on all Russian competition
International Weightlifting Federation,Switzerland,NGO,unclassified,yes,,,,other,2022-12-24,2022-12-24,yes,ban on all Russian competition
Interpublic Group,United States,Communication Services,unclassified,yes,,,,other,2022-12-24,2022-12-24,yes,exit Russian operations
Intracom Telecom,Greece,Communication Services,unclassified,yes,,,,sold,2023-08-23,2023-08-23,no,Withdrew from Russia
Iveco,Italy,Industrials,unclassified,yes,,,,sold,2023-08-23,2023-08-23,no,Fully exit Russia after selling its operations
J Sainsbury,United Kingdom,Consumer Staples,unclassified,yes,,,,other,2022-12-24,2022-12-24,yes,remove products from Russia
JD Sports,United Kingdom,Consumer Discretionary,unclassified,yes,,,,suspended,2023-08-23,2022-12-24,no,suspend operations in Russia
JKX,United Kingdom,Energy,unclassified,yes,,,,other,2025-05-21,2025-05-21,no,Disposing of all its Russian assets
JLL,United States,Real Estate,unclassified,yes,,,,other,2022-12-24,2022-12-24,yes,separate operations in Russia
JYSK,Denmark,Consumer Discretionary,unclassified,yes,,,,other,2023-08-23,2022-12-24,no,temporarily close Russian stores
Jabil,United States,Information Technology,unclassified,yes,,,,other,2022-12-24,2022-12-24,yes,closed its site in Russia
Jamie Oliver,United Kingdom,Consumer Staples,contractual,yes,"Yale text explicitly mentions a distribution, license, or franchise arrangement",,,other,2022-12-24,2022-12-24,yes,exit franchise agreement
Jan de Nul,Luxembourg,Industrials,unclassified,yes,,,,sold,2022-12-24,2022-12-24,yes,close rep office and withdraw ships
JetBrains,Czech Republic,Information Technology,unclassified,yes,,,,suspended,2022-12-24,2022-12-24,yes,suspend all activity indefinitely
John Wood Group,United Kingdom,Industrials,unclassified,yes,,,,sold,2022-12-24,2022-12-24,yes,withdraw from Russia
Johnson Matthey,United Kingdom,Materials,unclassified,yes,,,,other,2023-08-23,2023-08-23,no,leave Russia and end all business there
Jotun,Norway,Materials,unclassified,yes,,,,suspended,2023-08-23,2023-08-23,no,Suspend business in Russia
Jägermeister,Germany,Consumer Staples,unclassified,yes,,,,suspended,2022-12-24,2022-12-24,yes,Fully stopped business in Russia
KION Group,Germany,Industrials,unclassified,yes,,,,sold,2023-08-23,2023-08-23,no,Fully exit Russia after selling its operations
KLP,Norway,Financials,unclassified,yes,,,,other,2022-12-24,2022-12-24,yes,exit all investment holdings in Russia
KPMG,United States,Industrials,unclassified,yes,,,,other,2022-12-24,2022-12-24,yes,leaving Russia completely
Kalnapilis-Taurus,Lithuania,Consumer Staples,unclassified,yes,,,,other,2022-12-24,2022-12-24,yes,termination of export ties and production in Russian Market
Kamstrup,Denmark,Utilities,unclassified,yes,,,,sold,2023-08-23,2023-08-23,no,Completely exit Russia
Kearney,United States,Industrials,unclassified,yes,,,,sold,2022-12-24,2022-12-24,yes,officially withdrawn from Russia
Kelly,United States,Industrials,unclassified,yes,,,,other,2022-12-24,2022-12-24,yes,leave Russia & transition operations
Kemira,Finland,Consumer Discretionary,unclassified,yes,strict normalized name match to Orbis parent,KEMIRA OYJ,,sold,2022-12-24,2022-12-24,yes,exit Russia completely
Kennametal,United States,Industrials,unclassified,yes,strict normalized name match to Orbis parent,KENNAMETAL INC.,,sold,2023-08-23,2023-08-23,no,Completely exit Russia
Kennedys,United States,Industrials,unclassified,yes,,,,sold,2023-08-23,2023-08-23,no,Fully exit Russia
Kesko,Finland,Consumer Staples,unclassified,yes,,,,sold,2023-08-23,2022-12-24,no,Withdrawn all business
Kiilto,Finland,Materials,unclassified,yes,,,,sold,2022-12-24,2022-12-24,yes,fully exited from Russia
Kingspan,Ireland,Industrials,unclassified,yes,,,,sold,2022-12-24,2022-12-24,yes,exit Russia
Kinross Gold,Canada,Materials,unclassified,yes,,,,other,2022-12-24,2022-12-24,yes,complete exit from Russia by selling Russian operations
Knorr-Bremse,Germany,Industrials,unclassified,yes,,,,other,2022-12-24,2022-12-24,yes,will not deliver any more products or systems for Russian locomotives; end JVs
Koch Industries,United States,Industrials,unclassified,yes,,,,other,2022-12-24,2022-12-24,yes,sell Russian business to a local enterprise
Kofax,United States,Information Technology,unclassified,yes,,,,other,2022-12-24,2022-12-24,yes,curtail all sales of software and close sites in Russia
Koskisen,Finland,Industrials,unclassified,yes,,,,sold,2023-08-23,2023-08-23,no,Fully exit Russia after selling its operations
Krispy Kreme,United States,Consumer Discretionary,unclassified,yes,,,,sold,2022-12-24,2022-12-24,yes,winding down business in Russia
L'Occitane,France,Consumer Discretionary,unclassified,yes,,,,other,2022-12-24,2022-12-24,yes,exit Russian operations
LVMH,France,Consumer Discretionary,unclassified,yes,,,,other,2023-08-23,2022-12-24,no,end all operations in Russia
Lamb Weston,United States,Consumer Staples,unclassified,yes,,,,other,2022-12-24,2022-12-24,yes,exit Russian market
Latham &amp; Watkins,United States,Industrials,unclassified,yes,,,,sold,2023-08-23,2023-08-23,no,wind down Russian presence
Lear Corporation,United States,Consumer Discretionary,unclassified,yes,,,,sold,2023-08-23,2023-08-23,no,fully exit Russia
Legrand,France,Industrials,unclassified,yes,,,,other,2023-08-23,2023-08-23,no,Left Russia
Leica Camera AG,Germany,Information Technology,unclassified,yes,,,,sold,2023-08-23,2022-12-24,no,Fully withdrawn from Russia
Leptos Estates,Cyprus,Real Estate,unclassified,yes,,,,other,2023-08-23,2023-08-23,no,Operations closed down in Russia
Lifan,China,Consumer Discretionary,unclassified,yes,,,,sold,2023-08-23,2023-08-23,no,Fully exit Russia
Lincoln Electric,United States,Industrials,unclassified,yes,,,,suspended,2022-12-24,2022-12-24,yes,ceased all operations
Lindab,Sweden,Industrials,unclassified,yes,,,,sold,2023-08-23,2023-08-23,no,Fully exit Russia after selling its operations
Lindstrom Group,Finland,Consumer Discretionary,unclassified,yes,,,,sold,2023-08-23,2023-08-23,no,Withdrew from Russia
Lindt-Sprungli,Switzerland,Consumer Staples,unclassified,yes,,,,suspended,2023-08-23,2022-12-24,no,suspend operations in Russia
Linklaters,United Kingdom,Industrials,unclassified,yes,,,,other,2022-12-24,2022-12-24,yes,"end operations in Russia, with entities connected to the Russian state; local partners and counsel form own firm"
Lloyd's Register,United Kingdom,Industrials,unclassified,yes,,,,sold,2022-12-24,2022-12-24,yes,withdraw services to Russia
Logitech,Switzerland,Information Technology,unclassified,yes,,,,suspended,2023-08-23,2022-12-24,no,suspend shipments to Russia
London Stock Exchange Group,United Kingdom,Financials,unclassified,yes,,,,other,2022-12-24,2022-12-24,yes,curtail Russian access to capital markets
Lufthansa,Germany,Industrials,unclassified,yes,,,,suspended,2022-12-24,2022-12-24,yes,suspended flights and ended Russian aircraft maintenance
Luxoft,Switzerland,Information Technology,unclassified,yes,,,,other,2022-12-24,2022-12-24,yes,exit Russian market
LyondellBasell,Netherlands,Materials,unclassified,yes,,,,other,2023-08-23,2023-08-23,no,end all business
MAN,Germany,Industrials,unclassified,yes,,,,other,2023-08-23,2022-12-24,no,"end delivery, supply of trucks, and sales to Russia"
MSCI,United States,Financials,unclassified,yes,,,,other,2022-12-24,2022-12-24,yes,curtail Russian access to capital markets
MSU S.A.,Poland,Consumer Discretionary,unclassified,yes,,,,suspended,2022-12-24,2022-12-24,yes,ceased all business activities in Russia
Maersk,Denmark,Industrials,unclassified,yes,,,,sold,2023-08-23,2022-12-24,no,Divested all assets from Russia
Makrochem SA,Poland,Industrials,unclassified,yes,,,,other,2025-05-21,2025-05-21,no,Terminated all business with its Russian and Belarussian counterparts
Mannheimer Swartling,Sweden,Industrials,unclassified,yes,,,,other,2023-08-23,2022-12-24,no,end all operations
Mantsinen,Finland,Industrials,unclassified,yes,,,,sold,2023-08-23,2023-08-23,no,Fully exit Russia after selling its operations
Marsh McLennan,United States,Financials,unclassified,yes,,,,sold,2022-12-24,2022-12-24,yes,exit operations in Russia
Marugame,Japan,Consumer Staples,unclassified,yes,,,,sold,2023-08-23,2023-08-23,no,Fully exit Russia and end all franchises operating in Russia
Maxima,Lithuania,Consumer Discretionary,unclassified,yes,,,,other,2023-08-23,2023-08-23,no,Fully remove all Russian products and end Russian business
Mayr-Melnhof,United Kingdom,Materials,unclassified,yes,,,,sold,2023-08-23,2023-08-23,no,Fully exit Russia after selling its operations
McCain Foods,Canada,Consumer Staples,unclassified,yes,,,,other,2023-08-23,2022-12-24,no,end operations in Russia
McDonald's,United States,Consumer Discretionary,unclassified,yes,,,,sold,2022-12-24,2022-12-24,yes,leave the Russian market & sell Russian business
McKinsey,United States,Industrials,unclassified,yes,,,,other,2022-12-24,2022-12-24,yes,exit Russian market completely
Mercedes-Benz,Germany,Consumer Discretionary,unclassified,yes,,,,suspended,2022-12-24,2022-12-24,yes,Stopped manufacturing and exporting and will sell shares in subsidies
MessageBird,Netherlands,Information Technology,unclassified,yes,,,,other,2022-12-24,2022-12-24,yes,"shut down API access, block SMS and voice traffic to Russian carriers"
Mondi,United Kingdom,Materials,unclassified,yes,strict normalized name match to Orbis parent,MONDI PLC,,other,2022-12-24,2022-12-24,yes,sell Russian assets
Monroe Energy,United States,Energy,unclassified,yes,,,,suspended,2022-12-24,2022-12-24,yes,stop imports of Russian crude oil
Moog Inc.,United States,Industrials,unclassified,yes,,,,other,2022-12-24,2022-12-24,yes,exit Russian operations
Moose Toys,Australia,Consumer Discretionary,unclassified,yes,,,,other,2023-08-23,2023-08-23,no,Ended all shipments to Russia
Morgan Advanced Materials,United Kingdom,Industrials,unclassified,yes,,,,other,2022-12-24,2022-12-24,yes,cease all trading with Russia.
Morgan Lewis,United States,Industrials,unclassified,yes,,,,other,2022-12-24,2022-12-24,yes,close Russian offices
Morrisons,United Kingdom,Consumer Staples,unclassified,yes,,,,other,2022-12-24,2022-12-24,yes,remove products from Russia
NCAB Group AB,Sweden,Industrials,unclassified,yes,,,,sold,2022-12-24,2022-12-24,yes,sold assets and ceased operations in Russia
NTT Data,Japan,Information Technology,unclassified,yes,,,,sold,2022-12-24,2022-12-24,yes,exit Russia
Nasdaq,United States,Financials,unclassified,yes,strict normalized name match to Orbis parent,"NASDAQ, INC.",,other,2022-12-24,2022-12-24,yes,curtail Russian access to capital markets
Naspers,South Africa,Consumer Discretionary,unclassified,yes,,,,sold,2022-12-24,2022-12-24,yes,Ended Operations. Sold Avito.
Nemetschek Group,Germany,Information Technology,unclassified,yes,,,,other,2025-05-21,2025-05-21,no,No longer engaged in any Russian business
Nemiroff,Ukraine,Consumer Staples,unclassified,yes,,,,other,2023-08-23,2023-08-23,no,Revoke all licenses related to Russia and end all business there
Netflix,United States,Communication Services,unclassified,yes,,,,suspended,2022-12-24,2022-12-24,yes,suspend service in Russia
Netscout,United States,Information Technology,unclassified,yes,,,,suspended,2022-12-24,2022-12-24,yes,"pause all sales, support, and services in Russia"
Next,United Kingdom,Consumer Discretionary,unclassified,yes,strict normalized name match to Orbis parent,NEXT PLC,,sold,2023-08-23,2023-08-23,no,Fully wind down Russian business
Nike,United States,Consumer Discretionary,unclassified,yes,strict normalized name match to Orbis parent,NIKE INC,,sold,2022-12-24,2022-12-24,yes,exit Russia
Nissan,Japan,Consumer Discretionary,unclassified,yes,,,,other,2022-12-24,2022-12-24,yes,Exit from Russian Market
Nokia,Finland,Information Technology,unclassified,yes,strict normalized name match to Orbis parent,NOKIA OYJ,,other,2022-12-24,2022-12-24,yes,pulling out of Russia completely
Nokian Tyres,Finland,Consumer Discretionary,unclassified,yes,,,,other,2023-08-23,2023-08-23,no,meaningfully reduce production in Russia
Nordea Bank,Finland,Financials,unclassified,yes,,,,suspended,2023-08-23,2023-08-23,no,Ceased all operations
Norton Rose Fulbright,United Kingdom,Industrials,unclassified,yes,,,,other,2022-12-24,2022-12-24,yes,exit from Russia
Norwegian Cruise Lines,United States,Consumer Discretionary,unclassified,yes,,,,other,2022-12-24,2022-12-24,yes,discontinue Russian itineraries
OBI,Germany,Consumer Discretionary,unclassified,yes,,,,sold,2022-12-24,2022-12-24,yes,Fully exit Russia after selling its operations
Oceania Cruises,United States,Consumer Discretionary,unclassified,yes,,,,other,2022-12-24,2022-12-24,yes,discontinue Russian itineraries
Oerlikon,Switzerland,Materials,unclassified,yes,,,,other,2022-12-24,2022-12-24,yes,sell Russian operations
Olam Group,Singapore,Consumer Staples,unclassified,yes,,,,sold,2023-08-23,2023-08-23,no,divest Russian operations
Omnicom Media Group,United States,Communication Services,unclassified,yes,,,,other,2022-12-24,2022-12-24,yes,exit Russian operations
Omron,Japan,Information Technology,unclassified,yes,strict normalized name match to Orbis parent,OMRON CORPORATION,,sold,2023-08-23,2023-08-23,no,fully wind down Russian business
OneWeb,United States,Communication Services,unclassified,yes,,,,suspended,2022-12-24,2022-12-24,yes,suspend use of Russian airspace
Orica,Australia,Industrials,unclassified,yes,strict normalized name match to Orbis parent,ORICA LIMITED,,sold,2023-08-23,2023-08-23,no,Fully exit Russia after selling its operations
Orkla,Norway,Consumer Staples,unclassified,yes,,,,other,2022-12-24,2022-12-24,yes,exit Russian operations
Orlen Lietuva,Poland,Energy,unclassified,yes,,,,suspended,2022-12-24,2022-12-24,yes,stopped Russian oil imports
Orsted,Denmark,Utilities,unclassified,yes,,,,other,2023-08-23,2023-08-23,no,end all gas purchases from Russia
Otis Worldwide,United States,Industrials,unclassified,yes,,,,sold,2023-08-23,2023-08-23,no,fully exit Russia through divesting business
Owens Corning,United States,Industrials,unclassified,yes,,,,other,2022-12-24,2022-12-24,yes,expedite exit from Russia
PFZW,Netherlands,Financials,unclassified,yes,,,,sold,2022-12-24,2022-12-24,yes,divest from all Russian assets
PGL Esports,United States,Communication Services,unclassified,yes,,,,other,2022-12-24,2022-12-24,yes,exclusion of esports teams and individuals with connections to the Russian government from upcoming competition
PHX,United States,Energy,unclassified,yes,,,,sold,2023-08-23,2023-08-23,no,Fully exit Russia after selling its operations
PKO BP,Poland,Financials,unclassified,yes,,,,suspended,2022-12-24,2022-12-24,yes,suspends transactions with Russian banks transactions in Russian ruble suspended
PME pensioenfonds,Netherlands,Financials,unclassified,yes,,,,sold,2022-12-24,2022-12-24,yes,sell off all Russian investments
PZU SA,Poland,Financials,unclassified,yes,,,,other,2022-12-24,2022-12-24,yes,reduced position in Russian bonds to zero
Pandora,Denmark,Consumer Discretionary,unclassified,yes,,,,suspended,2023-08-23,2022-12-24,no,suspend all business with Russia and Belarus
Parker Hannifin,United States,Industrials,wholly_owned,yes,strict normalized name match to Orbis parent; Orbis direct-stake category: wholly_owned,PARKER-HANNIFIN CORPORATION,100,other,2022-12-24,2022-12-24,yes,closed our office and warehouse facility in Moscow and no longer do business in this country
Paul Smith,United Kingdom,Consumer Discretionary,unclassified,yes,,,,other,2023-08-23,2023-08-23,no,Leaving Market
Paulig,Finland,Consumer Staples,unclassified,yes,,,,sold,2022-12-24,2022-12-24,yes,withdraw from Russia
Paysera,Lithuania,Financials,unclassified,yes,,,,suspended,2023-08-23,2023-08-23,no,Close accounts of Russians and halt transfers to and from Russia
Pensioenfonds Detailhandel,Netherlands,Financials,unclassified,yes,,,,sold,2022-12-24,2022-12-24,yes,sell off all Russian investments
Pentair,United States,Industrials,unclassified,yes,,,,other,2022-12-24,2022-12-24,yes,exiting its business in Russia
Petro,Austria,Energy,unclassified,yes,,,,sold,2023-08-23,2023-08-23,no,Fully exit Russia after selling its operations
Petrofac,United Kingdom,Energy,unclassified,yes,strict normalized name match to Orbis parent,PETROFAC LIMITED,,other,2023-08-23,2023-08-23,no,fully end all business operatins in R
Pixabay,Germany,Consumer Discretionary,unclassified,yes,,,,other,2023-08-23,2023-08-23,no,block Russian access
Playrix,Ireland,Consumer Discretionary,unclassified,yes,,,,other,2023-08-23,2023-08-23,no,Fully end operations in Russia
Playtika,Israel,Information Technology,unclassified,yes,,,,other,2023-08-23,2023-08-23,no,end Russian operations
Polskie Górnictwo Naftowe i Gazownictwo SA,Poland,Energy,unclassified,yes,,,,suspended,2022-12-24,2022-12-24,yes,stopped gaz imports
Ponsse PLC,Finland,Industrials,unclassified,yes,,,,sold,2022-12-24,2022-12-24,yes,divest Russian operations
Postnord,Norway,Utilities,unclassified,yes,,,,other,2023-08-23,2023-08-23,no,reject all Russian items
Primo Water,United States,Consumer Staples,unclassified,yes,,,,sold,2023-08-23,2023-08-23,no,Withdrew from Russia
Princess Cruises,United States,Consumer Discretionary,unclassified,yes,,,,other,2023-08-23,2023-08-23,no,reject bookings from Russia
Prio,Portugal,Energy,unclassified,yes,,,,suspended,2022-12-24,2022-12-24,yes,ceased purchase of any products from Russian or directly related companies
Publicis Groupe,France,Communication Services,unclassified,yes,,,,other,2022-12-24,2022-12-24,yes,cede ownership to local affiliates
Pure Storage,United States,Information Technology,unclassified,yes,,,,sold,2023-08-23,2023-08-23,no,fully wind down Russian business
PwC,United States,Industrials,unclassified,yes,,,,other,2022-12-24,2022-12-24,yes,leaving Russia completely
Qantas Airlines,Australia,Industrials,unclassified,yes,,,,other,2022-12-24,2022-12-24,yes,No longer flies over Russian territory
R&amp;A,United States,Industrials,unclassified,yes,,,,other,2023-08-23,2023-08-23,no,ban on all Russian competition
RWS,United Kingdom,Industrials,unclassified,yes,,,,sold,2023-08-23,2023-08-23,no,Fully wind down Russian business
Raisio,United States,Consumer Staples,unclassified,yes,,,,sold,2023-08-23,2023-08-23,no,Fully exit Russia after selling its operations
Rational,Germany,Consumer Discretionary,unclassified,yes,,,,other,2023-08-23,2023-08-23,no,Closed Russian Business
Red Hat,United States,Information Technology,unclassified,yes,,,,other,2022-12-24,2022-12-24,yes,discontinue sales and services in Russia & terminate partnerships
Reface,Ukraine,Information Technology,unclassified,yes,,,,other,2023-08-23,2023-08-23,no,Removed App  and updates of app in Russia
Refinitiv,United Kingdom,Financials,unclassified,yes,,,,other,2023-08-23,2023-08-23,no,end Russian access
Regent Seven Seas Cruises,United States,Consumer Discretionary,unclassified,yes,,,,other,2022-12-24,2022-12-24,yes,discontinue Russian itineraries
Rehau,Switzerland,Consumer Discretionary,unclassified,yes,,,,sold,2023-08-23,2023-08-23,no,Fully exit Russia after selling its operations
Renault,France,Consumer Discretionary,unclassified,yes,,,,other,2022-12-24,2022-12-24,yes,sell Renault Russia; transfer Moscow factory to city government and partner for local brand production
Repsol,Spain,Energy,unclassified,yes,,,,sold,2023-08-23,2023-08-23,no,Withdrew from Russia
Resbud,Estonia,Industrials,unclassified,yes,,,,sold,2023-08-23,2023-08-23,no,Withdrew from Russia
Rewe,Germany,Consumer Discretionary,unclassified,yes,,,,other,2022-12-24,2022-12-24,yes,remove products from Russia from shelves
Rimi,Latvia,Consumer Discretionary,unclassified,yes,,,,other,2022-12-24,2022-12-24,yes,remove products from Russia from shelves
Rio Tinto,Australia,Materials,unclassified,yes,,,,other,2022-12-24,2022-12-24,yes,Terminated all commercial relationships with Russia
Rocket Lawyer,United States,Information Technology,unclassified,yes,,,,suspended,2022-12-24,2022-12-24,yes,suspend Russian and Belarusian access to the platform
Roku,United States,Communication Services,unclassified,yes,,,,other,2022-12-24,2022-12-24,yes,remove Kremlin-linked propaganda and ads
Roland Berger,Germany,Industrials,unclassified,yes,,,,other,2022-12-24,2022-12-24,yes,end any activity for Russia
Royal London,United Kingdom,Financials,unclassified,yes,,,,sold,2023-08-23,2023-08-23,no,fully divest Russian assets
Royal Swinkels Family Brewers,Netherlands,Consumer Staples,contractual,yes,"Yale text explicitly mentions a distribution, license, or franchise arrangement",,,other,2023-08-23,2023-08-23,no,Terminated licence contract with MBC
S Group (Suomen Osuuskauppojen Keskuskunta),Finland,Consumer Staples,unclassified,yes,,,,other,2022-12-24,2022-12-24,yes,close all operations
S&amp;P 500 [S&amp;P Dow Jones Indices],United States,Financials,unclassified,yes,,,,other,2023-08-23,2023-08-23,no,curtail Russian access to capital markets
SKF,Sweden,Industrials,unclassified,yes,,,,other,2022-12-24,2022-12-24,yes,end sales and production in Russia
SMAY,Poland,Industrials,unclassified,yes,,,,other,2022-12-24,2022-12-24,yes,end cooperation with Russia
SRV,Finland,Industrials,unclassified,yes,,,,sold,2025-05-21,2025-05-21,no,Sold its last remaining asset in Russia
Salesforce,United States,Industrials,unclassified,yes,strict normalized name match to Orbis parent,SALESFORCE INC,,other,2022-12-24,2022-12-24,yes,exit business relationships in Russia
Sarantis Group,Greece,Consumer Staples,unclassified,yes,,,,sold,2022-12-24,2022-12-24,yes,Permanent withdrawal from Russian market
Savills,United Kingdom,Real Estate,unclassified,yes,,,,other,2022-12-24,2022-12-24,yes,end partnerships in Russia
Schneider Electric,France,Industrials,unclassified,yes,strict normalized name match to Orbis parent,SCHNEIDER ELECTRIC SE,,other,2022-12-24,2022-12-24,yes,sell Russian assets to local management and exit completely
Senior PLC,United Kingdom,Industrials,unclassified,yes,,,,other,2023-08-23,2023-08-23,no,cease servicing Russian aircraft
Sidley Austin,United States,Industrials,unclassified,yes,,,,other,2022-12-24,2022-12-24,yes,end all Russian relationships
Siemens,Germany,Industrials,unclassified,yes,strict normalized name match to Orbis parent,SIEMENS AG,,other,2022-12-24,2022-12-24,yes,exit Russian market
Slack,United States,Information Technology,unclassified,yes,,,,other,2022-12-24,2022-12-24,yes,exit Russian market completely
Smurfit Kappa,Ireland,Materials,unclassified,yes,,,,other,2022-12-24,2022-12-24,yes,exit Russian market
Societe Generale,France,Financials,unclassified,yes,,,,other,2022-12-24,2022-12-24,yes,cessation of all activities in Russia
Sodexo,France,Industrials,unclassified,yes,,,,other,2022-12-24,2022-12-24,yes,ceded control of its operations in Russia
SoftwareOne,Switzerland,Information Technology,unclassified,yes,,,,sold,2023-08-23,2023-08-23,no,Fully exit Russia after selling its operations
Sonos,United States,Consumer Discretionary,unclassified,yes,,,,suspended,2022-12-24,2022-12-24,yes,ceased all sales to this market at the onset of the war and blocked Russian state radio
Spin Master,Canada,Consumer Discretionary,unclassified,yes,strict normalized name match to Orbis parent,SPIN MASTER CORP.,,sold,2023-08-23,2023-08-23,no,fully exit Russia
Squire Patton Boggs,United States,Industrials,unclassified,yes,,,,other,2022-12-24,2022-12-24,yes,leave Russia
Stanley Black &amp; Decker,United States,Industrials,unclassified,yes,strict normalized name match to Orbis parent,"STANLEY BLACK & DECKER, INC.",,other,2023-08-23,2023-08-23,no,shut down Russian business
Starbucks,United States,Consumer Discretionary,unclassified,yes,,,,other,2022-12-24,2022-12-24,yes,exit and no longer have a brand presence in Russia
State Street,United States,Financials,unclassified,yes,,,,other,2022-12-24,2022-12-24,yes,curtail Russian access to capital markets
Stora Enso,Finland,Materials,unclassified,yes,,,,sold,2022-12-24,2022-12-24,yes,divest packaging plants
Storebrand,Norway,Financials,unclassified,yes,,,,sold,2022-12-24,2022-12-24,yes,divest all Russian holdings
Strabag,Austria,Industrials,wholly_owned,yes,strict normalized name match to Orbis parent; Orbis direct-stake category: wholly_owned,STRABAG SE,100,sold,2022-12-24,2022-12-24,yes,winding down operations in Russia; terminating shareholder syndicate agreements with Deripaska
Strava,United States,Information Technology,unclassified,yes,,,,other,2023-08-23,2023-08-23,no,disable access in Russia
Sulzer,Switzerland,Industrials,wholly_owned,yes,strict normalized name match to Orbis parent; Orbis direct-stake category: wholly_owned,SULZER AG,100,other,2022-12-24,2022-12-24,yes,exit Russian market
Svenska Handelsbanken,Sweden,Financials,unclassified,yes,,,,sold,2022-12-24,2022-12-24,yes,divest from all Russian investments
Sylvamo,United States,Materials,unclassified,yes,,,,sold,2022-12-24,2022-12-24,yes,Sold operations in Russia
Systembolaget,Sweden,Consumer Discretionary,unclassified,yes,,,,other,2022-12-24,2022-12-24,yes,remove all Russian alcohol from stores
Sæplast,Iceland,Materials,unclassified,yes,,,,suspended,2022-12-24,2022-12-24,yes,Stopped all operations in Russia
TDZ Turn,Czech Republic,Industrials,unclassified,yes,,,,suspended,2023-08-23,2023-08-23,no,fully stopped trade with Russia
TJ Maxx,United States,Consumer Discretionary,unclassified,yes,,,,sold,2022-12-24,2022-12-24,yes,divest Familia subsidiary
TUI,Germany,Consumer Discretionary,unclassified,yes,,,,sold,2022-12-24,2022-12-24,yes,end brand-sharing agreement; had already exited
Tata Steel,India,Materials,unclassified,yes,,,,other,2022-12-24,2022-12-24,yes,Replaced all Russian raw materials for operations; no presence in Russia
Tchibo,Germany,Consumer Staples,unclassified,yes,,,,other,2022-12-24,2022-12-24,yes,sell Russian subsidiary
TeamViewer,Germany,Information Technology,unclassified,yes,,,,sold,2022-12-24,2022-12-24,yes,withdraw from Russia/Belarus
Technip Energies,France,Energy,unclassified,yes,,,,other,2023-08-23,2023-08-23,no,No new business. Signed exit agreement on Arctic LNG 2
Teknos,Finland,Industrials,unclassified,yes,,,,sold,2023-08-23,2023-08-23,no,Fully exit Russia after selling its operations
Teknotherm Marine HVAC sp. z o.o.,Poland,Industrials,unclassified,yes,,,,sold,2022-12-24,2022-12-24,yes,complete withdrawal from Russia
Teleperformance,France,Communication Services,unclassified,yes,strict normalized name match to Orbis parent,TELEPERFORMANCE SE,,sold,2023-08-23,2023-08-23,no,Withdrew from Russia
Teradata,United States,Information Technology,unclassified,yes,strict normalized name match to Orbis parent,TERADATA CORPORATION,,suspended,2022-12-24,2022-12-24,yes,stopped all business in Russia and ceased customer interactions and services with all Russian accounts.
Terex Corporation,United States,Industrials,unclassified,yes,,,,sold,2025-05-21,2025-05-21,no,fully withdraw from Russia
Tetra Pak,Sweden,Industrials,unclassified,yes,,,,other,2023-08-23,2023-08-23,no,completely left Russia
Tietoevry,Finland,Information Technology,unclassified,yes,,,,other,2022-12-24,2022-12-24,yes,conclude total exit from Russia
Tom Ford,United States,Consumer Discretionary,unclassified,yes,,,,suspended,2023-08-23,2023-08-23,no,We have ceased all marketing and advertising
Topsoe,Denmark,Energy,unclassified,yes,,,,sold,2023-08-23,2023-08-23,no,Fully wind down all Russian business
Toyota,Japan,Consumer Discretionary,unclassified,yes,,,,suspended,2023-08-23,2023-08-23,no,stop production at its St. Petersburg plant and stop imports of vehicles
Trane Technologies,Ireland,Industrials,unclassified,yes,,,,sold,2022-12-24,2022-12-24,yes,suspend all business activities indefinitely & exit Russia
TransferGo,United Kingdom,Financials,unclassified,yes,,,,other,2023-08-23,2023-08-23,no,End all remittances to Russia
Trimble,United States,Information Technology,unclassified,yes,strict normalized name match to Orbis parent,TRIMBLE INC.,,other,2023-08-23,2022-12-24,no,Discontinue business operations in Russia
TripAdvisor,United States,Communication Services,unclassified,yes,,,,other,2022-12-24,2022-12-24,yes,remove Kremlin-linked propaganda and ads
Triumph Motorcycles,United Kingdom,Consumer Discretionary,unclassified,yes,,,,other,2022-12-24,2022-12-24,yes,Discontinued commercial activity in Russia
Tunnock's,United Kingdom,Consumer Staples,unclassified,yes,,,,other,2022-12-24,2022-12-24,yes,discontinue supplies to Russia
UEFA,Switzerland,NGO,unclassified,yes,,,,other,2022-12-24,2022-12-24,yes,ban Russian athletes from competing
Uber,United States,Information Technology,unclassified,yes,,,,sold,2022-12-24,2022-12-24,yes,divest from partnership with Yandex
Umbro,United Kingdom,Consumer Discretionary,unclassified,yes,,,,sold,2022-12-24,2022-12-24,yes,withdrawal from the Russian market
Unilever,United Kingdom,Consumer Staples,unclassified,yes,,,,sold,2025-05-21,2025-05-21,no,completed the sale of its Russian subsidiary to Arnest Group. The completion of the sale ends Unilever presence in Russia.
United Airlines,United States,Industrials,unclassified,yes,,,,other,2022-12-24,2022-12-24,yes,no flying over Russian airspace
United Internet Group,Germany,Information Technology,unclassified,yes,,,,suspended,2022-12-24,2022-12-24,yes,suspend all Russian contracts
Universal,United States,Communication Services,unclassified,yes,,,,sold,2022-12-24,2022-12-24,yes,closing operations in Russia
Uponor,Finland,Industrials,unclassified,yes,,,,other,2023-08-23,2023-08-23,no,Completes Exit
VTG,Germany,Industrials,unclassified,yes,,,,sold,2023-08-23,2023-08-23,no,Fully exit Russia after selling its operations
Vaillant Group,Germany,Industrials,unclassified,yes,,,,other,2022-12-24,2022-12-24,yes,Terminated business activities in Russia
Valeo,France,Consumer Discretionary,unclassified,yes,strict normalized name match to Orbis parent,VALEO,,other,2025-05-21,2025-05-21,no,No longer have any industrial activities
Valio,Finland,Consumer Staples,unclassified,yes,,,,other,2022-12-24,2022-12-24,yes,sell business and Viola brand to Velcom
Valmet,Finland,Industrials,unclassified,yes,,,,other,2022-12-24,2022-12-24,yes,exit from Russia
Van Oord,Netherlands,Industrials,unclassified,yes,,,,sold,2023-08-23,2023-08-23,no,Full withdrawal from Russia
VanEck,United States,Financials,unclassified,yes,,,,other,2023-08-23,2023-08-23,no,liquidate Russian ETFs
Vanguard,United States,Financials,unclassified,yes,,,,suspended,2022-12-24,2022-12-24,yes,suspend operations in Russia
Velux,Denmark,Consumer Discretionary,unclassified,yes,,,,sold,2022-12-24,2022-12-24,yes,permanently close operations in Russia and Belarus
Veon,Netherlands,Communication Services,unclassified,yes,,,,sold,2023-08-23,2023-08-23,no,Fully divested from Russia and sale of its Russian business approved
Vestas,Denmark,Energy,unclassified,yes,,,,sold,2022-12-24,2022-12-24,yes,Fully Withdrawn from Russia
Vianor,Finland,Consumer Discretionary,unclassified,yes,,,,other,2022-12-24,2022-12-24,yes,terminate contract with Russian subsidiary
Vinmonopolet,Norway,Consumer Staples,unclassified,yes,,,,suspended,2022-12-24,2022-12-24,yes,"stop sales of all Russian wine, spirits and strong beers in Norway"
Visteon,United States,Consumer Discretionary,unclassified,yes,,,,suspended,2023-08-23,2023-08-23,no,Ceased business activity in Russia
Vodafone,United Kingdom,Information Technology,unclassified,yes,,,,suspended,2022-12-24,2022-12-24,yes,suspend partner agreement with MTS
Volaris Group,Canada,Information Technology,unclassified,yes,,,,other,2022-12-24,2022-12-24,yes,discontinue sales and support to Russia
Volfas Engelman,Lithuania,Consumer Staples,unclassified,yes,,,,sold,2022-12-24,2022-12-24,yes,suspend investment and withdraw from Russian market
Vorwerk Group,,,unclassified,yes,,,,suspended,2023-08-23,2023-08-23,no,Stopped all product deliveries
WIKA,Germany,Industrials,unclassified,yes,,,,suspended,2023-08-23,2023-08-23,no,Suspended business in Russia
WPP PLC,United Kingdom,Communication Services,unclassified,yes,,,,other,2022-12-24,2022-12-24,yes,leave Russia
Waitrose,United Kingdom,Consumer Staples,unclassified,yes,,,,other,2022-12-24,2022-12-24,yes,remove products from Russia
Walker's Shortbread,United Kingdom,Consumer Staples,unclassified,yes,,,,other,2022-12-24,2022-12-24,yes,cancel all future orders to Russia
Wallenius Wilhelmsen,Norway,Consumer Discretionary,unclassified,yes,,,,other,2023-08-23,2023-08-23,no,End all operations in Russia
Wargaming,Belarus,Consumer Discretionary,unclassified,yes,,,,sold,2022-12-24,2022-12-24,yes,close operations; transfer of some business
Wartsila,Finland,Industrials,unclassified,yes,,,,other,2023-08-23,2023-08-23,no,Ended Activity
WePlay,United States,Consumer Discretionary,unclassified,yes,,,,other,2022-12-24,2022-12-24,yes,terminate all Russian operations
Wear Medicine,Poland,Consumer Discretionary,unclassified,yes,,,,other,2022-12-24,2022-12-24,yes,terminate cooperation with Russian partners
Weir Group,United Kingdom,Industrials,unclassified,yes,,,,sold,2022-12-24,2022-12-24,yes,wind down Russian business in 2022
Wex Inc.,United States,Information Technology,unclassified,yes,,,,other,2022-12-24,2022-12-24,yes,ending relationship with Lukoil and subsidiaries
White &amp; Case,United States,Industrials,unclassified,yes,,,,sold,2023-08-23,2023-08-23,no,wind down Russian operations
Wienerberger,Austria,Industrials,unclassified,yes,,,,sold,2023-08-23,2023-08-23,no,Fully exit Russia after selling its operations
Willis Towers Watson,United Kingdom,Financials,unclassified,yes,,,,sold,2022-12-24,2022-12-24,yes,Fully exit Russia and transfer ownership to local management
Windstar Cruises,United States,Consumer Discretionary,unclassified,yes,,,,other,2023-08-23,2023-08-23,no,Cancel all Russian cruises
Winston &amp; Strawn,United States,Industrials,unclassified,yes,,,,other,2023-08-23,2023-08-23,no,Close Russian office
Women's Tennis Association,United States,NGO,unclassified,yes,,,,suspended,2022-12-24,2022-12-24,yes,Suspend Russian partnerships
World Athletics Council,United States,NGO,unclassified,yes,,,,other,2022-12-24,2022-12-24,yes,Ban on all Russian competition
World Boxing Association,Panama,NGO,unclassified,yes,,,,other,2022-12-24,2022-12-24,yes,Ban on all Russian competition
World Boxing Organization,United States,NGO,unclassified,yes,,,,other,2022-12-24,2022-12-24,yes,Ban on all Russian competition
World Rowing Federation,United States,NGO,unclassified,yes,,,,other,2022-12-24,2022-12-24,yes,Ban on all Russian competition
World Rugby Union,Ireland,NGO,unclassified,yes,,,,other,2022-12-24,2022-12-24,yes,Ban on all Russian competition
YIT,Finland,Industrials,unclassified,yes,strict normalized name match to Orbis parent,YIT OYJ,,other,2022-12-24,2022-12-24,yes,Exits Russia projects
ZET Chemie,Germany,Materials,unclassified,yes,,,,other,2023-08-23,2023-08-23,no,still operating in Russia
ZF Friedrichshafen,Germany,Consumer Discretionary,unclassified,yes,,,,other,2023-08-23,2023-08-23,no,Ended all business in Russia
Zepz,United Kingdom,Financials,unclassified,yes,,,,other,2023-08-23,2023-08-23,no,Disable all Russian transactions
Zott,Germany,Consumer Staples,unclassified,yes,,,,other,2023-08-23,2023-08-23,no,discontinue business in preparation for liquidation
Zurich Insurance Group,Switzerland,Financials,unclassified,yes,,,,sold,2022-12-24,2022-12-24,yes,sell Russian business to local team and exit market
Zwack,Hungary,Consumer Staples,unclassified,yes,,,,other,2023-08-23,2023-08-23,no,Terminated Business in Russia
edX (2U),United States,Information Technology,unclassified,yes,,,,sold,2022-12-24,2022-12-24,yes,withdraw from all Russian partnerships
3M,United States,Industrials,unclassified,yes,,,,suspended,,2022-12-24,no,suspend operations in Russia
ACCA,United Kingdom,Industrials,unclassified,yes,,,,suspended,,2022-12-24,no,suspend operations in Russia and Belarus
ADEO | Leroy Merlin,France,Consumer Discretionary,unclassified,yes,,,,other,,2023-08-23,no,Will transfer control of Leroy Merlin
ADP,United States,Information Technology,unclassified,yes,,,,suspended,,2022-12-24,no,suspend sales/services to Russia
AICPA,United States,Industrials,unclassified,yes,,,,sold,,2022-12-24,no,suspend sale and delivery of services indefinitely
AL-KO Vehicle Technology,Germany,Consumer Discretionary,unclassified,yes,,,,suspended,,2022-12-24,no,suspend deliveries to Russia and Belarus
AM Best,United States,Information Technology,unclassified,yes,,,,suspended,,2022-12-24,no,suspend all commercial activities to Russian clients
AMD,United States,Information Technology,unclassified,yes,,,,suspended,,2022-12-24,no,suspend all sales to Russia
ARM,United Kingdom,Information Technology,unclassified,yes,,,,suspended,,2022-12-24,no,suspend shipments according to sanctions
AXA,France,Financials,unclassified,yes,,,,suspended,,2022-12-24,no,stop underwriting new insurance & stop renewals
AXA Investments Managers,France,Financials,unclassified,yes,,,,suspended,,2022-12-24,no,pause investments & prohibit new subscriptions
Abrdn,United Kingdom,Financials,unclassified,yes,,,,suspended,,2022-12-24,no,suspend investments in Russia and reduce exposure
Acer,Taiwan,Information Technology,unclassified,yes,,,,suspended,,2022-12-24,no,suspend its business in Russia
Acne Studios,Sweden,Consumer Discretionary,unclassified,yes,,,,other,,2022-12-24,no,put all Russian activities on hold
Adamed,Poland,Health Care,unclassified,yes,,,,suspended,,2022-12-24,no,halt sales and production in Russia
Air Astana,Kazakhstan,Industrials,unclassified,yes,,,,suspended,,2022-12-24,no,suspend flights to Russia
Air France,France,Industrials,unclassified,yes,,,,suspended,,2022-12-24,no,halt flight to and from Russia
Air Malta,Malta,Industrials,unclassified,yes,,,,suspended,,2022-12-24,no,suspend all flights to and from Russia
Airbnb,United States,Consumer Discretionary,unclassified,yes,,,,other,,2022-12-24,no,block bookings and block accepting guests in Russia
Akamai,United States,Information Technology,unclassified,yes,,,,suspended,,2022-12-24,no,suspend sales in Russia
Akin Gump,United States,Industrials,unclassified,yes,,,,suspended,,2022-12-24,no,suspend operations in Russia
Alaska Airlines,United States,Industrials,unclassified,yes,,,,suspended,,2022-12-24,no,temporarily suspend partnership with Russian airline
Alimentation Couche-Tard,Canada,Consumer Staples,unclassified,yes,,,,suspended,,2022-12-24,no,suspend operations
Alstom,France,Industrials,unclassified,yes,,,,suspended,,2022-12-24,no,suspend shipments to Russia
Amazon,United States,Consumer Discretionary,unclassified,yes,,,,suspended,,2022-12-24,no,suspend operations in Russia
Ambarella,United States,Information Technology,unclassified,yes,,,,suspended,,2022-12-24,no,suspend shipments into Russia
Amdocs,United States,Information Technology,unclassified,yes,strict normalized name match to Orbis parent,AMDOCS LIMITED,,suspended,,2022-12-24,no,stop all new sales of product and services in Russia
Amer Sports,Finland,Consumer Discretionary,unclassified,yes,strict normalized name match to Orbis parent,"AMER SPORTS, INC.",,other,,2022-12-24,no,Intention to discontinue business in Russia
American Express,United States,Financials,unclassified,yes,,,,suspended,,2022-12-24,no,suspend operations in Russia
Amica,Poland,Consumer Discretionary,unclassified,yes,,,,suspended,,2022-12-24,no,suspended Russian exports
Analog Devices,United States,Information Technology,unclassified,yes,,,,suspended,,2022-12-24,no,suspend sales to Russia according to sanctions
Ansys,United States,Information Technology,unclassified,yes,,,,suspended,,2022-12-24,no,suspend all sales and business activity
Aon PLC,United Kingdom,Financials,unclassified,yes,,,,suspended,,2022-12-24,no,suspend operations in Russia
Apple,United States,Information Technology,unclassified,yes,strict normalized name match to Orbis parent,APPLE INC.,,suspended,,2022-12-24,no,suspend all official site sales; turn off select apps and services
Arla,Denmark,Consumer Staples,unclassified,yes,,,,other,,2022-12-24,no,suspends all operations
Asian Infrastructure Investment Bank,China,Financials,unclassified,yes,,,,other,,2022-12-24,no,curtail Russian access to capital markets
Asos,United Kingdom,Consumer Discretionary,unclassified,yes,,,,suspended,,2022-12-24,no,suspend all shipments to Russia
Association of International Certified Professional Accountants,United States,Industrials,unclassified,yes,,,,other,,2022-12-24,no,indefinite suspension of services within Russia
Aston Martin,United Kingdom,Consumer Discretionary,unclassified,yes,,,,suspended,,2022-12-24,no,suspend all shipments to Russia
Asus,Taiwan,Information Technology,unclassified,yes,,,,suspended,,2022-12-24,no,suspend shipments to Russia
Atlassian,Australia,Information Technology,unclassified,yes,,,,suspended,,2022-12-24,no,Suspended software sales to Russia
Audi,Germany,Consumer Discretionary,unclassified,yes,,,,suspended,,2022-12-24,no,suspend operations at Kaluga assembly plant
Australia Post,Australia,Communication Services,unclassified,yes,,,,suspended,,2023-08-23,no,Suspend all business with Russia
Austrian Airlines,Austria,Industrials,unclassified,yes,,,,other,,2022-12-24,no,Cancel Russian flights until July
Autodesk,United States,Information Technology,unclassified,yes,,,,suspended,,2022-12-24,no,suspend operations in Russia
Avast,Czech Republic,Information Technology,unclassified,yes,,,,suspended,,2022-12-24,no,suspend all operations in Russia
Axis Communication,Sweden,Consumer Discretionary,unclassified,yes,,,,suspended,,2023-08-23,no,Suspend all product shipments to Russia
Azerbaijan Airlines,Azerbaijan,Industrials,unclassified,yes,,,,suspended,,2022-12-24,no,suspend flights to Russia
B Lab,United States,NGO,unclassified,yes,,,,suspended,,2022-12-24,no,suspend Russian companies from obtaining certifications
BCG,United States,Industrials,unclassified,yes,,,,suspended,,2022-12-24,no,suspend operations; Moscow office ope
BMC,United States,Information Technology,unclassified,yes,,,,suspended,,2022-12-24,no,suspend all business with Russia & Belarus
BMW,Germany,Consumer Discretionary,unclassified,yes,,,,suspended,,2022-12-24,no,suspend exports to and production in Russia
BNP Paribas,France,Financials,unclassified,yes,strict normalized name match to Orbis parent,BNP PARIBAS,,suspended,,2022-12-24,no,suspend new business in Russia/curtail financing
BUDVAR Centrum Sp. z.o.o.,Poland,Industrials,unclassified,yes,,,,suspended,,2022-12-24,no,Suspended Activity
Badminton World Federation,Malaysia,NGO,unclassified,yes,,,,other,,2022-12-24,no,cancel all tournaments
Bain,United States,Industrials,unclassified,yes,,,,suspended,,2022-12-24,no,suspend consulting for all Russian businesses
Bang &amp; Olufsen,Denmark,Information Technology,unclassified,yes,,,,suspended,,2023-08-23,no,suspended deliveries and sales to Russia
Bank of China,China,Financials,unclassified,yes,,,,other,,2022-12-24,no,curtail Russian access to capital markets
Bentley,United States,Consumer Discretionary,unclassified,yes,,,,suspended,,2022-12-24,no,suspend all shipments to Russia
Big Fish Games,United States,Communication Services,unclassified,yes,,,,suspended,,2022-12-24,no,suspend downloadable game business in Russia
Bitdefender,Romania,Information Technology,unclassified,yes,,,,suspended,,2022-12-24,no,suspend all sales to Russia
BlackBerry,Canada,Information Technology,unclassified,yes,,,,other,,2022-12-24,no,cease all activities in Russia
Boeing,United States,Industrials,unclassified,yes,,,,suspended,,2022-12-24,no,suspend operations in Russia/titanium purchases
Bombardier,Canada,Industrials,unclassified,yes,,,,other,,2022-12-24,no,restrict Russian business
Boohoo Group,United Kingdom,Consumer Discretionary,unclassified,yes,,,,suspended,,2022-12-24,no,suspend all shipments to Russia
Boosteroid Cloud Gaming,United Arab Emirates,Information Technology,unclassified,yes,,,,suspended,,2022-12-24,no,suspend services to Russia
Boryszew,Poland,Materials,unclassified,yes,,,,suspended,,2022-12-24,no,suspended operations in Russia
Brav,Norway,Consumer Discretionary,unclassified,yes,,,,suspended,,2022-12-24,no,suspend sales and operations in Russia
Bridgestone Tire,Japan,Consumer Discretionary,unclassified,yes,,,,suspended,,2022-12-24,no,suspend manufacturing in Russia and shipments into
Brinks,United States,Consumer Discretionary,unclassified,yes,,,,suspended,,2023-08-23,no,Suspended business in Russia
British Airways,United Kingdom,Industrials,unclassified,yes,,,,other,,2022-12-24,no,cancel Russian flights
Brown-Forman,United States,Consumer Staples,unclassified,yes,,,,suspended,,2022-12-24,no,suspend commercial operations in Russia
Brunico Communications,Canada,Communication Services,unclassified,yes,,,,other,,2023-08-23,no,Put all business with Russia on hold
Budweiser Budvar,Czech Republic,Consumer Staples,unclassified,yes,,,,other,,2022-12-24,no,suspends production and supply of beer
Bulgaria Air,Bulgaria,Industrials,unclassified,yes,,,,suspended,,2022-12-24,no,suspend flights to Russia
Bulgarian Postbank,Bulgaria,Financials,unclassified,yes,,,,suspended,,2022-12-24,no,stop operations in Russian ruble
Burberry,United Kingdom,Consumer Discretionary,unclassified,yes,,,,suspended,,2022-12-24,no,suspend all shipments to Russia
Buta Airways,Azerbaijan,Industrials,unclassified,yes,,,,suspended,,2022-12-24,no,suspend flights to Russia
CBRE,United States,Real Estate,unclassified,yes,,,,other,,2022-12-24,no,discontinue Russian business
CME Group,United States,Financials,unclassified,yes,,,,suspended,,2022-12-24,no,suspend acceptance of certain Russian commodities
CNH Industrial,United Kingdom,Industrials,unclassified,yes,,,,suspended,,2022-12-24,no,suspend sales to Russia
Callaway Golf,United States,Consumer Discretionary,unclassified,yes,,,,suspended,,2023-08-23,no,Suspended business in Russia
Canada Goose,Canada,Consumer Discretionary,unclassified,yes,,,,suspended,,2022-12-24,no,suspend all shipments to Russia
Canadian Tire,Canada,Consumer Discretionary,unclassified,yes,,,,other,,2022-12-24,no,close Russia stores
Canon,Japan,Information Technology,unclassified,yes,strict normalized name match to Orbis parent,CANON INC.,,suspended,,2022-12-24,no,suspend deliveries in Russia
Canonical,United Kingdom,Information Technology,unclassified,yes,,,,suspended,,2022-12-24,no,suspend support & professional services
Capgemini,France,Information Technology,unclassified,yes,,,,suspended,,2022-12-24,no,stop services to Russia
Cargolux,Luxembourg,Industrials,unclassified,yes,,,,suspended,,2022-12-24,no,suspend all shipments into and through Russia
Ceratizit,Luxembourg,Industrials,unclassified,yes,,,,suspended,2022-12-24,2022-12-24,yes,Stop all deliveries to Russia and Belarus. Still distributes through distributors
Chemours,United States,Materials,unclassified,yes,,,,suspended,,2023-08-23,no,Suspended business in Russia
Chevron,United States,Energy,unclassified,yes,,,,other,,2022-12-24,no,"Pausing all transactions and sales of refining products, lubricants, and chemicals"
Chipperfield,United Kingdom,Industrials,unclassified,yes,,,,suspended,,2022-12-24,no,suspend operations in Russia
Chopard,Switzerland,Consumer Discretionary,unclassified,yes,,,,suspended,,2023-08-23,no,Suspend all Russian diamond purchases
Cie Automotives,Spain,Consumer Discretionary,unclassified,yes,,,,other,,2022-12-24,no,temporarily shut down aluminum plant
Ciena,United States,Communication Services,wholly_owned,yes,strict normalized name match to Orbis parent; Orbis direct-stake category: wholly_owned,CIENA CORPORATION,99.98,suspended,,2022-12-24,no,suspend business operations in Russia
Citrix,United States,Information Technology,unclassified,yes,,,,suspended,,2022-12-24,no,suspend all sales to Russia
Cleary Gottlieb,United States,Industrials,unclassified,yes,,,,suspended,,2022-12-24,no,suspend Russian operations
Clorox,United States,Consumer Staples,unclassified,yes,,,,suspended,,2022-12-24,no,suspend business activity in Russia
Clutch,United States,Industrials,unclassified,yes,,,,suspended,,2022-12-24,no,suspend all business activity
Cogent Communications,United States,Communication Services,unclassified,yes,,,,other,,2022-12-24,no,cut all internet to Russia
Columbia Sportswear,United States,Consumer Discretionary,contractual,yes,"Yale text explicitly mentions a distribution, license, or franchise arrangement",,,suspended,,2022-12-24,no,pause taking any new orders from Russian distributor & remove future sales
Commerzbank,Germany,Financials,unclassified,yes,,,,suspended,,2022-12-24,no,suspend operations in Russia
Conde Nast,United States,Communication Services,unclassified,yes,,,,suspended,,2022-12-24,no,suspend all publishing operations
Conformis,United States,Health Care,contractual,yes,"Yale text explicitly mentions a distribution, license, or franchise arrangement",,,suspended,,2022-12-24,no,suspend distribution operations in Russia
Costco,United States,Consumer Discretionary,unclassified,yes,,,,suspended,,2022-12-24,no,stopped purchases from Russia
Coupa,United States,Information Technology,unclassified,yes,,,,suspended,,2022-12-24,no,suspend operations in Russia
Coursera,United States,Consumer Discretionary,unclassified,yes,,,,suspended,,2022-12-24,no,platform available; refrain from financial benefits from the region; suspend some content
Credit Agricole,France,Financials,unclassified,yes,,,,suspended,,2022-12-24,no,suspend all services in Russia
Criteo,France,Consumer Discretionary,unclassified,yes,,,,other,,2023-08-23,no,Discontinued Operations
Crocs,United States,Consumer Discretionary,unclassified,yes,strict normalized name match to Orbis parent,"CROCS, INC.",,suspended,,2022-12-24,no,suspend D2C business
Curve,United Kingdom,Financials,unclassified,yes,,,,other,,2022-12-24,no,no longer allow Russian payment cards & transaction in RUB
Cyprus Airways,Cyprus,Industrials,unclassified,yes,,,,suspended,,2022-12-24,no,suspend flights to Russia
DACHSER,Germany,Industrials,unclassified,yes,,,,other,,2022-12-24,no,End all transports to Russia
DAF,Netherlands,Consumer Discretionary,unclassified,yes,,,,suspended,,2023-08-23,no,Suspend business in Russia
DHL,Germany,Industrials,unclassified,yes,,,,suspended,,2022-12-24,no,suspend all shipments to Russia
DJI,China,Information Technology,unclassified,yes,,,,suspended,,2022-12-24,no,stop selling drones in Russia
DKV Mobility,Germany,Information Technology,unclassified,yes,,,,suspended,,2022-12-24,no,stop all activity for Russian domestic business
DSV A/S,Denmark,Industrials,unclassified,yes,,,,suspended,,2022-12-24,no,suspend all shipments to Russia
Daimler Truck,Germany,Consumer Discretionary,unclassified,yes,,,,other,,2022-12-24,no,freeze activities in Russia
Damen,Netherlands,Industrials,unclassified,yes,,,,suspended,,2022-12-24,no,"stop supplying ships to Russia, halt new contracts"
Danaher,United States,Health Care,unclassified,yes,strict normalized name match to Orbis parent,DANAHER CORPORATION,,suspended,,2022-12-24,no,suspended shipments to Russia except for humanitarian medical products
Danone,France,Consumer Staples,unclassified,yes,strict normalized name match to Orbis parent,DANONE,,seized,,2022-12-24,no,Announced Transfer
Danske Bank,Denmark,Financials,unclassified,yes,,,,suspended,,2023-08-23,no,suspend operations in Russia
Dassault Aviation,France,Industrials,unclassified,yes,,,,suspended,,2022-12-24,no,suspend all shipments to Russia
Dassault Systèmes,France,Information Technology,unclassified,yes,,,,suspended,,2022-12-24,no,suspend business operations in Russia
Debevoise &amp; Plimpton,United States,Industrials,unclassified,yes,,,,sold,,2023-08-23,no,Wind down Russia operations; local partners and counsel open Russian business
Decathlon,France,Consumer Discretionary,unclassified,yes,,,,suspended,,2022-12-24,no,suspend the operation of its stores in Russia
Deckers,United States,Consumer Discretionary,unclassified,yes,,,,suspended,,2022-12-24,no,suspend business in Russia
Demant,Denmark,Health Care,unclassified,yes,,,,suspended,,2022-12-24,no,suspend all trade with Russia
Denso,Japan,Consumer Discretionary,unclassified,yes,strict normalized name match to Orbis parent,DENSO CORPORATION CO,,suspended,,2022-12-24,no,suspend all shipments into Russia
Depositphotos,Ukraine,Consumer Discretionary,unclassified,yes,,,,suspended,,2022-12-24,no,stop all sales and services to Russia
Diadora,Italy,Consumer Discretionary,unclassified,yes,,,,suspended,,2022-12-24,no,suspend contracts with Russian commercial partners
Diageo,United Kingdom,Consumer Staples,unclassified,yes,strict normalized name match to Orbis parent,DIAGEO PLC,,suspended,,2022-12-24,no,suspend all shipments to Russia
Diebold Nixdorf,United States,Information Technology,unclassified,yes,strict normalized name match to Orbis parent,"DIEBOLD NIXDORF, INC",,suspended,,2022-12-24,no,suspend shipments and sales of any kind into Russia.
DirecTV,United States,Communication Services,unclassified,yes,,,,other,,2022-12-24,no,cut Kremlin backed TV networks
Discover,United States,Communication Services,unclassified,yes,,,,suspended,,2022-12-24,no,suspend efforts to establish Russian presence
Discovery,United States,Communication Services,unclassified,yes,,,,suspended,,2023-08-23,no,Suspend Russian access
Disney,United States,Communication Services,unclassified,yes,,,,suspended,,2022-12-24,no,pause new content releases
Dreamstime,United States,Communication Services,unclassified,yes,,,,other,,2022-12-24,no,restrict download plans and payments for Russian customers
DuPont,United States,Materials,unclassified,yes,,,,suspended,,2022-12-24,no,suspend operations in Russia and Belarus
Dyson,Singapore,Consumer Discretionary,unclassified,yes,,,,suspended,,2023-08-23,no,Suspend business in Russia
ECFMG,United States,Industrials,unclassified,yes,,,,suspended,,2023-08-23,no,Suspend Russian certifications
EDF,France,Utilities,unclassified,yes,,,,suspended,,2022-12-24,no,suspend Moscow office
ESET,Slovakia,Information Technology,unclassified,yes,,,,suspended,,2022-12-24,no,suspend all sales to Russia
Edrington,United Kingdom,Consumer Staples,unclassified,yes,,,,suspended,,2022-12-24,no,suspend all shipments to Russia
Egon Zehnder,United States,Industrials,unclassified,yes,,,,suspended,,2022-12-24,no,stop operations in Russia
Electrolux,Sweden,Consumer Discretionary,unclassified,yes,,,,other,,2022-12-24,no,suspending all shipments into Russia
Elsevier,Netherlands,Communication Services,unclassified,yes,,,,sold,,2023-08-23,no,Winding down all operations in Russia
Embraer,Brazil,Industrials,unclassified,yes,,,,suspended,,2022-12-24,no,suspend supplying parts and services to Russia
Epiroc,Sweden,Consumer Staples,unclassified,yes,strict normalized name match to Orbis parent,EPIROC AB,,suspended,,2022-12-24,no,pause all deliveries to Russia and no operations domestically
Eppendorf SE,Germany,Health Care,unclassified,yes,,,,suspended,,2022-12-24,no,suspend exports to Russia; keep rep office open
Epson,Japan,Consumer Discretionary,unclassified,yes,,,,suspended,,2022-12-24,no,suspend exports to Russia & Belarus
Equinix,United States,Real Estate,unclassified,yes,,,,suspended,,2022-12-24,no,suspend Russian partnerships and customers
Ericsson,Sweden,Information Technology,unclassified,yes,,,,suspended,,2022-12-24,no,suspend all shipments to Russia
Esri,United Kingdom,Information Technology,unclassified,yes,,,,other,,2023-08-23,no,Suspending all sales of products and services.
Estee Lauder,United States,Consumer Staples,unclassified,yes,,,,suspended,,2022-12-24,no,suspend operations in Russia
Etex,Belgium,Communication Services,unclassified,yes,,,,suspended,,2023-08-23,no,Suspended business in Russia
Eurasian Resources Group,Luxembourg,Materials,unclassified,yes,,,,suspended,,2023-08-23,no,Suspend substantively all Russian commodities purchases
European University Association,Belgium,NGO,unclassified,yes,,,,other,,2022-12-24,no,cease cooperation with governmental agencies in Russia
Exiger,United States,Industrials,unclassified,yes,,,,other,,2022-12-24,no,halting all activity and due diligence in Russia
Exor,Netherlands,Financials,unclassified,yes,,,,other,,2022-12-24,no,holding company's assets are suspending operations
FANUC,Japan,Industrials,unclassified,yes,strict normalized name match to Orbis parent,FANUC CORPORATION,,suspended,2022-12-24,2022-12-24,yes,"Totally suspend all shipments, services and maintenance in Russia"
FIBA,Switzerland,NGO,unclassified,yes,,,,other,,2022-12-24,no,ban Russian teams and officials from participating in basketball events
FIFA,Switzerland,Industrials,unclassified,yes,,,,other,,2022-12-24,no,ban Russian athletes from competing
Famur,Poland,Industrials,unclassified,yes,,,,suspended,,2022-12-24,no,suspend Russian exports
Farfetch,United Kingdom,Consumer Discretionary,unclassified,yes,,,,suspended,,2022-12-24,no,suspend all shipments to Russia
FedEx,United States,Industrials,unclassified,yes,,,,suspended,,2022-12-24,no,suspend all shipments to Russia
Ferragamo,Italy,Consumer Discretionary,unclassified,yes,,,,suspended,,2022-12-24,no,suspend all shipments to Russia
Ferrari,Italy,Consumer Discretionary,unclassified,yes,,,,suspended,,2022-12-24,no,suspend sales in Russia
Fidelity,United States,Financials,unclassified,yes,,,,suspended,,2023-08-23,no,Suspend trading of Russian securities
Finnlines,Finland,Industrials,unclassified,yes,,,,suspended,,2022-12-24,no,suspend all traffic to Russia
Fitch,United States,Financials,unclassified,yes,,,,suspended,,2022-12-24,no,suspend operations in Russia
Fiverr,Israel,Consumer Discretionary,unclassified,yes,,,,suspended,,2022-12-24,no,suspend business
Fluidra,Spain,Industrials,unclassified,yes,,,,suspended,,2024-02-25,no,Stopped busisness. In process of selling subsidaries
Forest Stewardship Council (FSC),Germany,NGO,unclassified,yes,,,,suspended,,2022-12-24,no,suspend all trading certificates in Russia & Belarus and block all controlled wood sourcing from the two countries
Fortinet,United States,Information Technology,unclassified,yes,,,,suspended,,2022-12-24,no,suspend operations in Russia
Foster + Partners,United Kingdom,Industrials,unclassified,yes,,,,suspended,,2022-12-24,no,stop work on projects in Russia
Fujitsu,Japan,Information Technology,unclassified,yes,,,,other,,2022-12-24,no,cease orders and shipments to Russia
Fédération Internationale de Motocyclisme,Switzerland,NGO,contractual,yes,"Yale text explicitly mentions a distribution, license, or franchise arrangement",,,other,,2022-12-24,no,"ban Russian, Belarusian licence holders"
Ganni,Denmark,Consumer Discretionary,unclassified,yes,,,,other,,2022-12-24,no,freeze all trade with Russia
Gap Inc,United States,Consumer Discretionary,unclassified,yes,,,,suspended,,2023-08-23,no,stopped shipments to franchisees in Russia
Gasum,Finland,Energy,unclassified,yes,,,,suspended,,2023-08-23,no,Suspend all purchases from Russia
Generac,United States,Industrials,unclassified,yes,,,,suspended,,2023-08-23,no,Suspend all business in Russia
Gestamp,Spain,Consumer Discretionary,unclassified,yes,,,,suspended,,2022-12-24,no,stopped production
GetYourGuide,Switzerland,Consumer Discretionary,unclassified,yes,,,,suspended,,2022-12-24,no,suspend all Russian operations
Goodyear,United States,Consumer Discretionary,unclassified,yes,,,,suspended,,2022-12-24,no,suspend shipments of tires to Russia
Grainpro,United States,Materials,unclassified,yes,,,,suspended,,2022-12-24,no,suspend all operations in Russia
Grammarly,United States,Information Technology,unclassified,yes,,,,other,,2022-12-24,no,block users located in Russia and Belarus from using products or services
Graphisoft,Hungary,Information Technology,unclassified,yes,,,,suspended,,2022-12-24,no,"suspended new activities, disabled access to our commercial services in Russia"
Grupa Azoty,Poland,Materials,unclassified,yes,,,,suspended,,2022-12-24,no,stopped exporting its products to Russia or Belarus
Grupo Antolín,Spain,Consumer Discretionary,unclassified,yes,,,,suspended,,2022-12-24,no,suspend operations in Russia
Grupo Bimbo,Mexico,Consumer Staples,contractual,yes,"Yale text explicitly mentions a distribution, license, or franchise arrangement",,,suspended,,2022-12-24,no,"Suspended distribution of the Bimbo Brand at retail, but left Moscow Bimbo QSR plant operating for food service products"
HARIBO,Germany,Consumer Staples,unclassified,yes,,,,suspended,,2022-12-24,no,suspend production to Russia
HHLA,Germany,Financials,unclassified,yes,,,,suspended,,2022-12-24,no,suspend entry of Russian shipments at owned ports
HMM,South Korea,Industrials,unclassified,yes,,,,suspended,,2022-12-24,no,suspend all shipments to Russia
Hannover Re,Germany,Financials,unclassified,yes,,,,suspended,,2022-12-24,no,halt underwriting business
Hapag Lloyd,Germany,Industrials,unclassified,yes,,,,suspended,,2022-12-24,no,suspend all shipments to Russia
Harley-Davidson,United States,Consumer Discretionary,unclassified,yes,strict normalized name match to Orbis parent,"HARLEY-DAVIDSON, INC.",,other,,2022-12-24,no,suspending all business in Russia
Hasbro,United States,Consumer Discretionary,unclassified,yes,strict normalized name match to Orbis parent,HASBRO INC,,suspended,,2022-12-24,no,pause toy shipments of Russia
Heraeus,Germany,Industrials,unclassified,yes,,,,suspended,,2022-12-24,no,stop goods and money flows to Russia
Herbalife,United States,Consumer Staples,unclassified,yes,strict normalized name match to Orbis parent,HERBALIFE LTD.,,suspended,,2023-08-23,no,suspend sales and shipments to Russia
Hermes,France,Consumer Discretionary,unclassified,yes,,,,suspended,,2022-12-24,no,suspend all operations in Russia
Herzog &amp; de Meuron,Switzerland,Industrials,unclassified,yes,,,,suspended,,2023-08-23,no,suspend work on Russian projects
Hexagon,Sweden,Information Technology,unclassified,yes,strict normalized name match to Orbis parent,HEXAGON AB,,other,,2022-12-24,no,freeze all business activities
Hindalco,India,Materials,unclassified,yes,,,,suspended,,2023-08-23,no,suspend operations
Hitachi Construction,Japan,Industrials,unclassified,yes,,,,suspended,,2022-12-24,no,suspend all shipments to Russia
Honda,Japan,Consumer Discretionary,unclassified,yes,,,,suspended,,2022-12-24,no,suspend all shipments to Russia
Honey Group,Finland,Consumer Staples,unclassified,yes,,,,suspended,,2022-12-24,no,suspend sales to Russia
Hugo Boss,Germany,Consumer Discretionary,unclassified,yes,,,,other,,2022-12-24,no,temporarily close stores and e-commerce sites
Hunkemoller,Netherlands,Consumer Discretionary,unclassified,yes,,,,suspended,,2022-12-24,no,suspend operations of on-site and online stores
Husqvarna,Sweden,Consumer Discretionary,unclassified,yes,,,,suspended,,2022-12-24,no,stop exports to Russia & halt investments
Hyundai,South Korea,Consumer Discretionary,unclassified,yes,,,,suspended,,2022-12-24,no,suspend manufacturing in Russia
ICBC,China,Financials,unclassified,yes,,,,other,,2022-12-24,no,curtail Russian access to capital markets
Iberia,Spain,Industrials,unclassified,yes,,,,other,,2022-12-24,no,canceling flights to Russia
Icecat,Netherlands,Industrials,unclassified,yes,,,,other,,2022-12-24,no,suspends activities for the Russian market
Illinois Tool Works,United States,Industrials,unclassified,yes,strict normalized name match to Orbis parent,ILLINOIS TOOL WORKS INC.,,other,,2022-12-24,no,suspension of sales to Russia
Indeed,United States,Information Technology,unclassified,yes,,,,suspended,,2022-12-24,no,suspend service in Russia
Institute of Internal Auditors,United States,Industrials,unclassified,yes,,,,suspended,,2022-12-24,no,suspend business in Russia
Intel,United States,Information Technology,unclassified,yes,strict normalized name match to Orbis parent,INTEL CORP,,suspended,,2022-12-24,no,suspend sales to Russia
Interactive Advertising Bureau,United States,Industrials,contractual,yes,"Yale text explicitly mentions a distribution, license, or franchise arrangement",,,suspended,,2022-12-24,no,suspend licensing in Russia and Belarus
Intercomm Foods,Greece,Consumer Staples,unclassified,yes,,,,other,,2022-12-24,no,Stopping shipments to Russia
International Canoe Federation,Switzerland,NGO,unclassified,yes,,,,suspended,,2022-12-24,no,suspend Russian athletes & relocate Russian events
International Federation of Sport Climbing,Italy,NGO,unclassified,yes,,,,suspended,,2022-12-24,no,suspend Russian teams from participation; suspend Russian events
International Tennis Federation,United Kingdom,NGO,unclassified,yes,,,,suspended,,2022-12-24,no,suspend Russian partnerships
Intertek,United States,Industrials,unclassified,yes,,,,suspended,,2022-12-24,no,suspend operations
Intuit,United States,Information Technology,unclassified,yes,,,,suspended,,2022-12-24,no,suspend customer accounts
Isuzu,Japan,Consumer Discretionary,unclassified,yes,,,,suspended,,2023-08-23,no,Suspend business in Russia
JCB,United Kingdom,Industrials,unclassified,yes,strict normalized name match to Orbis parent,"JCB CO.,LTD.",,suspended,,2022-12-24,no,pause business in Russia
Jablotron,Czech Republic,Consumer Discretionary,unclassified,yes,,,,other,,2022-12-24,no,halts sales and blocks data services to products assembled in  Russia
Japan Credit Bureau (JCB),Japan,Financials,unclassified,yes,,,,suspended,,2023-08-23,no,suspend operations in Russia
Johnson Controls,Ireland,Industrials,unclassified,yes,,,,suspended,,2022-12-24,no,suspend operations in Russia
Julipedra,Portugal,Materials,unclassified,yes,,,,suspended,,2022-12-24,no,suspended exports to Russia
Jungheinrich,Germany,Industrials,unclassified,yes,strict normalized name match to Orbis parent,JUNGHEINRICH AG,,suspended,,2022-12-24,no,keep Russia office; stop exports to Russia
Juniper Networks,United States,Information Technology,unclassified,yes,,,,suspended,,2022-12-24,no,suspend sales in Russia
KBC Group,Belgium,Financials,unclassified,yes,,,,suspended,,2022-12-24,no,suspend transactions with certain Russian banks
KGHM,Poland,Materials,unclassified,yes,,,,suspended,,2022-12-24,no,"suspended Russian contracts, subsidiary ZANAM Vostok in Russia"
KLM,Netherlands,Industrials,unclassified,yes,,,,other,,2022-12-24,no,cancel flights to and from Russia
KONE,Finland,Industrials,unclassified,yes,,,,suspended,,2022-12-24,no,suspend deliveries to Russia & stop new Russian orders
KUKA,Germany,Industrials,unclassified,yes,,,,suspended,,2022-12-24,no,suspend all business with Russia
Kepenou Mills,Greece,Consumer Staples,unclassified,yes,,,,suspended,,2022-12-24,no,stop wheat orders from Russia
Kering,France,Consumer Discretionary,unclassified,yes,strict normalized name match to Orbis parent,KERING,,other,,2022-12-24,no,close all stores in Russia
Kerry Group,Ireland,Consumer Staples,unclassified,yes,,,,other,,2022-12-24,no,suspending operations
Kingston,United States,Information Technology,unclassified,yes,,,,suspended,,2022-12-24,no,suspend shipments to Russia
Kodak Alaris,United Kingdom,Information Technology,unclassified,yes,,,,suspended,,2022-12-24,no,suspend all business activity into Russia & Belarus
Komatsu,Japan,Industrials,unclassified,yes,,,,suspended,,2022-12-24,no,suspend all shipments to Russia
Konecranes,Finland,Industrials,unclassified,yes,,,,suspended,,2022-12-24,no,stop all orders from Russia
Konica Minolta,Japan,Consumer Discretionary,unclassified,yes,strict normalized name match to Orbis parent,KONICA MINOLTA INC,,suspended,,2022-12-24,no,new shipments suspended
Korean Air Lines,South Korea,Industrials,unclassified,yes,,,,other,,2022-12-24,no,no flying over Russian airspace; Russian flights cancelled
Korn Ferry,United States,Industrials,unclassified,yes,strict normalized name match to Orbis parent,KORN FERRY,,suspended,,2022-12-24,no,suspend business in Russia
Krombacher,Germany,Consumer Staples,unclassified,yes,,,,suspended,,2022-12-24,no,stopped exports to Russia
Kronospan,Austria,Materials,unclassified,yes,,,,other,,2023-08-23,no,Separated out all business activities in Russia
Kubota,Japan,Industrials,unclassified,yes,strict normalized name match to Orbis parent,KUBOTA CORPORATION,,other,,2022-12-24,no,cancel production of equipment orders from Russian
Kurokesu,Lithuania,Consumer Discretionary,unclassified,yes,,,,suspended,,2022-12-24,no,suspend shipments to Russia
Kyocera,Japan,Information Technology,unclassified,yes,strict normalized name match to Orbis parent,KYOCERA CORPORATION,,suspended,,2022-12-24,no,suspend deliveries of all devices to Russia
Kärcher,Germany,Consumer Discretionary,unclassified,yes,,,,suspended,,2022-12-24,no,suspend exports to Russia & halt investments
Körber,Germany,Industrials,unclassified,yes,,,,suspended,,2022-12-24,no,suspend new business with Russia
L'Oreal,France,Consumer Discretionary,unclassified,yes,,,,suspended,,2022-12-24,no,suspend operations in Russia
LCBO,Canada,Consumer Staples,unclassified,yes,,,,suspended,,2022-12-24,no,suspend Russian-produced products
LG Electronics,South Korea,Information Technology,unclassified,yes,,,,suspended,,2022-12-24,no,suspend new product shipments to Russia
LUSH,United Kingdom,Consumer Discretionary,unclassified,yes,,,,suspended,,2022-12-24,no,suspend online sales & supply to Russia
La Lorraine,Belgium,Consumer Staples,unclassified,yes,,,,suspended,,2022-12-24,no,halt its 50mn euro investment in Moscow
Lanxess,Germany,Materials,unclassified,yes,,,,suspended,,2022-12-24,no,suspend business activities with Russia
Lego,Denmark,Consumer Discretionary,unclassified,yes,,,,suspended,,2022-12-24,no,suspend all shipments to Russia
Leonardo,Italy,Industrials,unclassified,yes,,,,suspended,,2022-12-24,no,pause all JVs in Russia; helicopter production
Les Ballets de Monte-Carlo,Monaco,Consumer Discretionary,unclassified,yes,,,,suspended,,2022-12-24,no,suspend performance rights for his ballet
Levi Strauss,United States,Consumer Discretionary,unclassified,yes,,,,suspended,,2022-12-24,no,suspend all sales in Russia
Lexmark,United States,Information Technology,unclassified,yes,,,,suspended,,2022-12-24,no,suspend shipments to Russia
Little Caesar's,United States,Consumer Discretionary,contractual,yes,"Yale text explicitly mentions a distribution, license, or franchise arrangement",,,suspended,,2022-12-24,no,suspend Russian franchise support
Live Nation Entertainment,United States,Communication Services,unclassified,yes,,,,suspended,,2022-12-24,no,stop business with Russia
Lladró,Spain,Consumer Discretionary,unclassified,yes,,,,suspended,,2022-12-24,no,suspended service and shipment to Russia.  No new requests
Louis Dreyfus,Netherlands,Consumer Staples,unclassified,yes,,,,suspended,,2022-12-24,no,suspend operations in Russia
Lumen,United States,Communication Services,unclassified,yes,,,,other,,2022-12-24,no,cut networks to Russia
M&amp;G,United Kingdom,Financials,unclassified,yes,,,,other,,2023-08-23,no,phased divestment of Russian assets
MS &amp; AD Insurance Group,Japan,Financials,unclassified,yes,,,,other,,2023-08-23,no,suspending operations
MSC,United States,Financials,unclassified,yes,,,,other,,2022-12-24,no,temporary suspension of all shipments to Russia
MSC Cruises,Switzerland,Consumer Discretionary,unclassified,yes,,,,suspended,,2022-12-24,no,suspend calls to Russia
MV Group,Lithuania,Consumer Staples,unclassified,yes,,,,other,,2022-12-24,no,"suspends all imports and orders, froze partner brands"
MVRDV,Netherlands,Industrials,unclassified,yes,,,,suspended,,2022-12-24,no,suspend operations in Russia
Magna,Canada,Consumer Discretionary,unclassified,yes,,,,suspended,,2022-12-24,no,suspend Russian plants
Magna Steyr,Austria,Consumer Discretionary,unclassified,yes,,,,suspended,,2022-12-24,no,suspend deliveries to Russia
Mango,Spain,Consumer Discretionary,unclassified,yes,,,,suspended,,2022-12-24,no,suspend direct operations in Russia
Manolo Blahnik,United Kingdom,Consumer Discretionary,unclassified,yes,,,,suspended,,2022-12-24,no,suspend sales to Russia
Marks &amp; Spencer,United Kingdom,Consumer Staples,unclassified,yes,,,,suspended,,2023-08-23,no,suspend all shipments to Russia
Marriott,United States,Consumer Discretionary,unclassified,yes,,,,suspended,,2022-12-24,no,suspend all Russian operations
Marvell,United States,Information Technology,unclassified,yes,,,,suspended,,2022-12-24,no,suspend all sales to Russia in compliance with sanctions
Mastercard,United States,Information Technology,unclassified,yes,,,,suspended,,2022-12-24,no,suspend operations in Russia
Match Group,United States,Communication Services,unclassified,yes,,,,other,,2023-08-23,no,"Stated will leave Russia by June 30, 2023"
Mattel,United States,Consumer Discretionary,unclassified,yes,strict normalized name match to Orbis parent,"MATTEL, INC.",,suspended,,2022-12-24,no,suspend shipments into Russia
Mazda,Japan,Consumer Discretionary,unclassified,yes,,,,suspended,,2022-12-24,no,suspend all shipments to Russia
McCormick,United States,Consumer Staples,unclassified,yes,,,,suspended,,2022-12-24,no,suspend operations in Russia
Meggit,United Kingdom,Industrials,unclassified,yes,,,,other,,2022-12-24,no,cease all imports and exports with Russia
Meta,United States,Communication Services,unclassified,yes,,,,suspended,,2022-12-24,no,suspend Russian advertising
Metsa,Finland,Materials,unclassified,yes,,,,suspended,,2022-12-24,no,suspend operations at Russian mill
Metso Outotec,Finland,Industrials,unclassified,yes,,,,suspended,,2022-12-24,no,suspend all shipments to Russia
Mettler Toledo,United States,Health Care,unclassified,yes,,,,suspended,,2022-12-24,no,suspend all shipments to Russia
Michelin,France,Consumer Discretionary,unclassified,yes,,,,suspended,,2022-12-24,no,suspended all operations in Russia
Micro Focus,United Kingdom,Information Technology,unclassified,yes,,,,suspended,,2023-08-23,no,Suspended business in Russia
Micron,United States,Information Technology,unclassified,yes,,,,suspended,,2022-12-24,no,Suspend shipments to Russia according to sanctions
Microsoft,United States,Information Technology,wholly_owned,yes,strict normalized name match to Orbis parent; Orbis direct-stake category: wholly_owned,MICROSOFT CORPORATION,100,suspended,,2023-08-23,no,suspend new sales in Russia but continue existing access
Milk Hydrosan sp. z o.o.,Poland,Industrials,unclassified,yes,,,,suspended,,2022-12-24,no,suspended Russian contracts
Mitsubishi Electric,Japan,Industrials,unclassified,yes,strict normalized name match to Orbis parent,MITSUBISHI ELECTRIC CORPORATION,,suspended,,2022-12-24,no,stop all sales to Russia but reserve the right to return
Mitsubishi Motors,Japan,Consumer Discretionary,unclassified,yes,,,,suspended,,2022-12-24,no,suspended operations at Russian plant
Mobatime (Elekon),Czech Republic,Consumer Discretionary,unclassified,yes,,,,suspended,,2022-12-24,no,stopped activity and remotely stopped clock on Russian Academy of Sciences
Moncler,Italy,Consumer Discretionary,unclassified,yes,,,,suspended,,2022-12-24,no,suspend operations in Russia
Moneygram,United States,Financials,unclassified,yes,,,,suspended,,2023-08-23,no,suspend all payments to Russia
MongoDB,United States,Information Technology,unclassified,yes,,,,suspended,,2022-12-24,no,suspend sales to Russia and Belarus
Mothercare,United Kingdom,Consumer Discretionary,unclassified,yes,,,,suspended,,2022-12-24,no,suspend operations in Russia
Motorola Solutions,United States,Information Technology,unclassified,yes,,,,suspended,,2022-12-24,no,suspend service orders to Russia
Munich Re,Germany,Financials,unclassified,yes,,,,suspended,,2022-12-24,no,not renew current contracts & suspend new business
NCR,United States,Information Technology,unclassified,yes,,,,suspended,,2022-12-24,no,suspend sales to Russia
NEC,Japan,Information Technology,unclassified,yes,strict normalized name match to Orbis parent,NEC CORPORATION,,suspended,,2022-12-24,no,suspend all future sales
NHL,United States,NGO,unclassified,yes,,,,suspended,,2022-12-24,no,pause all partnerships in Russia
NSG Group (Pilkington),Japan,Materials,unclassified,yes,,,,other,,2022-12-24,no,suspension all trading and investment
NXP Semiconductors,Netherlands,Information Technology,unclassified,yes,,,,suspended,,2022-12-24,no,suspend all shipments to and business with Russia
Namecheap,United States,Information Technology,unclassified,yes,,,,suspended,,2022-12-24,no,stop offering products to Russia
Nemak,Mexico,Consumer Discretionary,unclassified,yes,,,,suspended,,2022-12-24,no,halt production in Russia
Neste Oyj,Finland,Energy,unclassified,yes,,,,suspended,,2022-12-24,no,suspend purchases of Russian oil
NetApp,United States,Information Technology,unclassified,yes,strict normalized name match to Orbis parent,"NETAPP, INC.",,suspended,,2022-12-24,no,suspend business operations in Russia
New Balance,United States,Consumer Discretionary,unclassified,yes,,,,suspended,,2022-12-24,no,suspend shipments to Russia
New Development Bank,China,Financials,unclassified,yes,,,,other,,2022-12-24,no,curtail Russian access to capital markets
Niantic Labs,United States,Information Technology,unclassified,yes,,,,other,,2022-12-24,no,products made unavailable in Russia
Nikon,Japan,Consumer Discretionary,unclassified,yes,strict normalized name match to Orbis parent,NIKON CORPORATION,,suspended,,2022-12-24,no,suspend shipments to Russia
Nintendo,Japan,Communication Services,unclassified,yes,strict normalized name match to Orbis parent,NINTENDO CO LTD,,suspended,,2022-12-24,no,suspend all sales in Russia
Nippon Telegraph and Telephone Corporation (NTT),Japan,Communication Services,unclassified,yes,,,,sold,,2023-08-23,no,"Completed sale of business, transitioning team"
Norton,United States,Information Technology,unclassified,yes,,,,suspended,,2022-12-24,no,suspend sales to Russia
Nozbe,Poland,Industrials,unclassified,yes,,,,other,,2022-12-24,no,cut off services for Russia and Belarus
Nu Skin,United States,Consumer Staples,unclassified,yes,,,,suspended,,2022-12-24,no,suspend Russian operations
Nutanix,United States,Information Technology,unclassified,yes,,,,suspended,,2022-12-24,no,pause all sales and support to Russia
Nvidia,United States,Information Technology,unclassified,yes,,,,suspended,,2022-12-24,no,suspend all sales in Russia
ON24,United States,Information Technology,unclassified,yes,,,,suspended,,2022-12-24,no,suspend all Russian activities
OP Bank Lithuania,Lithuania,Financials,unclassified,yes,,,,suspended,,2022-12-24,no,temporarily stop the processing of all  payments from and to Russia & Belarus
Olvi,Finland,Consumer Staples,unclassified,yes,,,,suspended,,2022-12-24,no,stop exports to Russia
Olympus,Japan,Information Technology,unclassified,yes,,,,suspended,,2022-12-24,no,suspend sales of Scientific Solutions portfolio and all capital investments
OpenText,Canada,Information Technology,unclassified,yes,,,,suspended,,2022-12-24,no,suspend all business
Oracle,United States,Information Technology,unclassified,yes,,,,suspended,,2022-12-24,no,suspend all operations in Russia
Orion,Finland,Health Care,unclassified,yes,strict normalized name match to Orbis parent,ORION OYJ,,other,,2023-10-12,no,Discontinued business operations in Russia
Outokumpu,Finland,Materials,unclassified,yes,,,,suspended,,2022-12-24,no,stop sales and deliveries to Russia
PTC,United States,Information Technology,unclassified,yes,strict normalized name match to Orbis parent,PTC INC.,,other,,2022-12-24,no,discontinue all business operations and sales
PVH,United States,Consumer Discretionary,unclassified,yes,,,,suspended,,2022-12-24,no,suspend operations in Russia
PagerDuty,United States,Information Technology,unclassified,yes,,,,suspended,,2022-12-24,no,suspend cooperation with Russian customers
Panasonic,Japan,Consumer Discretionary,unclassified,yes,,,,suspended,,2022-12-24,no,suspend operations in Russia
Papa John's,United States,Consumer Discretionary,unclassified,yes,,,,suspended,,2022-12-24,no,suspend support for all Russian franchises
Par Pacific,United States,Energy,unclassified,yes,,,,suspended,,2022-12-24,no,suspend purchases of Russian crude oil
Paramount,United States,Communication Services,unclassified,yes,,,,suspended,,2022-12-24,no,pause new content releases to Russia
Payoneer,United States,Information Technology,unclassified,yes,,,,other,,2022-12-24,no,close Russian accounts
Paypal,United States,Information Technology,unclassified,yes,,,,suspended,,2022-12-24,no,suspend operations in Russia
Peak Design,United States,Consumer Staples,unclassified,yes,,,,other,,2022-12-24,no,shut down sales to Russia
Pekao SA,Poland,Financials,unclassified,yes,,,,suspended,,2022-12-24,no,transactions in Russian ruble suspended
Pernod Ricard,France,Consumer Staples,unclassified,yes,,,,suspended,,2022-12-24,no,"Resumed exports to Russia, then halted after calls to boycott"
Pivovary Staropramen,Czech Republic,Consumer Staples,unclassified,yes,,,,suspended,,2022-12-24,no,suspended beer exports
Playmobil,Germany,Consumer Discretionary,unclassified,yes,,,,suspended,,2022-12-24,no,stop all sales to Russia
Plzeňský Prazdroj,Czech Republic,Consumer Staples,unclassified,yes,,,,suspended,,2022-12-24,no,suspend sales to Russia
Podravka,Croatia,Consumer Staples,unclassified,yes,,,,suspended,,2022-12-24,no,stop deliveries to Russia
Polaris,United States,Consumer Discretionary,unclassified,yes,,,,suspended,,2022-12-24,no,suspend exports to Russia
Porsche,Germany,Consumer Discretionary,unclassified,yes,,,,other,,2022-12-24,no,end shipments of new cars; dealerships running and warranty obligations honored
Prada,Italy,Consumer Discretionary,unclassified,yes,,,,suspended,,2022-12-24,no,suspend operations in Russia
Preem AB,Sweden,Energy,unclassified,yes,,,,suspended,,2022-12-24,no,suspend purchases of Russian oil
Prosus,Netherlands,Industrials,unclassified,yes,,,,sold,,2022-12-24,no,In process of divesting from local subsidiary
Puma,Germany,Consumer Discretionary,unclassified,yes,strict normalized name match to Orbis parent,PUMA SE,,suspended,,2022-12-24,no,suspend all shipments to Russia
QS,United Kingdom,NGO,unclassified,yes,,,,other,,2022-12-24,no,cease activity with Russian customers & cease promotion of Russian universities
Qlik,Sweden,Information Technology,unclassified,yes,,,,suspended,,2022-12-24,no,suspend sales and services to Russia
Qualcomm,United States,Information Technology,unclassified,yes,,,,suspended,,2022-12-24,no,suspend shipments to Russia
RTB,United States,Industrials,unclassified,yes,,,,suspended,,2023-08-23,no,Suspended business in Russia
Rabobank,Netherlands,Financials,unclassified,yes,,,,other,,2022-12-24,no,curtail Russian access to capital markets
Radio Free Europe,Czech Republic,Communication Services,unclassified,yes,,,,suspended,,2022-12-24,no,suspend operations in Russia
Rakovnický Pivovar,Czech Republic,Consumer Staples,unclassified,yes,,,,sold,,2022-12-24,no,stopped exports and withdrew some products for sale in Russia
Ralph Lauren,United States,Consumer Discretionary,unclassified,yes,,,,suspended,,2022-12-24,no,pause operations in Russia
Ravensburger | BRIO,Germany,,contractual,yes,"Yale text explicitly mentions a distribution, license, or franchise arrangement",,,other,,2023-12-15,no,Russia distribution through Alisa Toys
Raytheon,United States,Industrials,unclassified,yes,,,,suspended,,2022-12-24,no,suspend operations in Russia
Recruit Holdings,Japan,Industrials,unclassified,yes,,,,suspended,,2023-08-23,no,Suspend Russian access
Reima,Finland,Consumer Discretionary,unclassified,yes,,,,suspended,,2022-12-24,no,suspend all sales into Russia
Remitly Global,United States,Information Technology,unclassified,yes,,,,suspended,,2022-12-24,no,stop accepting new users in Russia
Renishaw,United Kingdom,Industrials,unclassified,yes,,,,suspended,,2023-08-23,no,Suspended business in Russia
Revolut,United Kingdom,Financials,unclassified,yes,,,,suspended,,2022-12-24,no,stop top-ups for Russian cards and block transfers to Russian institutions
Richemont,Switzerland,Consumer Discretionary,unclassified,yes,,,,suspended,,2022-12-24,no,suspend all operations in Russia
Ricoh,Japan,Information Technology,unclassified,yes,,,,suspended,,2022-12-24,no,suspend shipments to Russia
Roca,Spain,Consumer Discretionary,unclassified,yes,,,,other,,2022-12-24,no,closure of plants
Rockwell Automation,United States,Industrials,unclassified,yes,,,,suspended,,2022-12-24,no,suspend operations in Russia
Roland DG,Japan,Information Technology,unclassified,yes,,,,suspended,,2022-12-24,no,suspend all exports and sales to Russia
Rolex,Switzerland,Consumer Discretionary,unclassified,yes,,,,suspended,,2022-12-24,no,suspend exports to Russia
Rolls Royce,United Kingdom,Industrials,unclassified,yes,,,,suspended,,2022-12-24,no,suspend all shipments to Russia
Rotork,United Kingdom,Industrials,unclassified,yes,strict normalized name match to Orbis parent,ROTORK PLC,,suspended,,2023-08-23,no,Suspended business in Russia
Rovio,Finland,Information Technology,unclassified,yes,,,,other,,2022-12-24,no,remove games from app stores in Russia
Royal Caribbean Cruises,United States,Consumer Discretionary,unclassified,yes,,,,other,,2022-12-24,no,Cancel summer cruise ship visits to Russia
Royal Society of Chemistry,United Kingdom,NGO,unclassified,yes,,,,suspended,,2022-12-24,no,pause activities with Russian institutions
SSAB,Sweden,Materials,unclassified,yes,strict normalized name match to Orbis parent,SSAB AB,,other,,2022-12-24,no,shipments and sales to Russia discontinued
STIHL,Germany,Consumer Discretionary,unclassified,yes,,,,suspended,,2022-12-24,no,suspend deliveries to Russia
Safran,France,Industrials,unclassified,yes,strict normalized name match to Orbis parent,SAFRAN,,suspended,,2022-12-24,no,stop all activities in Russia
Samsonite International,Luxembourg,Consumer Discretionary,unclassified,yes,,,,suspended,,2022-12-24,no,suspend operations in Russia
Samsung,South Korea,Information Technology,unclassified,yes,,,,suspended,,2022-12-24,no,suspend all shipments to Russia
Sandvik,Sweden,Industrials,unclassified,yes,,,,suspended,,2022-12-24,no,suspend all operations in Russia
Sardina,Croatia,Consumer Staples,unclassified,yes,,,,suspended,,2022-12-24,no,suspend deliveries to Russia
Scandinavian Tobacco,Denmark,Consumer Staples,unclassified,yes,,,,suspended,,2022-12-24,no,suspend most operations in Russia
Scania,Sweden,Industrials,unclassified,yes,,,,suspended,,2022-12-24,no,suspend all sales in Russia
Schwarz Group,Germany,Consumer Staples,unclassified,yes,,,,suspended,,2022-12-24,no,stop sales of Russian products in stores
Sennheiser,Germany,Information Technology,unclassified,yes,,,,suspended,,2022-12-24,no,suspend all business & stop exports
Sharp Group,Japan,Information Technology,unclassified,yes,,,,suspended,,2022-12-24,no,suspend shipping into Russia
Sherwin Williams,United States,Industrials,unclassified,yes,,,,suspended,,2023-08-23,no,suspend business
Shiseido,Japan,Consumer Staples,unclassified,yes,,,,suspended,,2022-12-24,no,suspend export shipments to Russia
Siemens Energy AG,Germany,Industrials,unclassified,yes,strict normalized name match to Orbis parent,SIEMENS ENERGY AG,,sold,,2022-12-24,no,Sold factory and stake in russian Companies
Sigma Group,Czech Republic,Industrials,unclassified,yes,,,,suspended,,2023-08-23,no,suspend business
Simba Dickie Group,Germany,Consumer Discretionary,contractual,yes,"Yale text explicitly mentions a distribution, license, or franchise arrangement",,,suspended,,2022-12-24,no,suspend all business in Russia including with local independent distributor
Skytrax,United Kingdom,NGO,unclassified,yes,,,,suspended,,2022-12-24,no,suspend all audit and rating analysis
Smartway Pharmaceuticals,United Kingdom,Health Care,unclassified,yes,,,,suspended,,2022-12-24,no,"suspended all operations, most supplies, and all advertising"
Sodeca,Spain,Industrials,unclassified,yes,,,,other,,2022-12-24,no,cut off all supplies to Russian partners
Solvay,Belgium,Materials,unclassified,yes,,,,suspended,,2022-12-24,no,suspend operations in Russia
SonoSim,United States,Health Care,contractual,yes,"Yale text explicitly mentions a distribution, license, or franchise arrangement",,,suspended,,2022-12-24,no,suspend distributor relationship in Russia
Sony,Japan,Consumer Discretionary,unclassified,yes,,,,suspended,,2022-12-24,no,"pause release of new films in Russia, suspending console and game sales in Russia"
Sportradar,Switzerland,Consumer Discretionary,unclassified,yes,,,,suspended,,2022-12-24,no,"suspend all new investments in Russia, including signing new customers"
Spotify,Sweden,Communication Services,unclassified,yes,,,,suspended,,2023-08-23,no,closed office and suspend service
SriLankan Airlines,Sri Lanka,Industrials,unclassified,yes,,,,suspended,,2022-12-24,no,suspend flights between Sri Lanka and Russia
Stellantis,Netherlands,Consumer Discretionary,unclassified,yes,,,,suspended,,2022-12-24,no,suspend operations in Russia
Storytel,Sweden,Communication Services,unclassified,yes,strict normalized name match to Orbis parent,STORYTEL AB,,suspended,,2022-12-24,no,pause operations in Russia
Subaru,Japan,Consumer Discretionary,unclassified,yes,,,,suspended,,2022-12-24,no,suspend all shipments to Russia
Sumitomo Group,Japan,Financials,unclassified,yes,,,,other,,2022-12-24,no,scaling back or suspending all Russian-related business
Supercell,Finland,Information Technology,unclassified,yes,,,,other,,2022-12-24,no,remove games from app stores in Russia
Swagelok,United States,Industrials,unclassified,yes,,,,suspended,,2023-08-23,no,Suspended business in Russia
Swarovski,Liechtenstein,Consumer Discretionary,unclassified,yes,,,,suspended,,2022-12-24,no,suspend all sales in Russia
Swatch,Switzerland,Consumer Discretionary,unclassified,yes,,,,suspended,,2022-12-24,no,suspend direct operations in Russia
Sweco,Sweden,Industrials,unclassified,yes,,,,suspended,,2022-12-24,no,stop all projects in Russia
Synopsys,United States,Information Technology,unclassified,yes,strict normalized name match to Orbis parent,"SYNOPSYS, INC.",,suspended,,2022-12-24,no,suspend all operations in Russia
Systemair,Sweden,Industrials,wholly_owned,yes,strict normalized name match to Orbis parent; Orbis direct-stake category: wholly_owned,SYSTEMAIR AB,100,suspended,,2022-12-24,no,suspend all sales to Russia
T Machinery,Czech Republic,Industrials,unclassified,yes,,,,suspended,,2022-12-24,no,Stopped cooperation
TSMC,Taiwan,Information Technology,unclassified,yes,,,,suspended,,2022-12-24,no,suspend all shipments to Russia
TTC Holding,Czech Republic,Real Estate,unclassified,yes,,,,suspended,,2022-12-24,no,suspended activities
Tadano,Japan,Industrials,unclassified,yes,,,,other,,2022-12-24,no,suspension of shipments into Russia
Take-Two Interactive,United States,Communication Services,unclassified,yes,,,,suspended,,2022-12-24,no,"halt sales, marketing and more in Russia"
Talgo,Spain,Industrials,unclassified,yes,,,,other,,2022-12-24,no,"Ended activity, service center still exists"
Tanin,Slovenia,Materials,unclassified,yes,,,,suspended,,2022-12-24,no,goods are stopped
Tata Motors,India,Consumer Discretionary,unclassified,yes,,,,suspended,,2022-12-24,no,Paused sales of Jaguar Land Rover in Russia
Tendam,Spain,Consumer Discretionary,unclassified,yes,,,,suspended,,2022-12-24,no,suspend activity in Russia
Thales,France,Industrials,unclassified,yes,strict normalized name match to Orbis parent,THALES,,suspended,,2023-08-23,no,Suspended business in Russia
The Navigator Company,Portugal,Materials,unclassified,yes,,,,suspended,,2022-12-24,no,suspend all marketing in Russia
Thermo Fisher,United States,Health Care,unclassified,yes,,,,suspended,,2022-12-24,no,suspend sales and manufacturing in Russia
TikTok,United States,Communication Services,unclassified,yes,,,,suspended,,2022-12-24,no,suspend operations in Russia
Timken,United States,Industrials,unclassified,yes,,,,suspended,,2022-12-24,no,suspend operations in Russia
TomTom,Netherlands,Information Technology,unclassified,yes,,,,sold,,2024-02-25,no,"turn off live traffic for Russia, cut ties with several Russian customers, some customers are still under review"
Torm,Denmark,Industrials,unclassified,yes,,,,suspended,,2022-12-24,no,effectively suspend shipments to Russia
Tous,Spain,Consumer Discretionary,unclassified,yes,,,,other,,2022-12-24,no,close shops and online store in Russia
Triumph,Switzerland,Consumer Discretionary,unclassified,yes,,,,suspended,,2022-12-24,no,suspend Russian business
Twin Disc,United States,Industrials,unclassified,yes,,,,suspended,,2022-12-24,no,suspend all shipments to Russia
Twitter,United States,Communication Services,unclassified,yes,,,,suspended,,2022-12-24,no,suspend certain operations in Russia
UL,United States,Industrials,unclassified,yes,,,,suspended,,2022-12-24,no,stop all work in Russia & Belarus and not take on or pursue any new customer orders
UPM,Finland,Materials,unclassified,yes,,,,suspended,,2022-12-24,no,temporarily suspend operations and sales in Russia
UPS,United States,Industrials,unclassified,yes,,,,suspended,,2022-12-24,no,suspend all shipments to Russia
Ubisoft,France,Information Technology,unclassified,yes,,,,suspended,,2022-12-24,no,suspend new sales to Russia
UiPath,United States,Information Technology,unclassified,yes,,,,suspended,,2022-12-24,no,suspend sales in Russia
Under Armour,United States,Consumer Discretionary,unclassified,yes,,,,suspended,,2022-12-24,no,suspend all shipments to Russia
Uniqlo/Fast Retailing,Japan,Consumer Discretionary,unclassified,yes,,,,suspended,,2022-12-24,no,suspend operations in Russia
Universal Music Group,Netherlands,Consumer Discretionary,unclassified,yes,,,,sold,,2023-08-23,no,Suspended all operations in Russia and closed offices
Upwork,United States,Industrials,unclassified,yes,,,,suspended,,2022-12-24,no,suspend operations in Russia
VF Corporation,United States,Consumer Discretionary,unclassified,yes,,,,suspended,,2022-12-24,no,temporarily suspend commercial activities
VMWare,United States,Information Technology,unclassified,yes,,,,suspended,,2022-12-24,no,suspend operations in Russia
Valero Energy,United States,Energy,unclassified,yes,,,,suspended,,2022-12-24,no,suspend purchases of Russian oil
Vattenfall,Sweden,Utilities,unclassified,yes,,,,other,,2023-08-23,no,shifting energy purchases away from Russia
Veeam,United States,Information Technology,unclassified,yes,,,,suspended,,2022-12-24,no,pause sales in Russia
Vesuvius,United Kingdom,Industrials,unclassified,yes,strict normalized name match to Orbis parent,VESUVIUS PLC,,suspended,,2023-08-23,no,Suspend deliveries to Russian customers
Victoria’s Secret,United States,Consumer Discretionary,unclassified,yes,,,,suspended,,2022-12-24,no,"stop exports to Russia, pause sales in Russia by franchisers, suspend online sales"
Viessmann,Germany,Industrials,unclassified,yes,,,,suspended,,2022-12-24,no,stop business with Russia & stop deliveries to and from Russia
Vietnam Airlines,Vietnam,Industrials,unclassified,yes,,,,suspended,,2022-12-24,no,suspend flights to Russia
Viking River Cruises,Switzerland,Consumer Discretionary,unclassified,yes,,,,other,,2022-12-24,no,cease all operations in Russia & cancel trips to Russia up to 2024
Villeroy &amp; Boch,Germany,Consumer Discretionary,unclassified,yes,strict normalized name match to Orbis parent,VILLEROY & BOCH AG,,suspended,,2023-08-23,no,Suspended business in the region until further notice
Visa,United States,Information Technology,unclassified,yes,,,,suspended,,2022-12-24,no,suspend operations in Russia
Vitec Group,United Kingdom,Consumer Discretionary,unclassified,yes,,,,suspended,,2022-12-24,no,suspend all exports and services
Viva,Australia,Energy,unclassified,yes,,,,suspended,,2022-12-24,no,Suspended purchases of Russian oil
Volkswagen,Germany,Consumer Discretionary,unclassified,yes,,,,suspended,,2022-12-24,no,suspend all shipments to Russia
Volvo Cars,Sweden,Industrials,unclassified,yes,,,,suspended,,2022-12-24,no,suspend all shipments to Russia
Volvo Group,Sweden,Industrials,unclassified,yes,,,,suspended,,2022-12-24,no,"suspend all sales, service and production"
WEKA,Israel,Information Technology,unclassified,yes,,,,suspended,,2022-12-24,no,suspend business and concrete deals with Russia
WWE,United States,Communication Services,unclassified,yes,,,,suspended,,2022-12-24,no,Suspend all operations in Russia
WarnerMedia,United States,Communication Services,unclassified,yes,,,,suspended,,2022-12-24,no,pause new content releases
Waters Corporation,United States,Health Care,unclassified,yes,,,,suspended,,2022-12-24,no,suspend all sales and services into Russia
WeTransfer,United States,Information Technology,unclassified,yes,,,,suspended,,2022-12-24,no,suspend all services in Russia
Western Union,United States,Information Technology,unclassified,yes,,,,suspended,,2022-12-24,no,suspend operations in Russia
Wielton,Poland,Industrials,unclassified,yes,,,,suspended,,2022-12-24,no,suspended Russian exports
William Grant &amp; Sons,United Kingdom,Consumer Staples,unclassified,yes,,,,suspended,,2023-08-23,no,Suspend all shipments to Russia
Wimbledon,United Kingdom,NGO,unclassified,yes,,,,other,,2022-12-24,no,Ban Russian athletes
Wintershall Dea AG,Germany,Energy,unclassified,yes,,,,sold,,2023-08-23,no,intends to fully exit Russia
Wise PLC,United Kingdom,Information Technology,unclassified,yes,,,,suspended,,2022-12-24,no,Suspend Russian partnerships
Wizz Air,Hungary,Industrials,unclassified,yes,,,,suspended,,2022-12-24,no,Air flights to/from Russia are temporarily suspended
Wolffkran,Switzerland,Industrials,unclassified,yes,,,,suspended,,2022-12-24,no,Stop production in Russia; maintain personnel
World Boxing Council,Mexico,NGO,unclassified,yes,,,,suspended,,2022-12-24,no,Suspend Russia from title fights
World Federation of Exchanges,United Kingdom,NGO,unclassified,yes,,,,suspended,,2022-12-24,no,Suspend all Russian members and affiliates
Woseba,Poland,Consumer Staples,unclassified,yes,,,,other,,2022-12-24,no,suspends deliveries to Russia
Wrangler (Kontoor),United States,Consumer Discretionary,unclassified,yes,,,,suspended,,2022-12-24,no,Suspend online sales
Würth,Germany,Consumer Discretionary,unclassified,yes,,,,suspended,,2022-12-24,no,Stop exports to Russia
Xerox,United States,Information Technology,unclassified,yes,,,,suspended,,2022-12-24,no,Suspend shipments to Russia
YKK Group,Japan,Industrials,unclassified,yes,,,,suspended,,2022-12-24,no,Suspend operations in Russia
YOOX,Italy,Consumer Discretionary,unclassified,yes,,,,suspended,,2022-12-24,no,Suspend commercial activities
Yanmar,Japan,Consumer Discretionary,unclassified,yes,,,,suspended,,2023-08-23,no,suspend operations
Yara,Norway,Materials,unclassified,yes,,,,suspended,,2022-12-24,no,Suspend all imports from Russia
ZHA,United Kingdom,Industrials,unclassified,yes,,,,suspended,,2022-12-24,no,suspend operations in Russia
Zegna Group,Italy,Consumer Discretionary,unclassified,yes,,,,suspended,,2022-12-24,no,Suspended all shipments to and production for Russia partners
Zendesk,United States,Information Technology,unclassified,yes,,,,suspended,,2022-12-24,no,Suspend all sales to Russia
Zetor,Czech Republic,Industrials,unclassified,yes,,,,suspended,,2022-12-24,no,suspend all cooperation with Russia
Zynga,United States,Communication Services,unclassified,yes,,,,suspended,,2022-12-24,no,"suspend all installations, monetization and marketing support"
bunq.com,Netherlands,Financials,unclassified,yes,,,,suspended,,2022-12-24,no,suspend SWIFT transfers to sanctioned banks
d&amp;b audiotechnik,Germany,Consumer Discretionary,unclassified,yes,,,,suspended,,2023-08-23,no,suspend all shipments to Russia
eBay,United States,Consumer Discretionary,unclassified,yes,,,,suspended,,2022-12-24,no,suspend all shipments to Russia
eDreams ODIGEO,Spain,Consumer Discretionary,unclassified,yes,,,,other,,2022-12-24,no,cease all operations involving Russia
iHerb,United States,Consumer Discretionary,unclassified,yes,,,,suspended,,2023-08-23,no,Suspend all Russian sales
Żabka,Poland,Consumer Staples,unclassified,yes,,,,other,,2022-12-24,no,Halts orders from Russia & Belarus
AGCO,United States,Industrials,unclassified,yes,,,,sold,,,no,stop sale of new machines to Russia
ASBIS,Cyprus,Information Technology,unclassified,yes,,,,other,,,no,amends contracts following new sanctions
Activision Blizzard,United States,Communication Services,unclassified,yes,,,,suspended,,,no,suspend new sales of and in our games in Russia
Adidas,Germany,Consumer Discretionary,unclassified,yes,,,,other,2023-08-23,2022-12-24,no,Continued imports
Adobe,United States,Information Technology,unclassified,yes,,,,suspended,,,no,suspend all new sales in Russia and Belarus; current services continue
AkzoNobel,Netherlands,Materials,unclassified,yes,,,,suspended,,,no,suspend new investments in Russia; end Aerospace work
Allianz,Germany,Financials,unclassified,yes,strict normalized name match to Orbis parent,ALLIANZ SE,,other,,,no,meaningfully reduce exposure to Russia
Alphabet,United States,Communication Services,unclassified,yes,strict normalized name match to Orbis parent,ALPHABET INC.,,sold,,,no,withdraw all operations in Moscow; stop taking new customers; stop ads
Amadeus IT Group,Spain,Information Technology,unclassified,yes,,,,suspended,,,no,suspend partnership with Aeroflot
Amgen,United States,Health Care,unclassified,yes,strict normalized name match to Orbis parent,AMGEN INC.,,suspended,,,no,suspend all non-essential business activities; keep delivering some medicines
ArcelorMittal,Luxembourg,Materials,unclassified,yes,strict normalized name match to Orbis parent,ARCELORMITTAL SA,,other,2022-12-24,2022-12-24,yes,Resumed steel supplies to Russia
Atlas Copco,Sweden,Industrials,unclassified,yes,,,,suspended,,2022-12-24,no,suspend deliveries in Russia
Authentic Brands Group - Reebok,United States,Consumer Discretionary,unclassified,yes,,,,other,,2022-12-24,no,Continued imports
BNY Mellon,United States,Financials,unclassified,yes,,,,suspended,,,no,suspend new business activity and investments; continue cooperation with current clients
Bank of Cyprus,Cyprus,Financials,unclassified,yes,,,,other,,,no,maintain loan book; observe banking sanctions
Beiersdorf,Germany,Consumer Staples,unclassified,yes,,,,suspended,,,no,maintain skin and bodycare products; stop other products
Bekaert,Belgium,Industrials,unclassified,yes,,,,other,,,no,scale back business in Russia
Black Red White,Poland,Consumer Discretionary,unclassified,yes,,,,sold,,,no,"divesting from Russian subsidiary, still has a significant stake in a company operating in Belarus, which also suspended Russian exports"
Boehringer Ingelheim,Germany,Health Care,unclassified,yes,,,,other,,,no,scale back to just supplying medicine
Bonduelle,France,Consumer Staples,unclassified,yes,strict normalized name match to Orbis parent,BONDUELLE,,other,,,no,Scaled back operation in Russia
Boston Scientific,United States,Health Care,unclassified,yes,strict normalized name match to Orbis parent,BOSTON SCIENTIFIC CORPORATION,,suspended,,,no,suspend all new investment and non-essential activity
Brenntag,Germany,Materials,unclassified,yes,strict normalized name match to Orbis parent,BRENNTAG SE,,suspended,,,no,suspend exports to Russia; no information about local operations
Bucher Industries,Switzerland,Industrials,unclassified,yes,strict normalized name match to Orbis parent,BUCHER INDUSTRIES AG,,other,,,no,"not specified business activities in Russia were reduced ""substantially"""
Bureau Veritas,France,Industrials,unclassified,yes,strict normalized name match to Orbis parent,BUREAU VERITAS,,other,,,no,scaled back
Burger King (Restaurant Brands),United States,Consumer Staples,unclassified,yes,,,,suspended,,2022-12-24,no,halt corporate support for franchises but retain ownership stake
CHR Hansen,Denmark,Materials,unclassified,yes,,,,suspended,,,no,suspend operations outside of staple food products
Carl Zeiss,Germany,Health Care,unclassified,yes,,,,other,,,no,Reduced business
Carrier,United States,Industrials,unclassified,yes,,,,other,,,no,not pursue new business opportunities but continue fulfilling existing contracts
Caterpillar,United States,Industrials,unclassified,yes,strict normalized name match to Orbis parent,CATERPILLAR INC.,,sold,,2023-08-23,no,"supposedly exit Russia, yet Caterpillar equipment still sold into Russia"
Cersanit,Poland,Consumer Discretionary,unclassified,yes,,,,sold,2022-12-24,2022-12-24,yes,"Put up its Russian business for sale, but no update on progress"
Citadele Bank,Latvia,Financials,unclassified,yes,,,,other,,,no,still allows transactions to Russia but introduced more thorough checks
Coca-Cola,United States,Consumer Staples,unclassified,yes,,,,suspended,,,no,suspend certain operations in Russia but continue to operate some chains (Costa Coffee)
Coinbase,United States,Financials,unclassified,yes,,,,other,,,no,block certain illicit Russian accounts but not all
Coloplast,Denmark,Health Care,unclassified,yes,,,,other,,,no,Commercial activity in Russia has been reduced and the organisation downsized
Confor Step,Portugal,Consumer Discretionary,unclassified,yes,,,,suspended,,,no,Stopped producing or shipping to Russia
Continental,Germany,Consumer Discretionary,unclassified,yes,strict normalized name match to Orbis parent,CONTINENTAL AG,,suspended,,,no,resumed local production after having previously suspended Russian factory
Corning,United States,Information Technology,unclassified,yes,,,,suspended,,,no,suspend almost all sales in Russia except minor life-saving products
Credit Suisse,Switzerland,Financials,unclassified,yes,,,,suspended,,,no,stop new business in Russia while meaningfully cutting exposure by 56%
DB Schenker,Germany,Industrials,unclassified,yes,,,,suspended,,,no,suspend direct shipments to Russia; continue Europe to Kazakhstan and Russia to Kazakhstan routes
Deere,United States,Industrials,unclassified,yes,,,,suspended,,,no,suspend shipments into Russia only
Dentons,Switzerland,Industrials,unclassified,yes,,,,other,2022-12-24,2022-12-24,yes,Still working with separate entity
Discord,United States,Communication Services,unclassified,yes,,,,suspended,,,no,suspend renewal of paid and premium products and services for Russian clients; free services still available
Dover Corporation,United States,Industrials,unclassified,yes,strict normalized name match to Orbis parent,DOVER CORPORATION,,other,,,no,ramping down sales activity and focusing on liquidating working capital
Dow,United States,Materials,unclassified,yes,strict normalized name match to Orbis parent,DOW INC.,,suspended,,,no,Suspended all purchases of feedstocks and energy and significantly reduced operations
Duolingo,United States,Information Technology,unclassified,yes,,,,suspended,,,no,make services free and stop gaining revenue
E.ON,Germany,Utilities,wholly_owned,yes,strict normalized name match to Orbis parent; Orbis direct-stake category: wholly_owned,E.ON SE,100,suspended,,,no,stop buying new Russian gas
ESAB,Sweden,Industrials,unclassified,yes,strict normalized name match to Orbis parent,ESAB CORPORATION,,other,2022-12-24,2022-12-24,yes,Transition out of operations in Russia
Eaton,United States,Industrials,unclassified,yes,strict normalized name match to Orbis parent,EATON CORPORATION PLC,,suspended,,,no,stop shipments to Russia; maintains services
Eimskip,Iceland,Industrials,unclassified,yes,,,,other,,,no,reduced operation in Russia
Elanco,United States,Health Care,unclassified,yes,,,,other,,,no,scale back to critical products to ensure food security
Epic Games,United States,Consumer Discretionary,unclassified,yes,,,,suspended,,,no,stop in-game commerce for Russia
Eutelsat,France,Communication Services,unclassified,yes,,,,other,,,no,Ended involvement in the broadcast of three channels
FIGMA,United States,Information Technology,unclassified,yes,,,,suspended,,,no,continue current business & stop all new sales efforts in Russia
Ferrero,Italy,Consumer Staples,unclassified,yes,,,,suspended,,,no,suspend non-essential business activity
Fieldfisher,United Kingdom,Industrials,unclassified,yes,,,,other,,,no,terminate certain Russian relationships
Fischer Sports,Austria,Consumer Discretionary,unclassified,yes,,,,suspended,,,no,Sales activities in Russia have been severely restricted and all investments stopped.
Fortive,United States,Industrials,unclassified,yes,strict normalized name match to Orbis parent,FORTIVE CORPORATION,,suspended,,,no,suspend most operations except medical essentials
GEA Group,Germany,Industrials,unclassified,yes,,,,suspended,,,no,suspend new investments
General Electric (GE),United States,Industrials,unclassified,yes,,,,suspended,,,no,Stopped sales in Russia and Belarus except medical equipment and support for electric power generation and transmission
General Mills,United States,Consumer Staples,joint_venture,yes,Yale text explicitly mentions a joint venture; strict normalized name match to Orbis parent,"GENERAL MILLS, INC.",,suspended,,,no,suspended sales of global brands in its JV
Geodis,France,Industrials,unclassified,yes,,,,suspended,,,no,suspend services in Russia & reduce shipments to and from Russia significantly
Glencore,Switzerland,Materials,unclassified,yes,strict normalized name match to Orbis parent,GLENCORE PLC,,suspended,,,no,Suspend only new contracts f commodities of Russian origin
Goldman Sachs,United States,Financials,unclassified,yes,,,,sold,,,no,wind down business in Russia but buy Russian debt
Groupe BPCE,France,Financials,unclassified,yes,,,,suspended,,,no,suspend many transactions and cease new financing
Gunvor Group,Switzerland,Energy,unclassified,yes,,,,other,,,no,Remain a significant buyer of refined oil from Russia more than a year after pledging to drastically reduce their business
HILTI,Liechtenstein,Industrials,unclassified,yes,,,,other,,,no,limiting sales and workforce in Russia
Hellenic Bottling Company,Greece,Consumer Staples,unclassified,yes,,,,suspended,,,no,vaguely suspend some operations in Russia
Hines,United States,Industrials,unclassified,yes,,,,sold,,,no,Suspend new investments in Russia and sold some real estate assests
Hostinger,Lithuania,Information Technology,unclassified,yes,,,,suspended,,,no,stop accepting payments for new purchases and renewals
IPG Photonics,United States,Information Technology,unclassified,yes,,,,suspended,,,no,suspend new investments and reduce manufacturing in Russia
Idemitsu Kosan,Japan,Energy,unclassified,yes,,,,suspended,,,no,stop coal imports; lubricants business unchanged
Indesit,Italy,Consumer Discretionary,unclassified,yes,,,,suspended,,,no,"suspend production due to ""full warehouses"""
Ingersoll Rand,United States,Industrials,unclassified,yes,strict normalized name match to Orbis parent,INGERSOLL RAND INC.,,other,,,no,scale back to only health critical services
Ingka,Netherlands,Consumer Discretionary,unclassified,yes,,,,other,,,no,Closed Mega shopping centers. Ended business in Russia
"Inspire Brands (Dunkin' Donuts, Baskin Robins)",United States,Consumer Discretionary,unclassified,yes,,,,suspended,,,no,halt corporate support for franchisees
Intertrust,Netherlands,Financials,unclassified,yes,,,,other,,,no,Not accepting new Russian clients & started process of exiting all Russian Clients
Iskratel,Slovenia,Communication Services,unclassified,yes,,,,suspended,,,no,paused some business with Russia
J&amp;T Finance Group,Slovakia,Financials,unclassified,yes,,,,other,,,no,curb its activities in Russia
JPMorgan,United States,Financials,unclassified,yes,,,,sold,,,no,wind down business in Russia but buy Russian debt
Julius Baer,Switzerland,Financials,unclassified,yes,,,,sold,,,no,"wind down Russian office, suspend new business in Russia, reduce current exposure; retain current Russian clients"
Kellogg,United States,Consumer Staples,unclassified,yes,,,,suspended,,,no,suspend new investments except essentials (minor)
Keywords Studios,Ireland,Consumer Discretionary,unclassified,yes,,,,other,,,no,Cut back business in Russia and relocated staff
Knight Frank,United Kingdom,Real Estate,unclassified,yes,,,,other,,2022-12-24,no,scaling back substantive operations in Russia
Kotak Mahindra,India,Financials,unclassified,yes,,,,suspended,,,no,Paused transaction through cards in Russia
Kuehne + Nagel AG,Switzerland,Industrials,unclassified,yes,,,,suspended,,,no,"suspend all shipments to Russia (except Pharma, healthcare and humanitarian supplies)"
Legal &amp; General,United Kingdom,Financials,unclassified,yes,,,,other,,,no,reduce exposure
Linde,Germany,Materials,wholly_owned,yes,strict normalized name match to Orbis parent; Orbis direct-stake category: wholly_owned,LINDE GMBH,100,sold,,,no,divest certain industrial assets and suspend new development/investments
Lotos,Poland,Energy,unclassified,yes,,,,suspended,,,no,stopped purchasing Russian spot oil
Loyalty Ventures,United States,Consumer Discretionary,unclassified,yes,,,,suspended,,,no,scale back most services and stop new sales
Luxottica,Italy,Consumer Discretionary,unclassified,yes,,,,other,,,no,restrict Russian operations to medical services
MOL Group | MOL Plc.,Hungary,Energy,unclassified,yes,,,,suspended,,,no,Suspended activities in Russia
Mahle,Germany,Industrials,unclassified,yes,,,,suspended,,,no,halt new business & scale back shipments to Russia significantly
Maruti Suzuki,Japan,Consumer Discretionary,unclassified,yes,,,,suspended,,,no,Suspend car exports
Mashreqbank,United Arab Emirates,Financials,unclassified,yes,,,,suspended,,,no,halt loans to Russia
Miele,Germany,Consumer Discretionary,unclassified,yes,,,,suspended,,,no,suspend operations except exempt healthcare
Milliken &amp; Co,United States,Materials,unclassified,yes,,,,other,,,no,still operating in Russia
Miro,Netherlands,Information Technology,unclassified,yes,,,,suspended,,,no,close office in Moscow & pause new sales
Mitsubishi UFJ Financial Group,Japan,Financials,unclassified,yes,,,,other,,,no,Japanese expats working for MUFG Bank (Eurasia) have moved out of Russia to work outside of the country on a temporary basis
Moody's,United States,Financials,unclassified,yes,,,,suspended,,,no,suspend commercial operations within Russia
Nalco Water (Ecolab),United States,Industrials,unclassified,yes,,,,suspended,,,no,suspended services except services critical to health
Natura,United States,Consumer Staples,unclassified,yes,,,,suspended,,,no,suspend some subsidiary operations but not all
NielsenIQ,United States,Industrials,unclassified,yes,,,,suspended,,,no,suspend consulting service but not core business
Norsk Hydro,Norway,Materials,unclassified,yes,,,,other,,,no,"reduced deliveries and supplies to the contractual minimum for some commitments, and is suspending deliveries and supply in several contracts"
OTP Bank,Hungary,Financials,unclassified,yes,,,,sold,,,no,wind down corporate lending
Okta,United States,Information Technology,unclassified,yes,,,,suspended,,,no,halt new sales to Russia but continue supporting current customers
Oriflame Cosmetics,Switzerland,Consumer Staples,unclassified,yes,,,,suspended,,,no,suspend online sales to end consumers but not others
PKN Orlen SA,Poland,Energy,unclassified,yes,,,,suspended,,,no,"stopped maritime oil shipments, diversifying supply"
PPG,United States,Materials,unclassified,yes,,,,suspended,,,no,scale back majority of operations and suspend new investments in Russia
Paccar,United States,Industrials,unclassified,yes,strict normalized name match to Orbis parent,PACCAR INC,,suspended,,,no,stop direct sales in Russia but continue selling through third-parties
Paul Wurth,Luxembourg,Industrials,unclassified,yes,,,,suspended,,,no,"stopped new business, closed sites, and scaled back services"
PepsiCo,United States,Consumer Staples,unclassified,yes,strict normalized name match to Orbis parent,PEPSICO INC,,suspended,,,no,suspend operations in Russia except essentials
Phibro Animal Health Corp,United States,Health Care,unclassified,yes,,,,other,,,no,curtail some operations (i.e. ethanol) and substantial sales hit
Pirelli,Italy,Consumer Discretionary,unclassified,yes,,,,suspended,,,no,suspend new investments in Russia and scale back production
Purmo Group,,,unclassified,yes,,,,sold,,,no,Signed aggreement to divest all Russian operations. Waiting to finalize.
Rosenbauer,Austria,Industrials,joint_venture,yes,Yale text explicitly mentions a joint venture,,,other,,,no,no new business; continue servicing fire engine pumps in Russian JV
Royal DSM,Netherlands,Materials,unclassified,yes,,,,suspended,,,no,stopped all operations in Russia other than basic food/feed/essential health activities
SAP,Germany,Information Technology,unclassified,yes,strict normalized name match to Orbis parent,SAP SE,,suspended,,,no,stop all sales to Russia and shut down cloud operations but some carveouts
SHV,Netherlands,Energy,unclassified,yes,,,,suspended,,,no,"suspend new investments, new projects, new exports; continue to work with  suppliers and customers in Russia"
Sabre,United States,Information Technology,unclassified,yes,,,,suspended,,,no,suspend certain partnerships with Aeroflot
Saint-Gobain,France,Industrials,unclassified,yes,,,,suspended,,,no,suspend exports and imports but not local operations
Salzgitter,Germany,Materials,unclassified,yes,,,,other,,,no,
Schaeffler,Germany,Industrials,unclassified,yes,,,,suspended,,,no,stop deliveries to Russia; continue manufacturing in Russia
Scopely,United States,Communication Services,unclassified,yes,,,,suspended,,,no,suspend marketing and commerce
Shell,United Kingdom,Energy,unclassified,yes,strict normalized name match to Orbis parent,SHELL PLC,,sold,2022-12-24,2022-12-24,yes,Committed to total withdrawal but backtracked with LNG
Shutterstock,United States,Communication Services,unclassified,yes,,,,other,,,no,not accept new contributors from Russia; continue current businesses & still offer services to Russia
Signet Jewelers,United States,Consumer Discretionary,unclassified,yes,,,,suspended,,,no,suspend business interaction with Russian-owned entities; no information about other Russian customers
Sika,Switzerland,Industrials,wholly_owned,yes,strict normalized name match to Orbis parent; Orbis direct-stake category: wholly_owned,SIKA AG,100,suspended,,,no,significantly scale back business in Russia; stop production; stop investments
Sinopec,China,Energy,unclassified,yes,,,,suspended,,,no,suspend $500MM new investment and significant operations and partnerships
Skadden,United States,Industrials,unclassified,yes,,,,suspended,,,no,suspend certain operations in Russia but not all
Skandinaviska Enskilda Banken,Sweden,Financials,unclassified,yes,,,,other,,,no,scaling down operations in Russia
Sketchers,United States,Consumer Discretionary,unclassified,yes,,,,suspended,,,no,suspended shipments to Russia but online sales continue
Skoda,Czech Republic,Consumer Discretionary,unclassified,yes,,,,suspended,,2022-12-24,no,Halted production and stopped exports. Dealers continue to sell cars.
TKH Security,Netherlands,Information Technology,unclassified,yes,,,,suspended,,,no,Suspend all new sales and services and relationships with suppliers
Tennant,United States,Industrials,unclassified,yes,,,,other,,,no,substantially suspending sales to Russia
ThyssenKrupp,Germany,Materials,unclassified,yes,,,,suspended,,,no,Stopped new business and investments. Closed plant
Tikkurila,Finland,Materials,unclassified,yes,,,,sold,,,no,reduce Russian operations; stop sales to aerospace; consider exiting Russia
Tokio Marine,Japan,Financials,unclassified,yes,,,,suspended,,,no,suspend new contracts and repatriate employees
Trafigura,Singapore,Energy,unclassified,yes,,,,suspended,,,no,freeze investments and stop purchasing crude oil from Rosneft; maintain shareholding in Russia
Triglav Group,Slovenia,Financials,unclassified,yes,,,,other,,,no,not renewing or entering into new business
Tungsram,Hungary,Utilities,unclassified,yes,,,,suspended,,,no,stopped producing products and projects
U.S. Polo Assn.,United States,Consumer Discretionary,unclassified,yes,,,,suspended,,,no,stopped all shipments of goods into Russia and shut down all branded digital operations but phased approach to closing physical stores
UBS,Switzerland,Financials,unclassified,yes,,,,suspended,,,no,suspend new business in Russia and reduce current exposure by helping clients unwind Russia securities; reducing Russian client services
Uniper SE,Germany,Utilities,unclassified,yes,,,,sold,,,no,suspend new Russian gas purchases/divest Unipro
Valentino,Italy,Consumer Discretionary,unclassified,yes,,,,suspended,,,no,suspend online sales; no information about on-site sales
Vitol,Switzerland,Energy,unclassified,yes,,,,other,2022-12-24,2022-12-24,yes,Remain a significant buyer of refined oil from Russia more than a year after pledging to drastically reduce their business
Westinghouse Air Brake Technologies Corp,United States,Industrials,unclassified,yes,strict normalized name match to Orbis parent,WESTINGHOUSE AIR BRAKE TECHNOLOGIES CORPORATION,,suspended,,,no,stopped sales to Russia
Whirlpool,United States,Consumer Discretionary,unclassified,yes,,,,other,,,no,limiting production in Russia
Wilo,Germany,Industrials,unclassified,yes,,,,suspended,,,no,Stop shipments to and from Russia; no comment about production in Russia
Wolters Kluwer,Netherlands,Financials,unclassified,yes,,,,other,,,no,Scale back to just health products in Russia
Yum Brands,United States,Consumer Discretionary,unclassified,yes,,,,suspended,,,no,Suspend operations of company-owned restaurants and new investments in Russia
Zoetis,United States,Health Care,unclassified,yes,strict normalized name match to Orbis parent,ZOETIS INC.,,suspended,,,no,suspend investments & focus on supply of medicines and vaccines
nVent,United Kingdom,Industrials,unclassified,yes,,,,suspended,,,no,Suspended new business in Russia
Aalberts,Netherlands,Industrials,unclassified,yes,,,,other,,,no,"continue operations on an unspecified ""lower"" level & postpone investments"
Abbott Laboratories,United States,Health Care,unclassified,yes,strict normalized name match to Orbis parent,ABBOTT LABORATORIES,,suspended,,,no,suspend non-essential business activity
Abbvie,United States,Health Care,unclassified,yes,strict normalized name match to Orbis parent,ABBVIE INC.,,suspended,,,no,"suspend aesthetics operations, pause new clinical trials"
Accor,France,Consumer Discretionary,unclassified,yes,strict normalized name match to Orbis parent,ACCOR,,suspended,,,no,suspend new investments/development
Accumalux,Luxembourg,Consumer Discretionary,unclassified,yes,,,,other,,,no,"still operating plant in Togliatti, Russia"
Airbus,Netherlands,Industrials,unclassified,yes,strict normalized name match to Orbis parent,AIRBUS SE,,suspended,,,no,"suspend supply of parts and deliveries/servicing, t but continue substantial titanium purchases from Russia"
Akrapovič,Slovenia,Consumer Discretionary,unclassified,yes,,,,other,,,no,still operating in Russia
Alcon,Switzerland,Health Care,wholly_owned,yes,strict normalized name match to Orbis parent; Orbis direct-stake category: wholly_owned,ALCON AG,100,suspended,,,no,suspend new investments and new clinical trial enrollment in Russia
AmerisourceBergen,United States,Health Care,unclassified,yes,,,,other,,,no,"cease new business initiatives but continue existing clinical trials, and distributing health products"
Andbank,Andorra,Financials,unclassified,yes,,,,other,,,no,investigate if Russian customers are subject to European sanction
Andritz,Austria,Industrials,wholly_owned,yes,strict normalized name match to Orbis parent; Orbis direct-stake category: wholly_owned,ANDRITZ AG,100,suspended,,,no,suspend unspecified new business in Russia for time being
Anecoop,Spain,Consumer Staples,unclassified,yes,,,,other,,,no,diverting sales away from Russia
Archer Daniels Midland (ADM),United States,Consumer Staples,unclassified,yes,,,,other,,,no,unspecified scaling down of non-essential operations
AstraZeneca,United Kingdom,Health Care,unclassified,yes,strict normalized name match to Orbis parent,ASTRAZENECA PLC,,suspended,,,no,halt new investments/new clinical trials
Aurubis AG,Germany,Industrials,unclassified,yes,,,,other,,,no,monitor situation and review structures of Russian business partners
BT Group,United Kingdom,Communication Services,unclassified,yes,strict normalized name match to Orbis parent,BT GROUP PLC,,other,,,no,
Bacardi,Bermuda,Consumer Staples,unclassified,yes,,,,other,,,no,Backtracked on statement and have continued imports
Bang &amp; Bonsomer,Finland,Materials,unclassified,yes,,,,suspended,,,no,suspend new investments but still operating in Russia
Barilla,Italy,Consumer Staples,unclassified,yes,,,,other,,,no,all new investments and advertising activities on hold; limit Russia production to pasta and bread
Barry Callebaut,Switzerland,Consumer Staples,wholly_owned,yes,strict normalized name match to Orbis parent; Orbis direct-stake category: wholly_owned,BARRY CALLEBAUT AG,100,suspended,,,no,suspend capital investment
Bayer,Germany,Health Care,unclassified,yes,strict normalized name match to Orbis parent,BAYER AG,,other,,,no,stopping unspecified non-essential business activity
Binance,China,Financials,unclassified,yes,,,,other,,,no,"restrict Russian accounts with over €10,000"
BlaBlaCar,France,Information Technology,unclassified,yes,,,,suspended,,,no,Stopped new investment but stays in Russia
Boiron,France,Health Care,unclassified,yes,,,,suspended,,,no,suspend new investments & stop clinical trials
Bosch,Germany,Industrials,unclassified,yes,,,,suspended,,,no,Suspend some shipments and plants but not all. Looking for buyer
CANPACK,Poland,Materials,unclassified,yes,,,,suspended,,,no,Stopped new investments
"CAPRI Holdings (Versace, Michael Kors, Jimmy Cho)",United States,Consumer Discretionary,unclassified,yes,,,,other,,,no,online orders unavailable but still advertising; no information about on-site sales
Calfrac Well Services,Canada,Energy,unclassified,yes,,,,other,,,no,suspension of new investments in Russia
Campari,Italy,Consumer Staples,unclassified,yes,,,,suspended,,,no,continue sales in Russia but suspend new investments
Cargill,United States,Consumer Staples,unclassified,yes,,,,other,,,no,unspecified scaling down of non-essential operations
Carmim,Portugal,Consumer Staples,unclassified,yes,,,,suspended,,,no,suspend some orders in backlog
Carter's | Oshkosh,United States,Industrials,unclassified,yes,,,,suspended,,,no,Stop all shipments of merchandise to Russia
Colgate-Palmolive,United States,Consumer Staples,unclassified,yes,,,,other,,,no,continue essential health and hygiene products
Convatec,United Kingdom,Health Care,unclassified,yes,,,,other,,,no,discontinuation of associated Russia activities.
Corticeira Amorim,Portugal,Materials,unclassified,yes,,,,suspended,,,no,commerical activity suspended
Crèdit Andorrà,Andorra,Financials,unclassified,yes,,,,other,,,no,Investigate if Russian customers are subject to European sanctions
DMK Group,Germany,Consumer Staples,unclassified,yes,,,,suspended,,,no,suspend new investments/advertising but continue sales and plant operations in Russia
Deceuninck,Belgium,Industrials,wholly_owned,yes,strict normalized name match to Orbis parent; Orbis direct-stake category: wholly_owned,DECEUNINCK NV,100,suspended,,,no,stop investments & cut links with other establishments
Delonghi,Italy,Consumer Discretionary,unclassified,yes,,,,suspended,,,no,paused new shipments and  investments
Dr. Theiss,Germany,Health Care,unclassified,yes,,,,suspended,,,no,suspend advertisement
ESL,Germany,NGO,unclassified,yes,,,,other,,,no,ban people with ties to Russian government
Ebara,Japan,Industrials,unclassified,yes,strict normalized name match to Orbis parent,EBARA CORPORATION,,other,,,no,Seeking optimal procurement
Ecco,Denmark,Consumer Discretionary,unclassified,yes,,,,suspended,,,no,suspend new investments still operating in Russia
Eesti Gaas,Estonia,Energy,unclassified,yes,,,,other,,,no,continues to import Russian gas but is looking for alternatives
Ehrmann,Germany,Consumer Staples,unclassified,yes,,,,suspended,,,no,continue sales in Russia but suspend new investments
Ekosem Agrar AG,Germany,Consumer Staples,unclassified,yes,,,,other,,,no,restructuring finances
Eli Lilly,United States,Health Care,unclassified,yes,,,,suspended,,,no,suspend new investments and clinical trials
Engie,France,Utilities,unclassified,yes,,,,other,,,no,no new investments
FIDE,Switzerland,NGO,unclassified,yes,,,,suspended,,2022-12-24,no,Allowing Russian play after suspend Russian & Belarussian teams from participation in tournaments
FM Global,United States,Financials,unclassified,yes,,,,suspended,,,no,stopped renewing and underwriting new reinsurance
Focus Brands - Cinnabon,United States,Industrials,unclassified,yes,,,,other,,,no,no new investments and expansion plans on hold
Forever Living Products,United States,Consumer Discretionary,unclassified,yes,,,,suspended,,,no,"Suspended online sales but continues to pay earned bonuses to russians and other ""friendly countries"""
Freelancer,Australia,Information Technology,unclassified,yes,,,,other,,,no,Still operating in Russia; sanctioned payment methods disabled
Freudenberg Group,Germany,Industrials,unclassified,yes,,,,other,,,no,cease trading operations with Russia & Belarus; running plants in Russia
GROUPE LIMAGRAIN/JACQUET-BROSSARD,France,Industrials,unclassified,yes,,,,other,,,no,continues flows to Russian and Ukrainian producers but suspends its project to build a seed factory in Russia
Gedeon Richter,Hungary,Health Care,unclassified,yes,,,,other,,,no,still operating in Russia
Geox,Italy,Consumer Discretionary,unclassified,yes,,,,suspended,,,no,suspend new investments
Gilead Sciences,United States,Health Care,unclassified,yes,strict normalized name match to Orbis parent,"GILEAD SCIENCES, INC.",,suspended,,,no,Stopped some business operations
Giorgio Armani,Italy,Consumer Discretionary,unclassified,yes,,,,suspended,,,no,Suspended investments
GlaxoSmithKline,United Kingdom,Health Care,unclassified,yes,,,,suspended,,,no,stopped advertising/new clinical trials in Russia
Greif,United States,Materials,unclassified,yes,strict normalized name match to Orbis parent,GREIF INC,,other,,,no,Canceled future investments in Russia
Grohe,Germany,Consumer Discretionary,unclassified,yes,,,,suspended,2022-12-24,2022-12-24,yes,Suspended Shipments
Groupe Seb,France,Consumer Discretionary,unclassified,yes,,,,suspended,,,no,"suspend new investments and ""sharply"" reduce activities in Russia"
Gruma,Mexico,Consumer Staples,unclassified,yes,,,,suspended,,,no,halt new investments in Russia
HERZ,Austria,Consumer Discretionary,unclassified,yes,,,,other,,,no,no new business in Russia
HSBC,United Kingdom,Financials,unclassified,yes,,,,other,,,no,curtail Russian access to capital markets and limit new business
HeidelbergCement,Germany,Materials,unclassified,yes,,,,suspended,,,no,suspend all further investments
Hellenic Bank,Cyprus,Financials,unclassified,yes,,,,other,,,no,maintain rep offices in Russia; observe all banking sanctions
Hellenic Petroleum,Greece,Energy,unclassified,yes,,,,other,,,no,seeks new oil supplier to replace Russian oil
HiPP,Switzerland,Consumer Staples,unclassified,yes,strict normalized name match to Orbis parent,HIPP GMBH,,suspended,,,no,suspend investments in Russia but continue substantive operations
Hilton,United States,Consumer Discretionary,unclassified,yes,,,,suspended,,,no,suspend new investments/close corporate office
Hochland,Germany,Consumer Staples,unclassified,yes,,,,suspended,,,no,suspend investments but continues sales and plant operations in Russia
Huawei,China,Information Technology,unclassified,yes,,,,suspended,,,no,suspend new orders and furlough some staff
Hyatt,United States,Consumer Discretionary,unclassified,yes,,,,suspended,,,no,suspend investments and new developments
IFF,United States,Consumer Discretionary,unclassified,yes,,,,suspended,,,no,Suspended some production and supply of ingredients for products
ING Bank,Netherlands,Financials,unclassified,yes,,,,other,,,no,Reached aggreement to sell Russian business. Deal expected to close in Q3 2024
Infosys,India,Information Technology,unclassified,yes,,,,other,2022-12-24,2022-12-24,yes,Paying two subcontractors in Moscow
Ingram Micro,United States,Information Technology,unclassified,yes,,,,other,,,no,no new business in Russia
Intermedia,United States,Communication Services,unclassified,yes,,,,other,,,no,move some employees out of Russia and ambiguous reduction of risk exposure to Russia
International Baccalaureate Organization,Netherlands,NGO,unclassified,yes,,,,other,,,no,still offers professional development services to Russian teachers
Intesa Sanpaolo,Italy,Financials,unclassified,yes,,,,suspended,,,no,suspend new investments and curtail new financing
Ipsen,France,Health Care,unclassified,yes,strict normalized name match to Orbis parent,IPSEN,,suspended,,,no,Suspended some promotional activities and no new client trials in Russia
Itochu,Japan,Consumer Staples,unclassified,yes,,,,suspended,,,no,Ceased new projects and reduced investments
J. Neves &amp; Fihos (JNF),Portugal,Industrials,contractual,yes,"Yale text explicitly mentions a distribution, license, or franchise arrangement",,,suspended,,,no,paused distribution
JDE Peet's,Netherlands,Consumer Staples,unclassified,yes,,,,other,,,no,largely still operating in Russia
Japan Tobacco,Japan,Consumer Staples,unclassified,yes,strict normalized name match to Orbis parent,JAPAN TOBACCO INC.,,suspended,,,no,stopped new investments and marketing activities in Russia
Johnson &amp; Johnson,United States,Health Care,unclassified,yes,strict normalized name match to Orbis parent,JOHNSON & JOHNSON,,suspended,,,no,pause patient enrollment in ongoing trials
KCA Deutag,United Kingdom,Energy,unclassified,yes,,,,suspended,,,no,suspend investments
KDDI Corp,Japan,Communication Services,unclassified,yes,,,,other,,,no,continue operations with local staff
Kemin,United States,Health Care,unclassified,yes,,,,other,,,no,still operating in Russia; declined to commend
Kimberly-Clark,United States,Consumer Staples,unclassified,yes,,,,suspended,,,no,suspend new investments in Russia
Knauf,Germany,Materials,unclassified,yes,,,,suspended,,,no,still operating across 14 sites in Russia but suspend new investments
Kraft Heinz - JBS,United States,Consumer Staples,unclassified,yes,,,,suspended,,,no,stopped new investments and exports/imports from Russia
Kubíček VHS,Czech Republic,Industrials,unclassified,yes,,,,suspended,,,no,stop cooperation
Laboratoire Servier,France,Health Care,unclassified,yes,,,,other,,,no,suspending new investments but still operating in Russia
Lenovo,Hong Kong,Information Technology,unclassified,yes,,,,suspended,,,no,reported to suspend operations in Russia
Loulis Mills,Greece,Consumer Staples,unclassified,yes,,,,other,,,no,search for alternative suppliers
Maire Tecnimonet,Italy,Industrials,unclassified,yes,,,,suspended,,,no,suspended commercial activities; managing existing backlog
Manitowoc,United States,Industrials,unclassified,yes,,,,suspended,,,no,"stopped taking new orders, still maintaining office in Russia"
Marel,Iceland,Consumer Staples,unclassified,yes,,,,suspended,,,no,paused new projects
Mars,United States,Consumer Staples,unclassified,yes,,,,other,,,no,Factories and sales operating in Russia
Marubeni,Japan,Industrials,unclassified,yes,strict normalized name match to Orbis parent,MARUBENI CORPORATION,,other,,,no,scaling down but still in numerous projects across Russia
Mavenir,United States,Information Technology,unclassified,yes,,,,other,,,no,continue operating in Russia but very limited curtailment of some activities
Medtronic,United States,Health Care,unclassified,yes,,,,other,,,no,Limited some activities
Melamin,Slovenia,Materials,unclassified,yes,,,,other,,,no,making up for shortfall from sanctions
Menarini Group,Italy,Health Care,unclassified,yes,,,,suspended,,,no,stop advertisement and new investments; continue operating plant in Russia
Merck Group,United States,Health Care,unclassified,yes,,,,other,,,no,no further investments/clinical trial enrollment
Merck KGaA,Germany,Health Care,unclassified,yes,,,,other,,,no,still operating and actively hiring in Russia; restrict transactions
Metro,Germany,Consumer Staples,unclassified,yes,,,,suspended,,,no,stop all growth investments and reduce advertisements
Mocapor,Portugal,Industrials,unclassified,yes,,,,suspended,,,no,paused exports
Mohawk Industries,United States,Consumer Discretionary,unclassified,yes,strict normalized name match to Orbis parent,"MOHAWK INDUSTRIES, INC.",,suspended,,,no,suspend new investments in Russia
Mondelez - Nabisco,United States,Consumer Staples,unclassified,yes,,,,other,,,no,Scaling back unspecified non-essential activities in Russia
NTPC,India,Utilities,unclassified,yes,,,,other,,,no,Difficulty in transacting with Russian counterparties due to SWIFT issues etc
National Oilwell Varco,United States,Energy,unclassified,yes,,,,suspended,,,no,suspend all new investments in Russia
Nature's Sunshine,United States,Consumer Staples,unclassified,yes,,,,suspended,,,no,suspend shipments into Russia but not sales
Naust Marine,Iceland,Industrials,unclassified,yes,,,,suspended,,,no,stopped projects in Russia
Nestle,Switzerland,Consumer Staples,unclassified,yes,,,,suspended,,,no,"halted non-essential imports/exports to Russia, stopped all advertising, and suspended all capital investment"
Nippon Steel,Japan,Materials,unclassified,yes,strict normalized name match to Orbis parent,NIPPON STEEL CORPORATION,,other,,,no,searching to replace Russian supplies
Nor-Maali,Finland,Industrials,unclassified,yes,,,,suspended,,,no,stop further investments
Novartis,Switzerland,Health Care,unclassified,yes,strict normalized name match to Orbis parent,NOVARTIS AG,,suspended,,,no,"pause all new capital investments, media advertising and other promotions; pause new clinical trials and enrollment of new patients"
Novo Nordisk,Denmark,Health Care,unclassified,yes,,,,suspended,,,no,suspend further marketing and clinical investment; pause new clinical trials and active enrollment
OMV,Austria,Energy,unclassified,yes,,,,other,,,no,no new Russian investments; doing strategic review of current Russian gas investments
Palfinger,Austria,Industrials,unclassified,yes,,,,other,,,no,reduced production
Pfizer,United States,Health Care,unclassified,yes,strict normalized name match to Orbis parent,PFIZER INC,,suspended,,,no,stopped new investments/clinical trials in Russia
Philip Morris,United States,Consumer Staples,unclassified,yes,,,,suspended,,,no,"explore strategic alternatives, while stop new investments including $150MM, paused marketing, canceled product launches"
Philips,Netherlands,Consumer Discretionary,unclassified,yes,,,,suspended,,,no,online sales still available in Russia but suspend new marketing
Polpharma,Poland,Health Care,unclassified,yes,,,,suspended,,,no,stop all new investments and limit deliveries to essential drugs only
Pottinger,Austria,Industrials,unclassified,yes,,,,other,,,no,limited deliveries to Russia sales subsidiary
Procter &amp; Gamble (P&amp;G),United States,Consumer Staples,unclassified,yes,,,,other,,,no,"Still operating, despite statement"
RHI Magnesita,Austria,Industrials,unclassified,yes,,,,other,,,no,selling down existing stocks in Russia
Radisson Hotels,,,unclassified,yes,,,,suspended,,,no,Suspended new partnerships and new investments in Russia. Still operate 38 hotel
Reckitt Benckiser Group,United Kingdom,Consumer Staples,unclassified,yes,strict normalized name match to Orbis parent,RECKITT BENCKISER GROUP PLC,,other,2022-12-24,2022-12-24,yes,"Freeze capital investments, advertising, sponsorships and promotions in Russia. Began process of aimed at transferring Russian business"
Red Bull,Austria,Consumer Staples,joint_venture,yes,strict normalized name match to Orbis parent; Orbis direct-stake category: shared_ownership,RED BULL GMBH,73,suspended,,,no,suspend new investments
Remondis,Germany,Industrials,unclassified,yes,,,,other,,,no,still operating in Russia; not disclosed publicly
Ritter Sport,Germany,Consumer Staples,unclassified,yes,,,,suspended,,,no,halt new investments and advertising
Roche,Switzerland,Health Care,unclassified,yes,,,,suspended,,,no,pause new site activation and patient enrollment; continue operating
Rockwool,Denmark,Industrials,unclassified,yes,,,,other,,,no,cancel new investments in Russia
SC Johnson,United States,Consumer Staples,unclassified,yes,,,,suspended,,,no,stopped new investments and scaled back unspecified operations
SCHOTT,Germany,Materials,unclassified,yes,,,,suspended,,,no,suspend investments in Russia
SGS,Switzerland,Industrials,unclassified,yes,,,,suspended,,,no,Suspended business development and investment activities
SLB | Schlumberger,United States,Energy,unclassified,yes,,,,suspended,,,no,stopped new investment and technology deployment to our Russia operations
SWISS KRONO,Switzerland,Industrials,unclassified,yes,,,,suspended,,,no,Aborted Russian project and halted investments
Saipem,Italy,Industrials,unclassified,yes,,,,suspended,,,no,halt new investments
Sanofi,France,Health Care,unclassified,yes,strict normalized name match to Orbis parent,SANOFI,,other,,,no,"halting advertising and promotional spending and new recruitment of patients clinical trials, continue medical supply and treating current patients"
Sarens,Belgium,Industrials,wholly_owned,yes,strict normalized name match to Orbis parent; Orbis direct-stake category: wholly_owned,SARENS,100,other,,,no,new projects cancelled
Schmitz Cargobull,Germany,Industrials,unclassified,yes,,,,suspended,,,no,Stopped all investments
Signify,Netherlands,Consumer Discretionary,unclassified,yes,,,,suspended,,,no,suspend only exports to Russia and investments and new business
Smith &amp; Nephew PLC,United Kingdom,Health Care,unclassified,yes,strict normalized name match to Orbis parent,SMITH & NEPHEW PLC,,suspended,,,no,Stopped new investments
Snap,United States,Communication Services,unclassified,yes,,,,suspended,,,no,halt advertisement
Soudal,Belgium,Materials,unclassified,yes,,,,other,,,no,cancel investments in a brand new factory in Russia; but maintain other activities
Standard Chartered,United Kingdom,Financials,unclassified,yes,,,,other,,,no,Restricts Russian transactions
Subway,United States,Consumer Staples,unclassified,yes,,,,suspended,,,no,suspend new investments/advertising
Sumitomo Mitsui Financial,Japan,Financials,unclassified,yes,,,,other,,,no,continue operations with local staff
Syneos Health,United States,Health Care,unclassified,yes,,,,other,,,no,Patient recruitment on hold and no new clinical trial in Russia
TMF Group,Netherlands,Industrials,unclassified,yes,strict normalized name match to Orbis parent,TMF GROUP LTD,,suspended,,,no,suspend new contracts; continue supporting current customers
TOM Tailor,Germany,Consumer Discretionary,unclassified,yes,,,,suspended,,,no,no official statement; online sales suspended but advertising continues
TZMO,Poland,Consumer Staples,unclassified,yes,,,,suspended,,,no,stopped new investments
Takeda,Japan,Health Care,unclassified,yes,,,,suspended,,,no,"Suspended new investments, advertising and promotion & no new clinical trials and stopped enrollment of new Russian patients in ongoing clinical trials."
Toshiba Group,Japan,Information Technology,unclassified,yes,,,,suspended,,,no,stop all new investments in Russia
Toshulin,Czech Republic,Industrials,unclassified,yes,,,,suspended,,,no,Stopped cooperation
Total Energies,France,Energy,unclassified,yes,,,,sold,,,no,no longer will provide capital for new projects in Russia/stop purchasing Russian oil; withdraw from Arctic LNG 2 project
Toyota Tsusho,Japan,Materials,unclassified,yes,,,,suspended,,,no,Stopped exports and imports of auto parts to and from Russia
UCB,Belgium,Health Care,unclassified,yes,,,,suspended,,,no,Stopped enrolling new patients and not starting new sites or clinical trials in Russia
UnionPay,China,Financials,unclassified,yes,,,,suspended,,,no,Suspended issuing bank cards to Russian Banks
Viatris,United States,Health Care,unclassified,yes,strict normalized name match to Orbis parent,VIATRIS INC.,,suspended,,,no,Suspended some operations
Vimeo,United States,Communication Services,unclassified,yes,,,,other,,,no,not accept new customers from Russia
Vičiūnai,Lithuania,Consumer Staples,unclassified,yes,,,,sold,2022-12-24,2022-12-24,yes,Dragging feet on exiting Russia despite announcement
WeWork,United States,Real Estate,unclassified,yes,,,,other,2022-12-24,2022-12-24,yes,Continue operating in Russia with 4 locations in Moscow
Weatherford International,United States,Energy,unclassified,yes,,,,suspended,,,no,suspend new investments/deployments in Russia
Welltec,Denmark,Energy,unclassified,yes,,,,suspended,,,no,suspend all new investments in Russia
Xiaomi,China,Information Technology,unclassified,yes,,,,suspended,,,no,Reported to suspend operations in Russia
Yokogawa,Japan,Information Technology,unclassified,yes,,,,other,,,no,No new projects in Russia
Yokohama,Japan,Consumer Discretionary,unclassified,yes,,,,suspended,,,no,Decision to renew production in Russia despite previous announcements to halt production
Young Living,United States,Consumer Staples,unclassified,yes,,,,suspended,,,no,Suspend new investments in Russia
Yves Rocher,France,Consumer Staples,unclassified,yes,,,,suspended,,,no,Suspend new investments/development
dōTERRA,United States,Consumer Staples,unclassified,yes,,,,suspended,,,no,suspend new investment in Russia
ANT Group,China,Information Technology,joint_venture,yes,Yale text explicitly mentions a joint venture,,,other,,,no,joint venture with the Russian Sovereign Wealth Fund
AUMA Riester GmbH &amp; Co,Germany,Industrials,unclassified,yes,,,,other,,,no,Still operating in and selling to Russia
Agrana,Austria,Consumer Staples,unclassified,yes,,,,other,,,no,continue operating plant in Russia
Agricultural Bank of China,China,Financials,unclassified,yes,,,,other,,,no,Russian companies open accounts with the bank; decline to comment
Air China,China,Industrials,unclassified,yes,,,,other,,,no,still flying to Russia
Air Serbia,Serbia,Industrials,unclassified,yes,,,,other,,,no,still flying to Russia
Alibaba,China,Consumer Discretionary,unclassified,yes,,,,other,,,no,still operating in Russia
Align Technology,United States,Health Care,unclassified,yes,strict normalized name match to Orbis parent,ALIGN TECHNOLOGY INC,,other,,,no,still operating in Russia
Alpina Žiri,Slovenia,Consumer Discretionary,unclassified,yes,,,,other,,,no,distributors in Russia
Alumil,Greece,Materials,unclassified,yes,,,,other,,,no,Not disclosed publicly
Anadolu Efes,Turkey,Consumer Staples,unclassified,yes,,,,other,,,no,still operating in Russia
Anta Sports,China,Consumer Discretionary,unclassified,yes,,,,other,,,no,still operating and providing online sales to Russia
Antal,United Kingdom,Industrials,unclassified,yes,,,,other,,,no,still operating and actively hiring in Russia
AnyDesk Software,Germany,Information Technology,unclassified,yes,,,,other,,,no,still providing services to Russia; not disclosed publicly
Ariston Group,Italy,Consumer Discretionary,unclassified,yes,,,,other,,,no,still operating and actively hiring in Russia
Auchan-Retail,France,Consumer Staples,unclassified,yes,,,,other,,,no,still operating in Russia
B. Braun,Germany,Health Care,unclassified,yes,,,,other,,,no,still operating in Russia
BPW,Germany,Consumer Discretionary,unclassified,yes,,,,other,,,no,still cooperating with dealers in Russia; not disclosed publicly
Babolat,France,Consumer Discretionary,unclassified,yes,,,,other,,,no,still operating and selling to Russia
Bajaj Auto,India,Consumer Discretionary,unclassified,yes,,,,other,,,no,business as usual
Benetton,Italy,Consumer Discretionary,unclassified,yes,,,,other,,,no,continue operations in Russia
Bharat Petroleum (BPCL),India,Energy,unclassified,yes,,,,other,,,no,bought 2 million barrels of Russian Urals for May loading
Binbit,Mexico,Communication Services,unclassified,yes,,,,other,,,no,Operating in Russia
Boggi,Italy,Consumer Discretionary,unclassified,yes,,,,other,,,no,still operating in Russia & online sales running
Buzzi Unicem,Italy,Materials,unclassified,yes,,,,other,,,no,continue operating plants in Russia
CLAAS,Germany,Industrials,unclassified,yes,,,,other,,,no,still operating in Russia; not disclosed publicly
CLINTON,Germany,Consumer Discretionary,unclassified,yes,,,,other,,,no,still operating in Russia (Camp David)
Calzedonia,Italy,Consumer Discretionary,unclassified,yes,,,,other,,,no,continue sales in Russia
Camille Albane,France,Consumer Discretionary,contractual,yes,"Yale text explicitly mentions a distribution, license, or franchise arrangement",,,other,,,no,franchised salons continue to operate
Carl's Jr. | CLK,United States,Consumer Discretionary,unclassified,yes,,,,other,,,no,still operating in Russia
Cham Wings,Syria,Industrials,unclassified,yes,,,,other,,,no,still flying to Russia
ChampionX,United States,Energy,unclassified,yes,,,,other,,,no,Business as usual
Charoen Pokphand Foods,Thailand,Consumer Staples,unclassified,yes,,,,other,,,no,still operating in Russia
Check Point Software,Israel,Information Technology,unclassified,yes,,,,other,,,no,selling cybersecurity products in Russia
China Communications Construction Company,China,Industrials,unclassified,yes,,,,other,,,no,planning new infrastructural projects
China Construction Bank,China,Financials,unclassified,yes,,,,other,,,no,Russian companies open accounts with the bank; decline to comment
China Life Insurance Company,China,Financials,unclassified,yes,,,,other,,,no,"offices in Russia, actively looks for new Russian employees"
China Minmetals,China,Materials,unclassified,yes,,,,other,,,no,discussing investments with Chinese government to booster stakes in Russian energy and commodity companies
China Mobile,China,Communication Services,unclassified,yes,,,,other,,,no,business as usual
China National Petroleum Corporation,China,Energy,unclassified,yes,,,,other,,,no,business as usual
China Railway Construction Corporation,China,Industrials,unclassified,yes,,,,other,,,no,continues to build Vladivostok highway in March 2022
China Railway Engineering Corporation,China,Industrials,unclassified,yes,,,,other,,,no,business as usual
China State Construction Engineering,China,Industrials,unclassified,yes,,,,other,,,no,contractor to the Russian state
China State Railway Group Company,China,Industrials,unclassified,yes,,,,other,,,no,increasing coal shipments from Russia
China United Network Communications,China,Communication Services,unclassified,yes,,,,other,,,no,a subsidiary in Russia: China Unicom (Russia) Operations Limited Liability Company; business as usual
Chipita,Greece,Consumer Staples,unclassified,yes,,,,other,,,no,Not disclosed publicly; still operating in Russia
Clarins,France,Consumer Discretionary,unclassified,yes,,,,other,,,no,still selling online in Russia
Cloudflare,United States,Information Technology,unclassified,yes,,,,other,,,no,continue sales & services in Russia
Coal India,India,Energy,unclassified,yes,,,,other,,,no,expecting highest import level in 2 years
Coesia Group,,,unclassified,yes,,,,other,,,no,Many companies in group have Russia operations or partners
Coface,France,Financials,unclassified,yes,strict normalized name match to Orbis parent,COFACE SA,,other,,,no,Business as usual
Cofix Coffee,Israel,Consumer Staples,unclassified,yes,,,,other,,,no,maintains locations in Russia
Colin's,Turkey,Consumer Discretionary,unclassified,yes,,,,other,,,no,still selling online
Corendon Airlines,Turkey,Industrials,unclassified,yes,,,,other,,,no,still flying to Russia
Cremonini Group,Italy,Consumer Staples,unclassified,yes,,,,other,,,no,continue sales in Russia
De Cecco,Italy,Consumer Staples,unclassified,yes,,,,other,,,no,continue sales and operations in Russia
Deep in Russia,Belgium,Industrials,unclassified,yes,,,,other,,,no,still offering trips to Russia
Dentsply Sirona,United States,Health Care,unclassified,yes,strict normalized name match to Orbis parent,DENTSPLY SIRONA INC.,,other,,,no,Business as usual
Dessange International,France,Consumer Discretionary,unclassified,yes,,,,other,,,no,still operating salons in Russia
Didi,China,Industrials,unclassified,yes,,,,sold,,,no,explicitly reversed decision to exit Russia
Diesel,Italy,Consumer Discretionary,unclassified,yes,,,,other,,,no,still operating in Russia; not disclosed
Dinex A/S,Denmark,Consumer Discretionary,unclassified,yes,,,,other,,,no,Business as usual
Doka,Austria,Industrials,unclassified,yes,,,,other,,,no,not disclosed
Dr Reddys Labs,India,Health Care,unclassified,yes,,,,other,,,no,business as usual; plans new brands in Russia
Duol,Slovenia,Consumer Discretionary,unclassified,yes,,,,other,,,no,still operating in Russia
EMS-Chemie,Switzerland,Materials,unclassified,yes,,,,other,,,no,still operating in Russia
Egger,Austria,Industrials,unclassified,yes,,,,other,,,no,still operating in Russia
Egyptair,Egypt,Industrials,unclassified,yes,,,,other,,,no,still flying to Russia
ElvalHalcor,Greece,Materials,unclassified,yes,,,,other,,,no,Not disclosed publicly
Emirates Airlines,United Arab Emirates,Industrials,unclassified,yes,,,,other,,,no,still flying to Russia
Etam,France,Consumer Discretionary,unclassified,yes,,,,other,,,no,still selling to Russia
Etihad Airways,United Arab Emirates,Industrials,unclassified,yes,,,,other,,,no,still flying to Russia
FAW Group,China,Industrials,unclassified,yes,,,,other,,,no,remains silent on whether they will continue operations
FS Mackenzie,United Kingdom,Industrials,unclassified,yes,,,,other,,,no,Business as usual
Fenzi Group,Italy,Industrials,unclassified,yes,,,,other,,,no,still operating in Russia
Fleetcor,United States,Financials,unclassified,yes,,,,other,,,no,business as usual
Fondital,Italy,Industrials,unclassified,yes,,,,other,,,no,still operating and investing in Russia
Foraco,France,Energy,unclassified,yes,,,,other,,,no,still operating in Russia
Fresenius,Germany,Health Care,unclassified,yes,,,,other,,,no,still operating in Russia
Frigoglass,Greece,Industrials,unclassified,yes,,,,other,,,no,still operating in Russia
Geoplin,Slovenia,Energy,unclassified,yes,,,,other,,,no,still purchasing Russian gas from Gazprom
Globus,Germany,Consumer Staples,unclassified,yes,,,,other,,,no,still operating in Russia
Gorenje,China,Consumer Discretionary,unclassified,yes,,,,other,,,no,still operating in Russia
Groupe Le Duff,France,Consumer Discretionary,unclassified,yes,,,,other,,,no,still operating in Russia
Groupe Savencia,France,Consumer Staples,unclassified,yes,,,,other,,,no,still operates in Russia
Grupo Borges | ITLV,Spain,Consumer Staples,unclassified,yes,,,,other,,,no,still operating in Russia
Grupo Fuertes,Spain,Consumer Staples,unclassified,yes,,,,other,,,no,still operating in Russia
Guess,United States,Consumer Discretionary,unclassified,yes,,,,other,,,no,Business as usual
Haier,China,Consumer Discretionary,unclassified,yes,,,,other,,,no,planning expansion in Russia
Heidenhain,Germany,Information Technology,unclassified,yes,,,,other,,,no,still operating in Russia through a third-party; not disclosed publicly
Heliski Russia,France,Industrials,unclassified,yes,,,,other,,,no,cooperating with sanctioned individuals
Hengli Group,China,Energy,unclassified,yes,,,,other,,,no,business as usual
Herend,Hungary,Consumer Discretionary,unclassified,yes,,,,other,,,no,still operating in Russia
Hoffmann Group,Germany,Industrials,unclassified,yes,,,,other,,,no,still operating and advertising in Russia
Honor,China,Information Technology,unclassified,yes,,,,other,,,no,business as usual
Huntsman Corporation,United States,Materials,unclassified,yes,strict normalized name match to Orbis parent,HUNTSMAN CORPORATION,,other,,,no,still operating in Russia
IQVIA,United States,Industrials,unclassified,yes,,,,other,,,no,still operating and actively hiring
Ideal Molde,Portugal,Industrials,unclassified,yes,,,,other,,,no,still selling to Russia
Indian Oil Corporation,India,Energy,unclassified,yes,,,,other,,,no,signed new deal to import Russian oil
IndusInd Bank,India,Financials,unclassified,yes,,,,other,,,no,Approved for rupee trade with Russia
Industrial Bank (China),China,Financials,unclassified,yes,,,,other,,,no,"offices operating in Moscow, did not answer for Reuters' calls for commenting on that"
Iridium,United States,Communication Services,unclassified,yes,,,,other,,,no,Business as usual
JD.com,China,Industrials,unclassified,yes,,,,other,,,no,business as usual - the Russian store is still fully operational
JSW Steel,India,Materials,unclassified,yes,,,,other,,,no,Increased business with Russia
Jean Cacharel,France,Consumer Discretionary,unclassified,yes,,,,other,,,no,still selling and advertising in Russia
Kawasaki,Japan,Industrials,unclassified,yes,,,,other,,,no,"still operating in Russia, providing online sales, and cooperating with dealers"
Kidzania,Mexico,Communication Services,unclassified,yes,,,,other,,,no,Operating facility in Russia
Kleemann,Greece,Industrials,unclassified,yes,,,,other,,,no,Not disclosed publicly
Kotanyi,Austria,Consumer Staples,unclassified,yes,,,,other,,,no,still exporting to Russia
Koton,Turkey,Consumer Discretionary,unclassified,yes,,,,other,,,no,still advertising  and selling to Russia
Krka,Slovenia,Health Care,unclassified,yes,,,,other,,,no,still operating in Russia
Kweichow Moutai,China,Consumer Staples,unclassified,yes,,,,other,,,no,business as usual
LACTALIS,France,Consumer Staples,unclassified,yes,,,,other,,,no,still operating in Russia
LPP Group,Poland,Consumer Discretionary,unclassified,yes,,,,other,2022-12-24,2022-12-24,yes,Still operating in Russia via subsidaries
La Redoute,France,Consumer Discretionary,unclassified,yes,,,,other,,,no,still selling products to Russia
Lacoste,France,Consumer Discretionary,unclassified,yes,,,,other,,,no,still operating in Russia
Larsen &amp; Toubro,India,Real Estate,unclassified,yes,,,,other,,,no,Business as usual
Lemken,Germany,Industrials,unclassified,yes,,,,other,,,no,still operating and advertising in Russia
Letique Cosmetics,Latvia,Consumer Staples,unclassified,yes,,,,other,,,no,maintains stores in Russia
LiSEC,Austria,Industrials,unclassified,yes,,,,other,,,no,still operating in Russia
Liebherr,Switzerland,Industrials,unclassified,yes,,,,other,,,no,No action taken; still operating in Russia
Luka Koper,Slovenia,Industrials,unclassified,yes,,,,other,,,no,continuing trans shipments
"MOL | Mitsui O.S.K. Lines, Ltd.",Japan,Industrials,unclassified,yes,,,,other,,,no,still operating in Russia
Makita,Japan,Industrials,unclassified,yes,,,,other,,,no,still working with dealers in Russia
Maxam,Spain,Materials,unclassified,yes,,,,other,,,no,still operating in Russia
Micro-Star International Co. (MSi),Taiwan,Information Technology,unclassified,yes,,,,other,,,no,still operating in Russia
Mitsubishi Heavy Industries,Japan,Industrials,unclassified,yes,strict normalized name match to Orbis parent,MITSUBISHI HEAVY INDUSTRIES LTD,,other,,,no,still operating in Russia
Mitsui,Japan,Materials,unclassified,yes,strict normalized name match to Orbis parent,MITSUI & CO LTD,,other,,,no,continuing operations within sanctions compliance & shares in Sakhalin-2 project
Mizuho Financial Group,Japan,Financials,unclassified,yes,,,,other,,,no,still operating in Russia
Mod's Hair,France,Consumer Discretionary,unclassified,yes,,,,other,,,no,still operates in Russia
Muehlhan AG,Germany,Materials,unclassified,yes,,,,other,,,no,Business as usual
NIS Serbia,Serbia,Energy,unclassified,yes,,,,other,,,no,partnership with Gazprom Neft; Gazprom has a 50% stake in NIS
New Yorker Marketing &amp; Media GmbH,Germany,Industrials,unclassified,yes,,,,other,,,no,continue to operate and open new stores
Nordson,United States,Materials,unclassified,yes,,,,other,,,no,Business as usual
OBO Bettermann,Germany,Industrials,unclassified,yes,,,,other,,,no,still operating in Russia
OCSiAl,Luxembourg,Information Technology,unclassified,yes,,,,other,,,no,still running research center and branch
OKI,Japan,Information Technology,unclassified,yes,,,,other,,,no,still operating in Russia; not disclosed
ONGC,India,Energy,unclassified,yes,,,,seized,,,no,Selling of Russian Sokoil to other Indian Nationalised Energy corps
Oasis Logistics Corp,China,Industrials,unclassified,yes,,,,other,,,no,“We are actively exploring opportunities to work with our Russian partners”
Oppo,China,Information Technology,unclassified,yes,,,,other,,,no,business as usual
Orano,France,Energy,unclassified,yes,,,,other,,,no,still operating in Russia
Ottobock,Germany,,unclassified,yes,,,,other,,,no,Continues operating in Russia
Patreon,United States,Financials,unclassified,yes,,,,other,,,no,still providing services to Russia
Pegasus,Turkey,Industrials,unclassified,yes,,,,other,,,no,still flying to Russia
Perfetti Van Melle,Italy,Consumer Staples,unclassified,yes,,,,other,,,no,still operating in Russia; not disclosed publicly
Pidilite Ind,India,Materials,unclassified,yes,,,,other,,,no,Business as usual - Imports to Russia
Plastika Kritis,Greece,Materials,unclassified,yes,,,,other,,,no,Not disclosed publicly
Poly Real Estate,China,Real Estate,unclassified,yes,,,,other,,,no,"a sister company is Poly Technologies, one of China's largest arms exporters and has been sanctioned by the United States; in Russian tax registry"
Posco,South Korea,Materials,unclassified,yes,,,,other,,,no,operating through a Russian subsidiary
PowerChina,China,Energy,unclassified,yes,,,,other,,,no,"cooperating with a Russian bank ""Solidarnost"" on off-shore projectes"
Projahn,Germany,Industrials,unclassified,yes,,,,other,,,no,still operating in Russia through a subsidiary
Provalliance Group (Jean Louis David),France,Consumer Discretionary,unclassified,yes,,,,other,,,no,affiliates still operating in Russia
Qatar Airways,Qatar,Industrials,unclassified,yes,,,,other,,,no,still flying to Russia
Quicksilver,United States,Consumer Discretionary,unclassified,yes,,,,other,,,no,online sales still running
Raba,Hungary,Industrials,unclassified,yes,,,,other,,,no,maintain commerical ties with Russian Kamaz
Rabe Moden,Germany,Consumer Discretionary,unclassified,yes,,,,other,,,no,still  advertising and selling to Russia via Telegram
Raiffeisen Bank International,Austria,Financials,unclassified,yes,strict normalized name match to Orbis parent,RAIFFEISEN BANK INTERNATIONAL AG,,other,,,no,still operating in Russia
Reliance,India,Energy,unclassified,yes,,,,other,,2022-12-24,no,Buying Russian fuel
Richter Spielgeräte GmbH,Germany,Consumer Discretionary,unclassified,yes,,,,other,,,no,Continues supplying playground equipment
Riko,Slovenia,Industrials,unclassified,yes,,,,other,,,no,still operating in Russa
Riot Games,United States,Consumer Discretionary,unclassified,yes,,,,other,,,no,still operating in and selling to Russia
Russia Fachspedition Dr. Lassmann,Austria,Industrials,unclassified,yes,,,,other,,,no,still operating in Russia
SAIC Motor,China,Industrials,unclassified,yes,,,,other,,,no,remains operational; plans to increase export
SBI,India,Financials,unclassified,yes,,,,other,,,no,Facilitating rupee trade with Russia
SMC,Japan,Industrials,unclassified,yes,,,,other,,,no,still operating in Russia
Sanatmetal,Hungary,Health Care,unclassified,yes,,,,other,,,no,still operating in Russia
Sany Heavy Industries,China,Industrials,unclassified,yes,,,,other,,,no,business as usual
Sarstedt AG,Germany,Health Care,unclassified,yes,,,,other,,,no,Business as usual
Sbarro Pizza,United States,Consumer Discretionary,unclassified,yes,,,,other,,,no,still operating in Russia and allowing placing online orders
Schoeller Bleckmann,Austria,Industrials,unclassified,yes,,,,other,,,no,still operating in Russia
Semiconductor Manufacturing International Corporation,China,Information Technology,unclassified,yes,,,,other,,,no,defies US sanctions by continuing to export to Russia
Shanghai Fosun Pharmaceutical,China,Health Care,unclassified,yes,,,,other,,,no,business as usual
Siemens Healthineers,Germany,Health Care,unclassified,yes,,,,other,,,no,continue to support healthcare providers
Signet Armorite,United States,Consumer Discretionary,unclassified,yes,,,,other,,,no,operating in Russia through a subsidiary
Sisecam,Turkey,Materials,unclassified,yes,,,,other,,,no,still operating in Russia through subsidiaries
Société Bic,France,Consumer Discretionary,unclassified,yes,,,,other,,,no,still operating and actively hiring in Russia
Soler &amp; Palau Ventilation Group,Spain,Industrials,unclassified,yes,,,,other,,,no,"Business as usual, 15 listed distributors"
Stada Arzneimittel,Germany,Health Care,unclassified,yes,,,,other,,,no,still operating in Russia
State Grid Corporation of China,China,Utilities,unclassified,yes,,,,other,,,no,business as usual
Storck,Germany,Consumer Staples,unclassified,yes,,,,other,,,no,continue candy sales in Russia
Stryker,United States,Health Care,unclassified,yes,strict normalized name match to Orbis parent,STRYKER CORPORATION,,other,,,no,continue sales and imports to Russia
Sucden,France,Financials,unclassified,yes,,,,other,,,no,Business as usual
Sun Pharma,India,Health Care,unclassified,yes,,,,other,,,no,Business as usual
Symrise,Germany,Consumer Discretionary,unclassified,yes,strict normalized name match to Orbis parent,SYMRISE AG,,other,,,no,Business as usual
Syngenta,China,Health Care,unclassified,yes,,,,other,,,no,still operating in Russia
TEPCO,Japan,Utilities,unclassified,yes,,,,other,,,no,continues purchases of Russian gas
TGI Friday's,United States,Consumer Discretionary,unclassified,yes,,,,other,,,no,still operating in Russia
Tencent,China,Communication Services,unclassified,yes,,,,other,,,no,major investment in VK
Tenneco,United States,Consumer Discretionary,unclassified,yes,,,,other,,,no,still operating in Russia; deny comments
Teva,Israel,Health Care,unclassified,yes,,,,other,,,no,no action taken; still operating Russia
The China Coal Transportation and Distribution Association,China,Energy,unclassified,yes,,,,other,,,no,big power plants and about 20 Russian coal companies discussed plans to increase bilateral trade
Titan International,United States,Industrials,unclassified,yes,,,,other,,,no,still operating in Russia
Toppan,Japan,Consumer Discretionary,unclassified,yes,,,,other,,,no,Business as usual
Trelleborg Group,Sweden,Industrials,unclassified,yes,,,,other,,2022-12-24,no,Was discovered to have continued sales to Russia through Dec 2022 despite claiming the contrary.
Trumpf,Germany,Industrials,unclassified,yes,,,,other,,,no,Business as usual
Tupperware,United States,Consumer Discretionary,unclassified,yes,,,,other,,,no,still operating and actively hiring in Russia
Turkish Airlines,Turkey,Industrials,unclassified,yes,,,,other,,,no,still flying to Russia
UniCredit,Italy,Financials,unclassified,yes,strict normalized name match to Orbis parent,UNICREDIT SPA,,other,,,no,Still operating in Russia
Uzbekistan Airways,Uzbekistan,Industrials,unclassified,yes,,,,other,,,no,still flying to Russia
Valve,United States,Consumer Discretionary,unclassified,yes,,,,other,,,no,still providing services to Russia
Vanke,China,Real Estate,unclassified,yes,,,,other,,,no,business as usual
Veolia,France,Utilities,unclassified,yes,,,,other,,,no,still operating in Russia
Vinci SA,France,Industrials,unclassified,yes,strict normalized name match to Orbis parent,VINCI,,other,,,no,still operating in Russia
Vivo,China,Industrials,unclassified,yes,,,,other,,,no,still operating in Russia
Wanhua Chemical Group,China,Materials,unclassified,yes,,,,other,,,no,still operating in Russia
Worldline,France,Financials,unclassified,yes,,,,other,,,no,Business as usual
Xibao Metallurgy Materials Group,China,Industrials,unclassified,yes,,,,other,,,no,"Building a refractory material plant in Lipetsk, Russia"
Yamaha,Japan,Consumer Discretionary,unclassified,yes,,,,other,,,no,Still operating and advertising in Russia
Yazaki,Japan,Consumer Discretionary,unclassified,yes,,,,other,,,no,Operating in Russia through a subsidiary
ZTE,China,Information Technology,unclassified,yes,,,,other,,,no,business as usual
Zentis,Germany,Consumer Staples,unclassified,yes,,,,other,,,no,Business as usual
Zepter,Switzerland,Consumer Discretionary,unclassified,yes,,,,other,,,no,Still advertising and selling to Russia
Zimmer Biomet,United States,Health Care,unclassified,yes,,,,other,,,no,continues sales in Russia
