name,country,industry,grade_latest,grade_dec2022,action_type,in_dec2022_snapshot,first_grade_a_date,first_grade_ab_date,timing_left_censored,action_text
AAK,Sweden,Consumer Staples,A,B,sold,yes,2023-08-23,2022-12-24,no,Exited Russia.
AB InBev,Belgium,Consumer Staples,A,A,sold,yes,2022-12-24,2022-12-24,yes,sold stake in joint ventures and suspend using its license in Russia
ABB,Switzerland,Industrials,A,C,sold,yes,2023-08-23,2023-08-23,no,Exited Market
AECOM,United States,Industrials,A,A,sold,yes,2022-12-24,2022-12-24,yes,exit Russia operations
AFRY,Sweden,Industrials,A,,sold,no,2023-08-23,2023-08-23,no,Fully exit Russia after selling its operations
AG Barr,United Kingdom,Consumer Staples,A,A,sold,yes,2022-12-24,2022-12-24,yes,cut ties with Russian market
AP7,Sweden,Financials,A,A,sold,yes,2022-12-24,2022-12-24,yes,sell off  all of Russian shares
APG,Netherlands,Financials,A,A,sold,yes,2022-12-24,2022-12-24,yes,sell all Russian investment
AVL,Austria,Industrials,A,F,suspended,yes,2023-08-23,2023-08-23,no,"Stopped on business, initiated divestment process"
Aarsleff,Danish,Industrials,A,,sold,no,2023-08-23,2023-08-23,no,Withdrew from Russia
Accenture,Ireland,Information Technology,A,A,sold,yes,2022-12-24,2022-12-24,yes,exiting Russia completely
Accountor,Finland,Information Technology,A,A,sold,yes,2022-12-24,2022-12-24,yes,withdrawal from Russia
Acerinox,Spain,Materials,A,A,suspended,yes,2022-12-24,2022-12-24,yes,Ceased Operations
Acronis,Switzerland,Information Technology,A,A,suspended,yes,2022-12-24,2022-12-24,yes,suspend operations in Russia
Adenza,United Kingdom,Information Technology,A,A,other,yes,2022-12-24,2022-12-24,yes,discontinue all operations in Russia
Aegon,Netherlands,Financials,A,A,sold,yes,2022-12-24,2022-12-24,yes,Sold exposure
AerCap,Ireland,Industrials,A,A,other,yes,2022-12-24,2022-12-24,yes,cease leasing activity with Russian airlines
Agilent,United States,Information Technology,A,,suspended,no,2023-08-23,2023-08-23,no,Fully stop all business in Russia
Agrokoncernas,Lithuania,Industrials,A,,suspended,no,2023-08-23,2023-08-23,no,Fully stop all business in Russia
Aimbridge | Interstate Hotels,United States,Consumer Discretionary,A,F,suspended,yes,2023-08-23,2023-08-23,no,Suspended all operations
Air Lease,United States,Industrials,A,,suspended,no,2023-08-23,2023-08-23,no,Fully stop all business in Russia
Air Liquide,France,Materials,A,D,sold,yes,2023-08-23,2023-08-23,no,Withdrawal from Russia
Air Products,United States,Materials,A,A,sold,yes,2022-12-24,2022-12-24,yes,full divestiture from Russia
AirBaltic,Latvia,Industrials,A,A,sold,yes,2022-12-24,2022-12-24,yes,leave Russian market until further notice
Akvelon,United States,Information Technology,A,A,sold,yes,2022-12-24,2022-12-24,yes,close offices in Moscow
Alcoa,United States,Materials,A,A,other,yes,2022-12-24,2022-12-24,yes,"cease buying raw materials from, or selling our products to, Russian businesses"
Aldi,Germany,Consumer Staples,A,A,other,yes,2022-12-24,2022-12-24,yes,remove products from Russia
Allegro,Poland,Consumer Discretionary,A,A,other,yes,2022-12-24,2022-12-24,yes,bans Russian &amp; Belarussian products
Allen &amp; Overy,United Kingdom,Industrials,A,,sold,no,2023-08-23,2023-08-23,no,wind down Russian operations
AmRest,Spain,Consumer Discretionary,A,C,sold,yes,2023-08-23,2023-08-23,no,Fully exit Russia after selling its operations
Amedia,Norway,Communication Services,A,,sold,no,2023-08-23,2023-08-23,no,Fully exit Russia after selling its operations
American Airlines,United States,Industrials,A,A,other,yes,2022-12-24,2022-12-24,yes,end agreements with Russian airlines
Ametek,United States,Industrials,A,A,other,yes,2022-12-24,2022-12-24,yes,closing TPM Russia subsidiary due to war in Ukraine
Amsted Rail,United States,Industrials,A,A,sold,yes,2022-12-24,2022-12-24,yes,exit Russia completely
Amway,United States,Consumer Staples,A,B,suspended,yes,2023-08-23,2022-12-24,no,Ceased operations in Russia
Ansell,Australia,Industrials,A,,sold,no,2023-08-23,2023-08-23,no,Fully exit Russia after selling its operations
Arconic,United States,Materials,A,D,sold,yes,2023-08-23,2023-08-23,no,Exited Russia
Arendt &amp; Medernach,Luxembourg,Industrials,A,,suspended,no,2023-08-23,2023-08-23,no,pull out of Russia; close Russian office and suspend select Russian client engagements
Arrival,United Kingdom,Consumer Discretionary,A,,sold,no,2023-08-23,2023-08-23,no,Fully exit Russia after selling its operations
Asda,United Kingdom,Consumer Staples,A,A,other,yes,2022-12-24,2022-12-24,yes,remove products from Russia
Asics,Japan,Consumer Discretionary,A,F,suspended,yes,2023-08-23,2023-08-23,no,Ceased all business operations in Russia
Aspo,Finland,Industrials,A,C,sold,yes,2023-08-23,2023-08-23,no,Exited Russia Market
Assicurazioni Generali,Italy,Financials,A,A,sold,yes,2022-12-24,2022-12-24,yes,exit Russia completely
Atos,France,Information Technology,A,A,other,yes,2022-12-24,2022-12-24,yes,exit from Russia
Atria,Finland,Consumer Staples,A,A,other,yes,2022-12-24,2022-12-24,yes,exit business in Russia
Autogrill,Italy,Consumer Discretionary,A,,sold,no,2023-08-23,2023-08-23,no,Fully exit Russia after selling its operations
Avantor,United States,Health Care,A,,other,no,2023-08-23,2023-08-23,no,"Discontinued all sales into Russia, direct and indirect"
Avaya,United States,Information Technology,A,C,other,yes,2023-08-23,2023-08-23,no,Left Russia
Avery Dennison,United States,Materials,A,A,other,yes,2022-12-24,2022-12-24,yes,exit Russian operations
Avid,United States,Information Technology,A,A,other,yes,2022-12-24,2022-12-24,yes,"cease all sales and support to all customers, users and resellers in Russia &amp; Belarus"
Aviva,United Kingdom,Financials,A,A,sold,yes,2022-12-24,2022-12-24,yes,Exited all equity and debt positions
BASF SE,Germany,Materials,A,A,sold,yes,2022-12-24,2022-12-24,yes,wind down Russian operations
BBDO,United States,Industrials,A,A,other,yes,2022-12-24,2022-12-24,yes,exit Russian operations
BSI,United Kingdom,Industrials,A,,suspended,no,2023-08-23,2023-08-23,no,Fully stop all business in Russia
Badoo,United Kingdom,Industrials,A,,suspended,no,2023-08-23,2023-08-23,no,Fully stop all business in Russia
Baker Botts,United States,Industrials,A,A,sold,yes,2022-12-24,2022-12-24,yes,wind down Moscow office
Baker Hughes,United States,Energy,A,B,other,yes,2023-08-23,2022-12-24,no,no longer provide engineering services to Russian LNG developers
Baker McKenzie,United States,Industrials,A,A,other,yes,2022-12-24,2022-12-24,yes,cease operations in Russia and transfer them to an independent entity
Baker Tilly,United Kingdom,Financials,A,A,sold,yes,2022-12-24,2022-12-24,yes,gradual wind down of operations in Russia
Bakoma,Poland,Consumer Staples,A,A,sold,yes,2022-12-24,2022-12-24,yes,withdraw from Russia completely prior to aggression
Ball Corporation,United States,Materials,A,A,sold,yes,2022-12-24,2022-12-24,yes,Fully exited Russia
BaseTrack,Estonia,Information Technology,A,,sold,no,2023-08-23,2023-08-23,no,Fully exit Russia after selling its operations
Beam Suntory,Japan,Consumer Staples,A,,sold,no,2023-08-23,2023-08-23,no,Fully exit Russia after selling its operations
Bellona,Norway,NGO,A,,sold,no,2023-08-23,2023-08-23,no,Fully exit Russia after selling its operations
Bentley Systems,United States,Information Technology,A,B,other,yes,2023-08-23,2022-12-24,no,Ended operations in Russia
Bestseller,Denmark,Consumer Discretionary,A,A,suspended,yes,2022-12-24,2022-12-24,yes,stop all sales to Russia through distributors
Bet356,United Kingdom,Consumer Discretionary,A,,suspended,no,2023-08-23,2023-08-23,no,Fully stop all business in Russia
BioMar,Danish,Industrials,A,,other,no,2023-08-23,2023-08-23,no,No longer doing business in Russia
BlackRock,United States,Financials,A,A,other,yes,2022-12-24,2022-12-24,yes,curtail Russian access to capital markets
Blockchain.com,Luxembourg,Information Technology,A,,suspended,no,2023-08-23,2023-08-23,no,Fully stop all business in Russia
Bolt,Estonia,Information Technology,A,D,other,yes,2023-08-23,2023-08-23,no,Liquidating remaining entity
Bonava,Sweden,Real Estate,A,A,sold,yes,2022-12-24,2022-12-24,yes,close operations in Russia
Booking,United States,Consumer Discretionary,A,B,suspended,yes,2023-08-23,2022-12-24,no,Suspended operations in Russia
Boreo,Finland,Industrials,A,,sold,no,2023-08-23,2023-08-23,no,Fully exit Russia after selling its operations
Bose,United States,Information Technology,A,A,suspended,yes,2022-12-24,2022-12-24,yes,stop all product shipments
Boskalis,Netherlands,Industrials,A,A,other,yes,2022-12-24,2022-12-24,yes,exit Russian  Arctic LNG 2 project
Breitling SA,Switzerland,Consumer Discretionary,A,,sold,no,2023-08-23,2023-08-23,no,Fully exit Russia after selling its operations
Bristol-Myers Squibb,United States,Health Care,A,D,sold,yes,2023-08-23,2023-08-23,no,transfer business and exit completely
British American Tobacco,United Kingdom,Consumer Staples,A,A,other,yes,2022-12-24,2022-12-24,yes,exit Russian operations
British Petroleum (BP),United Kingdom,Energy,A,,sold,no,2023-08-23,2023-08-23,no,Will divest from 20% Rosneft stake
British Standards Institution (BSI),United Kingdom,Industrials,A,A,other,yes,2022-12-24,2022-12-24,yes,terminate all contractual relations &amp; discontinue services in Russia
Broadridge Financial Solutions,United States,Financials,A,,sold,no,2023-08-23,2023-08-23,no,Fully exit Russia after selling its operations
Bruker,United States,Industrials,A,,suspended,no,2023-09-22,2023-09-22,no,Ceased operations in Russia
Brunel,Netherlands,Industrials,A,,sold,no,2023-08-23,2023-08-23,no,Fully exit Russia after selling its operations
Bryan Cave,United States,Industrials,A,A,other,yes,2022-12-24,2022-12-24,yes,exit Russian operations; local partners and counsel form new firms
Bumble,United States,Communication Services,A,A,other,yes,2022-12-24,2022-12-24,yes,remove apps from app stores
Bunge,United States,Consumer Staples,A,C,sold,yes,2023-08-23,2023-08-23,no,Sold Russian Business
CBC,Canada,Communication Services,A,,other,no,2023-08-23,2023-08-23,no,Cease all reporting from Russia and all presence
CCC,Poland,Consumer Discretionary,A,B,sold,yes,2023-08-23,2022-12-24,no,Left Russia. Sold Subsidary
CD Projekt,Poland,Communication Services,A,B,other,yes,2023-08-23,2022-12-24,no,Halts all sales of products in Russia &amp; Belarus
CERN,Switzerland,NGO,A,B,other,yes,2023-08-23,2022-12-24,no,Will end cooperation with Russia in 2024
CFA Institute,United States,NGO,A,,other,no,2023-08-23,2023-08-23,no,Cease all business in Russia
CMA CGM,France,Industrials,A,B,other,yes,2023-08-23,2022-12-24,no,Completes Russia Exit
CMS,Germany,Industrials,A,A,other,yes,2022-12-24,2022-12-24,yes,transfer Russian practice to local partners and counsel
CRH,Ireland,Materials,A,A,sold,yes,2022-12-24,2022-12-24,yes,withdrawal from Russia
Cadence,United States,Information Technology,A,A,other,yes,2022-12-24,2022-12-24,yes,terminate operations in Russia
Calrec,United Kingdom,Consumer Discretionary,A,,other,no,2023-08-23,2023-08-23,no,Cease all commercial activity with Russia
Canara,India,Financials,A,,sold,no,2023-08-23,2023-08-23,no,Fully exit Russia after selling its operations
Canva,Australia,Information Technology,A,A,sold,yes,2022-12-24,2022-12-24,yes,withdraw from Russia
Cargotec,Finland,Industrials,A,B,other,yes,2023-08-23,2022-12-24,no,Ramped Down Business
Carlsberg,Denmark,Consumer Staples,A,A,seized,yes,2022-12-24,2022-12-24,yes,Finalises Russian asset sale to local buyer
Carnival,United States,Consumer Discretionary,A,A,other,yes,2022-12-24,2022-12-24,yes,discontinue Russia itineraries
Caverion,Finland,Industrials,A,,sold,no,2023-08-23,2023-08-23,no,Withdrew from Russia
Centrica,United Kingdom,Utilities,A,A,other,yes,2022-12-24,2022-12-24,yes,exit gas supply partnership with Gazprom
Chanel,France,Consumer Discretionary,A,B,suspended,yes,2023-08-23,2022-12-24,no,Stopped selling in Russia and to those with intent to sell in Russia
Chapman Freeborn,United Kingdom,Industrials,A,A,other,yes,2022-12-24,2022-12-24,yes,Cease business operation in Russia
Charles Schwab,United States,Financials,A,,other,no,2023-08-23,2023-08-23,no,Limit access to Russian capital markets
Ciech,Poland,Materials,A,A,suspended,yes,2022-12-24,2022-12-24,yes,suspended Russian exports
Cisco,United States,Information Technology,A,A,sold,yes,2022-12-24,2022-12-24,yes,orderly wind down Russian operations
Citi,United States,Financials,A,B,other,yes,2024-02-25,2022-12-24,no,Ending all its institutional banking services and ATMs in Russia
Clarivate,United Kingdom,Industrials,A,A,other,yes,2022-12-24,2022-12-24,yes,exit Russian operations
Cleaves,Norway,Financials,A,,suspended,no,2023-08-23,2023-08-23,no,Fully stop all business in Russia
Clifford Chance,United Kingdom,Industrials,A,A,sold,yes,2022-12-24,2022-12-24,yes,wind down operations in Moscow; local partners and counsels form own firm
Colliers,Canada,Real Estate,A,A,other,yes,2022-12-24,2022-12-24,yes,discontinue business in Russia
Columbus,Denmark,Information Technology,A,,sold,no,2023-08-23,2023-08-23,no,Withdrew from Russia
Comarch,Poland,Information Technology,A,A,other,yes,2022-12-24,2022-12-24,yes,halts orders from Russia &amp; Belarus
Commvault,United States,Information Technology,A,,sold,no,2023-08-23,2023-08-23,no,fully wind down Russian business
Compass Group,United Kingdom,Consumer Staples,A,A,other,yes,2022-12-24,2022-12-24,yes,permanently exit Russian market
Compass Mining,United States,Financials,A,,other,no,2023-08-23,2023-08-23,no,Terminate all Russian partnerships and business
Coop,Switzerland,Financials,A,A,sold,yes,2022-12-24,2022-12-24,yes,fully divest Russian operations Transgourmet via management buyout
Corteva,United States,Consumer Staples,A,,other,no,2023-08-23,2023-08-23,no,Stoped production and business activities in Russia
Coty,United States,Consumer Staples,A,A,sold,yes,2022-12-24,2022-12-24,yes,wind down Russian business
Covestro,Germany,Materials,A,A,suspended,yes,2022-12-24,2022-12-24,yes,Ceased Business Activity in Russia
Cummins,United States,Industrials,A,A,other,yes,2022-12-24,2022-12-24,yes,exit Russian operations
Currency.com,United Kingdom,Financials,A,A,other,yes,2022-12-24,2022-12-24,yes,halting operations for residents of Russian
Cushman &amp; Wakefield,United States,Real Estate,A,,other,no,2023-08-23,2023-08-23,no,close office in Russia; transfer to local partner
Cyfrowy Polsat,Poland,Communication Services,A,A,other,yes,2022-12-24,2022-12-24,yes,removing Russian TV channels from the offer
DDB,United States,Materials,A,A,other,yes,2022-12-24,2022-12-24,yes,exit Russian operations
DLA Piper,United States,Industrials,A,A,sold,yes,2022-12-24,2022-12-24,yes,withdrawing from Russia
DMG Mori,Japan,Industrials,A,B,sold,yes,2023-08-23,2022-12-24,no,Withdrew business in Russia
DP Eurasia,Netherlands,Consumer Staples,A,,other,no,2023-09-22,2023-09-22,no,Closure of Russian Business
DPD,Germany,Industrials,A,A,sold,yes,2022-12-24,2022-12-24,yes,withdrawal from the Russian market
DWS,Germany,Financials,A,,other,no,2023-08-23,2023-08-23,no,End Russian products
DXC Technology,United States,Information Technology,A,A,other,yes,2022-12-24,2022-12-24,yes,leaving Russia completely
Daikin,Japan,Industrials,A,,other,no,2023-08-23,2023-08-23,no,End all Russian business
Danfoss,Denmark,Industrials,A,A,sold,yes,2022-12-24,2022-12-24,yes,exit Russia completely
Dechert,United States,Industrials,A,A,other,yes,2022-12-24,2022-12-24,yes,close Russian office
Deezer,France,Communication Services,A,A,other,yes,2022-12-24,2022-12-24,yes,discontinue services in Russia
Deichmann,Germany,Consumer Discretionary,A,A,sold,yes,2022-12-24,2022-12-24,yes,withdraw from Russia
Dell,United States,Information Technology,A,B,suspended,yes,2023-08-23,2022-12-24,no,Ceased all operations
Deloitte,United States,Industrials,A,A,other,yes,2022-12-24,2022-12-24,yes,leaving Russia completely; local office launched own firm
Delta Air Lines,United States,Industrials,A,A,sold,yes,2022-12-24,2022-12-24,yes,withdraw codeshare services with Aeroflot
Dentsu International,United Kingdom,Communication Services,A,A,sold,yes,2022-12-24,2022-12-24,yes,divest joint venture/leave Russia
Deugro,Germany,Industrials,A,,sold,no,2023-08-23,2023-08-23,no,Fully exit Russia after selling its operations
Deutsche Bank,Germany,Financials,A,A,sold,yes,2022-12-24,2022-12-24,yes,wind down business in Russia
Deutsche Telekom,Germany,Communication Services,A,A,other,yes,2022-12-24,2022-12-24,yes,close Russian business
Digicert,United States,Information Technology,A,,suspended,no,2023-08-23,2023-08-23,no,Fully stop all business in Russia
Dino Polska,Poland,Consumer Staples,A,A,other,yes,2022-12-24,2022-12-24,yes,removed Russian products
Docker,United States,Information Technology,A,,other,no,2023-08-23,2023-08-23,no,End all business in Russia
Domino's Pizza,United States,Consumer Discretionary,A,D,other,yes,2023-08-23,2023-08-23,no,Closure of Russian Business
Donaldson Company,United States,Industrials,A,C,other,yes,2023-08-23,2023-08-23,no,Terminated Operations
Dr. Oetker,Germany,Consumer Staples,A,A,other,yes,2022-12-24,2022-12-24,yes,stops sales and production in Russia; transferred ownership of production facilities
Draftkings,United States,Consumer Discretionary,A,,other,no,2023-08-23,2023-08-23,no,Limit business access in Russia
Duisburger Hafen,Germany,Industrials,A,,other,no,2023-08-23,2023-08-23,no,End all shipments with Russia and Belarus
ELA Container,Germany,Industrials,A,F,sold,yes,2023-08-23,2023-08-23,no,Sold Russian subsidary. Exiting market
ELKO Group,Latvia,Information Technology,A,A,other,yes,2022-12-24,2022-12-24,yes,leave Russia
ENEOS,Japan,Energy,A,A,other,yes,2022-12-24,2022-12-24,yes,discontinue purchases of Russian crude
EPAM,United States,Information Technology,A,A,other,yes,2022-12-24,2022-12-24,yes,discontinue servicing Russian customers
EY,United States,Industrials,A,A,other,yes,2022-12-24,2022-12-24,yes,leaving Russia completely
EarthDaily Analytics,United States,Industrials,A,A,other,yes,2022-12-24,2022-12-24,yes,terminate operations in Russia
Eastnine,Sweden,Industrials,A,,sold,no,2023-08-23,2023-08-23,no,Fully exit Russia after selling its operations
Edeka,Germany,Consumer Staples,A,A,other,yes,2022-12-24,2022-12-24,yes,remove Russian food from store shelves
Ejot,Germany,Industrials,A,,sold,no,2023-08-23,2023-08-23,no,Withdrew from Russia
Electronic Arts,United States,Communication Services,A,A,other,yes,2022-12-24,2022-12-24,yes,make new game purchases unavailable in Russia
Elisa Esports,Finland,NGO,A,A,other,yes,2022-12-24,2022-12-24,yes,ban Russian teams from participating in tournaments
Elopak,Norway,Materials,A,B,sold,yes,2023-08-23,2022-12-24,no,Fully exit Russia after selling its operations
Emerson Electric,United States,Industrials,A,A,other,yes,2022-12-24,2022-12-24,yes,exit Russian business
Endeavour Group,Australia,Consumer Staples,A,,suspended,no,2023-08-23,2023-08-23,no,Stop transacting with all Russian products
Enel,Italy,Utilities,A,A,sold,yes,2022-12-24,2022-12-24,yes,divest from the entire Russian stakes
EnerSys,United States,Industrials,A,,other,no,2023-08-23,2023-08-23,no,End Russian operations
Energizer,United States,Industrials,A,,sold,no,2023-08-23,2023-08-23,no,Fully exit Russia after selling its operations
Eni,Italy,Energy,A,C,sold,yes,2023-08-23,2023-08-23,no,suspend stipulation of new oil contracts; divest from investments for rubles
Equinor,Norway,Energy,A,A,other,yes,2022-12-24,2022-12-24,yes,exit joint ventures in Russia
Espersen,Denmark,Consumer Staples,A,,sold,no,2023-08-23,2023-08-23,no,Fully exit Russia after selling its operations
Essity,,,A,,sold,no,2023-08-23,2023-08-23,no,Divested its operations in Russia
Etsy,United States,Consumer Discretionary,A,A,other,yes,2022-12-24,2022-12-24,yes,deactivate all listings from Russian sellers
Euroins,Bulgaria,Financials,A,,sold,no,2023-08-23,2023-08-23,no,Fully exit Russia after selling its operations
Euronet Worldwide,United States,Financials,A,,other,no,2023-09-22,2023-09-22,no,Closed locations in Russia
Eurovision,United Kingdom,NGO,A,A,other,yes,2022-12-24,2022-12-24,yes,ban on all Russian competition
Eversheds Sutherland,United Kingdom,Industrials,A,A,other,yes,2022-12-24,2022-12-24,yes,close Russia office; transfer Russia practice to local partners and counsels
Evonik,Germany,Materials,A,A,sold,yes,2022-12-24,2022-12-24,yes,withdraw from Russia
Expedia,United States,Consumer Discretionary,A,A,suspended,yes,2022-12-24,2022-12-24,yes,Suspend bookings in Russia
Exxonmobil,United States,Energy,A,,other,no,2023-08-23,2023-08-23,no,exit Rosneft partnership
FICO,United States,Information Technology,A,A,other,yes,2022-12-24,2022-12-24,yes,exiting all work in Russia
FL Smidth,Denmark,Industrials,A,D,other,yes,2023-08-23,2023-08-23,no,No longer any activities in Russia
FMC Corporation,United States,Materials,A,A,other,yes,2022-12-24,2022-12-24,yes,discontinue all business and operations
Fantasy Premier League,United Kingdom,Consumer Discretionary,A,,suspended,no,2023-08-23,2023-08-23,no,Suspend all users from Russia
Faurecia | Forvia,France,Consumer Discretionary,A,,other,no,2023-08-23,2023-08-23,no,Faurecia has decided to disengage from Russia and completed depreciation of related assets
Fazer,Finland,Consumer Staples,A,A,sold,yes,2022-12-24,2022-12-24,yes,exit Russia
Fennovoima,Finland,Energy,A,A,other,yes,2022-12-24,2022-12-24,yes,terminate Russian nuclear power plant project
Fiskars,Finland,Consumer Discretionary,A,A,sold,yes,2022-12-24,2022-12-24,yes,withdraw completely from the Russian market
Five9,United States,Information Technology,A,,other,no,2023-08-23,2023-08-23,no,Fully close all Russian operations
Flowserve,United States,Industrials,A,A,sold,yes,2022-12-24,2022-12-24,yes,exit Russia completely
Fonterra,New Zealand,Consumer Staples,A,A,other,yes,2022-12-24,2022-12-24,yes,exit its businesses in Russia
Ford,United States,Consumer Discretionary,A,A,sold,yes,2022-12-24,2022-12-24,yes,Sold Joint Venture
Formula One,United Kingdom,Communication Services,A,A,other,yes,2022-12-24,2022-12-24,yes,terminate contract with the Russian Grand Prix promoter
Fortum,Finland,Utilities,A,A,seized,yes,2022-12-24,2022-12-24,yes,exit Russian market
Freedom Holding,Kazakhstan,Financials,A,A,sold,yes,2022-12-24,2022-12-24,yes,Sold Russian subsidiaries
Freshfields,United Kingdom,Industrials,A,A,sold,yes,2022-12-24,2022-12-24,yes,closing business in Russia
Fugro,Netherlands,Industrials,A,B,suspended,yes,2023-08-23,2022-12-24,no,suspend all projects in Russia
Fujifilm,Japan,Information Technology,A,D,suspended,yes,2023-08-23,2023-08-23,no,Suspended some shipments
G2A,Netherlands,Communication Services,A,A,other,yes,2022-12-24,2022-12-24,yes,block marketplace for Russian users
GC Rieber,Norway,Industrials,A,,other,no,2023-08-23,2023-08-23,no,Fully end all Russian business
GM,United States,Consumer Discretionary,A,B,suspended,yes,2023-08-23,2022-12-24,no,suspend all shipments to Russia
GXO Logistics,United States,Industrials,A,D,other,yes,2024-02-25,2024-02-25,no,Ended business
Galp,Portugal,Energy,A,B,suspended,yes,2023-08-23,2022-12-24,no,suspend Russian oil-product purchases; eliminate Russian exposure
Game Insight,Lithuania,Consumer Discretionary,A,,other,no,2023-08-23,2023-08-23,no,Fully liquidate Russian operations
Gameloft,France,Information Technology,A,A,other,yes,2022-12-24,2022-12-24,yes,make company's games unavailable in Russia
Garmin,United States,Consumer Discretionary,A,C,suspended,yes,2023-08-23,2023-08-23,no,stop all future trade with Russia
Gaz-System,Poland,Utilities,A,A,suspended,yes,2022-12-24,2022-12-24,yes,stopped gas imports
Geberit,Switzerland,Industrials,A,B,other,yes,2023-08-23,2022-12-24,no,discontinue all operations in Russia
Georg Fischer,Switzerland,Industrials,A,C,other,yes,2025-05-21,2025-05-21,no,Ended its trading operations in Russia and closed office in Moscow
Gerry Weber,Germany,Consumer Discretionary,A,,sold,no,2024-01-10,2024-01-10,no,Sold Russian Business
Gett,Israel,Industrials,A,,other,no,2023-08-23,2023-08-23,no,Fully terminate all Russian business
Global Fashion Group,Luxembourg,Consumer Discretionary,A,F,sold,yes,2023-08-23,2023-08-23,no,Fully exit Russia after selling its operations
Global Foundries,United States,Information Technology,A,A,suspended,yes,2022-12-24,2022-12-24,yes,suspend all shipments to Russia
GoDaddy,United States,Information Technology,A,A,other,yes,2022-12-24,2022-12-24,yes,discontinue all Russian services
Goodvalley,Denmark,Consumer Staples,A,,sold,no,2023-08-23,2023-08-23,no,Fully exit Russia after selling its operations
Gowling,Canada,Industrials,A,A,suspended,yes,2022-12-24,2022-12-24,yes,Stopped business in Russia
Grant Thornton,United States,Industrials,A,A,sold,yes,2022-12-24,2022-12-24,yes,closing business in Russia
Grid Dynamics,United States,Information Technology,A,A,sold,yes,2022-12-24,2022-12-24,yes,close offices in Russia &amp; cease all operations
Grundfos,Denmark,Industrials,A,A,other,yes,2022-12-24,2022-12-24,yes,Closes business in Russia and Belarus
H&amp;M,Sweden,Consumer Discretionary,A,,sold,no,2023-08-23,2023-08-23,no,Winding down business entirely
HP Enterprise (Independent from HP Inc.),United States,Information Technology,A,A,sold,yes,2022-12-24,2022-12-24,yes,exit Russia &amp; Belarus
HP Inc.,United States,Information Technology,A,A,other,yes,2022-12-24,2022-12-24,yes,shut down business in Russia
Halewood,United Kingdom,Consumer Staples,A,,other,no,2023-08-23,2023-08-23,no,Fully pull out of Russia
Halliburton,United States,Energy,A,A,other,yes,2022-12-24,2022-12-24,yes,No longer conducts operations in Russia
Halyk Bank,Kazakhstan,Financials,A,,sold,no,2023-08-23,2023-08-23,no,Fully exit Russia after selling its operations
Hampidjan,Iceland,Industrials,A,F,sold,yes,2023-08-23,2023-08-23,no,full withdrawal
Haniel,Germany,Materials,A,A,other,yes,2022-12-24,2022-12-24,yes,unwind all Russian business
Hansgrohe,Germany,Consumer Discretionary,A,,other,no,2023-08-23,2023-08-23,no,cease all activities with Russia
Hard Rock Café,United States,Consumer Staples,A,D,other,yes,2023-08-23,2023-08-23,no,fully close all stores in Russia
Harvia,Finland,Consumer Discretionary,A,,sold,no,2023-08-23,2023-08-23,no,Withdrew from Russia
Hays plc,United Kingdom,Industrials,A,A,other,yes,2022-12-24,2022-12-24,yes,close Russian business
Hearst Communications,United States,Communication Services,A,A,other,yes,2022-12-24,2022-12-24,yes,terminate the licensing agreements &amp; turn over its equity to Russian subsidiary
Heidrick &amp; Struggles,United States,Industrials,A,,suspended,no,2023-08-23,2023-08-23,no,ceased all operations in Russia
Heineken,Netherlands,Consumer Staples,A,A,sold,yes,2022-12-24,2022-12-24,yes,Sold all operations in Russia
Heinzmann,Germany,Industrials,A,,other,no,2023-08-23,2023-08-23,no,End all Russian deliveries
Hempel,Denmark,Industrials,A,A,sold,yes,2022-12-24,2022-12-24,yes,exit Russia
Henkel,Germany,Consumer Staples,A,A,other,yes,2022-12-24,2022-12-24,yes,exit business activities in Russia
Herbert Smith Freehills,Australia,Industrials,A,A,other,yes,2022-12-24,2022-12-24,yes,Ended operations in Russia; local partners and counsels open independent firm
Hertz,United States,Consumer Discretionary,A,A,sold,yes,2022-12-24,2022-12-24,yes,completely withdrawn from Russia
Hesburger,Finland,Consumer Discretionary,A,A,sold,yes,2022-12-24,2022-12-24,yes,withdraw from Russia
Hogan Lovells,United Kingdom,Industrials,A,A,other,yes,2022-12-24,2022-12-24,yes,exit Russian operations
Holcim,Switzerland,Materials,A,A,other,yes,2022-12-24,2022-12-24,yes,exit Russian market completely
Home Credit,Czech Republic,Financials,A,,sold,no,2023-08-23,2023-08-23,no,Fully exit Russia after selling its operations
Honeywell,United States,Industrials,A,B,sold,yes,2023-08-23,2022-12-24,no,Wind down all business
Hortex,Poland,Consumer Staples,A,,sold,no,2023-08-23,2023-08-23,no,Fully exit Russia after selling its operations
Houthoff,Netherlands,Industrials,A,A,other,yes,2022-12-24,2022-12-24,yes,terminate all relationships with Russia
Huhtamaki,Finland,Materials,A,A,sold,yes,2022-12-24,2022-12-24,yes,divest Russian operations
Hypertherm Associates,Netherlands,Industrials,A,,other,no,2023-08-23,2023-08-23,no,Fully close all Russian offices
Hyve,United Kingdom,Consumer Discretionary,A,,sold,no,2023-08-23,2023-08-23,no,Withdrew from Russia
IBM,United States,Information Technology,A,A,sold,yes,2022-12-24,2022-12-24,yes,wind down business in Russia
ID Logistics,France,Industrials,A,D,other,yes,2025-05-21,2025-05-21,no,Ended all activity in Russia
IDEXX Labs,United States,Health Care,A,A,sold,yes,2022-12-24,2022-12-24,yes,wind down operations &amp; liquidate subsidiary
IMAX,Canada,Consumer Discretionary,A,,sold,no,2023-08-23,2023-08-23,no,Fully exit Russia
IMCD,Netherlands,Industrials,A,A,sold,yes,2022-12-24,2022-12-24,yes,withdraw from Russia completely
IMI Plc,United Kingdom,Materials,A,,sold,no,2023-08-23,2023-08-23,no,Withdrew from Russia
ISS,Denmark,Industrials,A,A,sold,yes,2022-12-24,2022-12-24,yes,ISS divested its Russian activities during March and is no longer active in Russia
Icosagen,Estonia,Industrials,A,D,other,yes,2023-08-23,2023-08-23,no,Ended business in Russia and Belarus
Ikea,Sweden,Consumer Discretionary,A,A,sold,yes,2022-12-24,2022-12-24,yes,Closed stores and sold factory.
Imperial Brands,United Kingdom,Consumer Staples,A,A,other,yes,2022-12-24,2022-12-24,yes,transfer Russian business to local partners
InPost,Poland,Industrials,A,A,suspended,yes,2022-12-24,2022-12-24,yes,stop purchasing services/goods from Russian &amp; Belorussian companies
Inchcape,United Kingdom,Industrials,A,,sold,no,2023-08-23,2023-08-23,no,Withdrew from Russia
Incoff Aerospace,Slovakia,Industrials,A,A,other,yes,2022-12-24,2022-12-24,yes,no longer trade with the Russians
Inditex,Spain,Consumer Discretionary,A,B,suspended,yes,2023-08-23,2022-12-24,no,close Russian stores and suspend sales
Infineon,Germany,Information Technology,A,A,other,yes,2022-12-24,2022-12-24,yes,liquidate Russian entity
Insydium,United Kingdom,Industrials,A,,other,no,2023-08-23,2023-08-23,no,Forgo all Russian licenses
Intercontinental Exchange,United States,Financials,A,A,other,yes,2022-12-24,2022-12-24,yes,curtail Russian access to capital markets
Intercontinental Hotels (IHG),United Kingdom,Consumer Discretionary,A,A,suspended,yes,2022-12-24,2022-12-24,yes,Ceased operations in Russia
International Biathlon Union,Austria,NGO,A,C,other,yes,2023-08-23,2023-08-23,no,Russians to compete as neutral athletes
International Boxing Federation,France,NGO,A,A,other,yes,2022-12-24,2022-12-24,yes,ban on all Russian competition
International Cat Federation,Canada,NGO,A,A,other,yes,2022-12-24,2022-12-24,yes,ban Russian cats from competitions
International Cycling Union,United States,NGO,A,A,other,yes,2022-12-24,2022-12-24,yes,ban on all Russian competition
International Ice Hockey Federation,Switzerland,NGO,A,A,other,yes,2022-12-24,2022-12-24,yes,ban on all Russian competition
International Olympic Committee,Switzerland,NGO,A,A,other,yes,2022-12-24,2022-12-24,yes,ban Russian athletes from competing
International Paper,United States,Materials,A,F,sold,yes,2023-08-23,2023-08-23,no,Fully exit Russia after selling its operations
International Paralympic Committee,Germany,NGO,A,B,other,yes,2023-08-23,2022-12-24,no,bar Russian athletes
International Skating Union,Switzerland,NGO,A,A,other,yes,2022-12-24,2022-12-24,yes,ban on all Russian competition
International Weightlifting Federation,Switzerland,NGO,A,A,other,yes,2022-12-24,2022-12-24,yes,ban on all Russian competition
Interpublic Group,United States,Communication Services,A,A,other,yes,2022-12-24,2022-12-24,yes,exit Russian operations
Intracom Telecom,Greece,Communication Services,A,,sold,no,2023-08-23,2023-08-23,no,Withdrew from Russia
Iveco,Italy,Industrials,A,C,sold,yes,2023-08-23,2023-08-23,no,Fully exit Russia after selling its operations
J Sainsbury,United Kingdom,Consumer Staples,A,A,other,yes,2022-12-24,2022-12-24,yes,remove products from Russia
JD Sports,United Kingdom,Consumer Discretionary,A,B,suspended,yes,2023-08-23,2022-12-24,no,suspend operations in Russia
JKX,United Kingdom,Energy,A,,other,no,2025-05-21,2025-05-21,no,Disposing of all its Russian assets
JLL,United States,Real Estate,A,A,other,yes,2022-12-24,2022-12-24,yes,separate operations in Russia
JYSK,Denmark,Consumer Discretionary,A,B,other,yes,2023-08-23,2022-12-24,no,temporarily close Russian stores
Jabil,United States,Information Technology,A,A,other,yes,2022-12-24,2022-12-24,yes,closed its site in Russia
Jamie Oliver,United Kingdom,Consumer Staples,A,A,other,yes,2022-12-24,2022-12-24,yes,exit franchise agreement
Jan de Nul,Luxembourg,Industrials,A,A,sold,yes,2022-12-24,2022-12-24,yes,close rep office and withdraw ships
JetBrains,Czech Republic,Information Technology,A,A,suspended,yes,2022-12-24,2022-12-24,yes,suspend all activity indefinitely
John Wood Group,United Kingdom,Industrials,A,A,sold,yes,2022-12-24,2022-12-24,yes,withdraw from Russia
Johnson Matthey,United Kingdom,Materials,A,,other,no,2023-08-23,2023-08-23,no,leave Russia and end all business there
Jotun,Norway,Materials,A,,suspended,no,2023-08-23,2023-08-23,no,Suspend business in Russia
Jägermeister,Germany,Consumer Staples,A,A,suspended,yes,2022-12-24,2022-12-24,yes,Fully stopped business in Russia
KION Group,Germany,Industrials,A,F,sold,yes,2023-08-23,2023-08-23,no,Fully exit Russia after selling its operations
KLP,Norway,Financials,A,A,other,yes,2022-12-24,2022-12-24,yes,exit all investment holdings in Russia
KPMG,United States,Industrials,A,A,other,yes,2022-12-24,2022-12-24,yes,leaving Russia completely
Kalnapilis-Taurus,Lithuania,Consumer Staples,A,A,other,yes,2022-12-24,2022-12-24,yes,termination of export ties and production in Russian Market
Kamstrup,Denmark,Utilities,A,,sold,no,2023-08-23,2023-08-23,no,Completely exit Russia
Kearney,United States,Industrials,A,A,sold,yes,2022-12-24,2022-12-24,yes,officially withdrawn from Russia
Kelly,United States,Industrials,A,A,other,yes,2022-12-24,2022-12-24,yes,leave Russia &amp; transition operations
Kemira,Finland,Consumer Discretionary,A,A,sold,yes,2022-12-24,2022-12-24,yes,exit Russia completely
Kennametal,United States,Industrials,A,,sold,no,2023-08-23,2023-08-23,no,Completely exit Russia
Kennedys,United States,Industrials,A,,sold,no,2023-08-23,2023-08-23,no,Fully exit Russia
Kesko,Finland,Consumer Staples,A,B,sold,yes,2023-08-23,2022-12-24,no,Withdrawn all business
Kiilto,Finland,Materials,A,A,sold,yes,2022-12-24,2022-12-24,yes,fully exited from Russia
Kingspan,Ireland,Industrials,A,A,sold,yes,2022-12-24,2022-12-24,yes,exit Russia
Kinross Gold,Canada,Materials,A,A,other,yes,2022-12-24,2022-12-24,yes,complete exit from Russia by selling Russian operations
Knorr-Bremse,Germany,Industrials,A,A,other,yes,2022-12-24,2022-12-24,yes,will not deliver any more products or systems for Russian locomotives; end JVs
Koch Industries,United States,Industrials,A,A,other,yes,2022-12-24,2022-12-24,yes,sell Russian business to a local enterprise
Kofax,United States,Information Technology,A,A,other,yes,2022-12-24,2022-12-24,yes,curtail all sales of software and close sites in Russia
Koskisen,Finland,Industrials,A,,sold,no,2023-08-23,2023-08-23,no,Fully exit Russia after selling its operations
Krispy Kreme,United States,Consumer Discretionary,A,A,sold,yes,2022-12-24,2022-12-24,yes,winding down business in Russia
L'Occitane,France,Consumer Discretionary,A,A,other,yes,2022-12-24,2022-12-24,yes,exit Russian operations
LVMH,France,Consumer Discretionary,A,B,other,yes,2023-08-23,2022-12-24,no,end all operations in Russia
Lamb Weston,United States,Consumer Staples,A,A,other,yes,2022-12-24,2022-12-24,yes,exit Russian market
Latham &amp; Watkins,United States,Industrials,A,,sold,no,2023-08-23,2023-08-23,no,wind down Russian presence
Lear Corporation,United States,Consumer Discretionary,A,C,sold,yes,2023-08-23,2023-08-23,no,fully exit Russia
Legrand,France,Industrials,A,F,other,yes,2023-08-23,2023-08-23,no,Left Russia
Leica Camera AG,Germany,Information Technology,A,B,sold,yes,2023-08-23,2022-12-24,no,Fully withdrawn from Russia
Leptos Estates,Cyprus,Real Estate,A,F,other,yes,2023-08-23,2023-08-23,no,Operations closed down in Russia
Lifan,China,Consumer Discretionary,A,,sold,no,2023-08-23,2023-08-23,no,Fully exit Russia
Lincoln Electric,United States,Industrials,A,A,suspended,yes,2022-12-24,2022-12-24,yes,ceased all operations
Lindab,Sweden,Industrials,A,,sold,no,2023-08-23,2023-08-23,no,Fully exit Russia after selling its operations
Lindstrom Group,Finland,Consumer Discretionary,A,,sold,no,2023-08-23,2023-08-23,no,Withdrew from Russia
Lindt-Sprungli,Switzerland,Consumer Staples,A,B,suspended,yes,2023-08-23,2022-12-24,no,suspend operations in Russia
Linklaters,United Kingdom,Industrials,A,A,other,yes,2022-12-24,2022-12-24,yes,"end operations in Russia, with entities connected to the Russian state; local partners and counsel form own firm"
Lloyd's Register,United Kingdom,Industrials,A,A,sold,yes,2022-12-24,2022-12-24,yes,withdraw services to Russia
Logitech,Switzerland,Information Technology,A,B,suspended,yes,2023-08-23,2022-12-24,no,suspend shipments to Russia
London Stock Exchange Group,United Kingdom,Financials,A,A,other,yes,2022-12-24,2022-12-24,yes,curtail Russian access to capital markets
Lufthansa,Germany,Industrials,A,A,suspended,yes,2022-12-24,2022-12-24,yes,suspended flights and ended Russian aircraft maintenance
Luxoft,Switzerland,Information Technology,A,A,other,yes,2022-12-24,2022-12-24,yes,exit Russian market
LyondellBasell,Netherlands,Materials,A,C,other,yes,2023-08-23,2023-08-23,no,end all business
MAN,Germany,Industrials,A,B,other,yes,2023-08-23,2022-12-24,no,"end delivery, supply of trucks, and sales to Russia"
MSCI,United States,Financials,A,A,other,yes,2022-12-24,2022-12-24,yes,curtail Russian access to capital markets
MSU S.A.,Poland,Consumer Discretionary,A,A,suspended,yes,2022-12-24,2022-12-24,yes,ceased all business activities in Russia
Maersk,Denmark,Industrials,A,B,sold,yes,2023-08-23,2022-12-24,no,Divested all assets from Russia
Makrochem SA,Poland,Industrials,A,F,other,yes,2025-05-21,2025-05-21,no,Terminated all business with its Russian and Belarussian counterparts
Mannheimer Swartling,Sweden,Industrials,A,B,other,yes,2023-08-23,2022-12-24,no,end all operations
Mantsinen,Finland,Industrials,A,,sold,no,2023-08-23,2023-08-23,no,Fully exit Russia after selling its operations
Marsh McLennan,United States,Financials,A,A,sold,yes,2022-12-24,2022-12-24,yes,exit operations in Russia
Marugame,Japan,Consumer Staples,A,,sold,no,2023-08-23,2023-08-23,no,Fully exit Russia and end all franchises operating in Russia
Maxima,Lithuania,Consumer Discretionary,A,,other,no,2023-08-23,2023-08-23,no,Fully remove all Russian products and end Russian business
Mayr-Melnhof,United Kingdom,Materials,A,,sold,no,2023-08-23,2023-08-23,no,Fully exit Russia after selling its operations
McCain Foods,Canada,Consumer Staples,A,B,other,yes,2023-08-23,2022-12-24,no,end operations in Russia
McDonald's,United States,Consumer Discretionary,A,A,sold,yes,2022-12-24,2022-12-24,yes,leave the Russian market &amp; sell Russian business
McKinsey,United States,Industrials,A,A,other,yes,2022-12-24,2022-12-24,yes,exit Russian market completely
Mercedes-Benz,Germany,Consumer Discretionary,A,A,suspended,yes,2022-12-24,2022-12-24,yes,Stopped manufacturing and exporting and will sell shares in subsidies
MessageBird,Netherlands,Information Technology,A,A,other,yes,2022-12-24,2022-12-24,yes,"shut down API access, block SMS and voice traffic to Russian carriers"
Mondi,United Kingdom,Materials,A,A,other,yes,2022-12-24,2022-12-24,yes,sell Russian assets
Monroe Energy,United States,Energy,A,A,suspended,yes,2022-12-24,2022-12-24,yes,stop imports of Russian crude oil
Moog Inc.,United States,Industrials,A,A,other,yes,2022-12-24,2022-12-24,yes,exit Russian operations
Moose Toys,Australia,Consumer Discretionary,A,,other,no,2023-08-23,2023-08-23,no,Ended all shipments to Russia
Morgan Advanced Materials,United Kingdom,Industrials,A,A,other,yes,2022-12-24,2022-12-24,yes,cease all trading with Russia.
Morgan Lewis,United States,Industrials,A,A,other,yes,2022-12-24,2022-12-24,yes,close Russian offices
Morrisons,United Kingdom,Consumer Staples,A,A,other,yes,2022-12-24,2022-12-24,yes,remove products from Russia
NCAB Group AB,Sweden,Industrials,A,A,sold,yes,2022-12-24,2022-12-24,yes,sold assets and ceased operations in Russia
NTT Data,Japan,Information Technology,A,A,sold,yes,2022-12-24,2022-12-24,yes,exit Russia
Nasdaq,United States,Financials,A,A,other,yes,2022-12-24,2022-12-24,yes,curtail Russian access to capital markets
Naspers,South Africa,Consumer Discretionary,A,A,sold,yes,2022-12-24,2022-12-24,yes,Ended Operations. Sold Avito.
Nemetschek Group,Germany,Information Technology,A,C,other,yes,2025-05-21,2025-05-21,no,No longer engaged in any Russian business
Nemiroff,Ukraine,Consumer Staples,A,,other,no,2023-08-23,2023-08-23,no,Revoke all licenses related to Russia and end all business there
Netflix,United States,Communication Services,A,A,suspended,yes,2022-12-24,2022-12-24,yes,suspend service in Russia
Netscout,United States,Information Technology,A,A,suspended,yes,2022-12-24,2022-12-24,yes,"pause all sales, support, and services in Russia"
Next,United Kingdom,Consumer Discretionary,A,,sold,no,2023-08-23,2023-08-23,no,Fully wind down Russian business
Nike,United States,Consumer Discretionary,A,A,sold,yes,2022-12-24,2022-12-24,yes,exit Russia
Nissan,Japan,Consumer Discretionary,A,A,other,yes,2022-12-24,2022-12-24,yes,Exit from Russian Market
Nokia,Finland,Information Technology,A,A,other,yes,2022-12-24,2022-12-24,yes,pulling out of Russia completely
Nokian Tyres,Finland,Consumer Discretionary,A,C,other,yes,2023-08-23,2023-08-23,no,meaningfully reduce production in Russia
Nordea Bank,Finland,Financials,A,C,suspended,yes,2023-08-23,2023-08-23,no,Ceased all operations
Norton Rose Fulbright,United Kingdom,Industrials,A,A,other,yes,2022-12-24,2022-12-24,yes,exit from Russia
Norwegian Cruise Lines,United States,Consumer Discretionary,A,A,other,yes,2022-12-24,2022-12-24,yes,discontinue Russian itineraries
OBI,Germany,Consumer Discretionary,A,A,sold,yes,2022-12-24,2022-12-24,yes,Fully exit Russia after selling its operations
Oceania Cruises,United States,Consumer Discretionary,A,A,other,yes,2022-12-24,2022-12-24,yes,discontinue Russian itineraries
Oerlikon,Switzerland,Materials,A,A,other,yes,2022-12-24,2022-12-24,yes,sell Russian operations
Olam Group,Singapore,Consumer Staples,A,D,sold,yes,2023-08-23,2023-08-23,no,divest Russian operations
Omnicom Media Group,United States,Communication Services,A,A,other,yes,2022-12-24,2022-12-24,yes,exit Russian operations
Omron,Japan,Information Technology,A,,sold,no,2023-08-23,2023-08-23,no,fully wind down Russian business
OneWeb,United States,Communication Services,A,A,suspended,yes,2022-12-24,2022-12-24,yes,suspend use of Russian airspace
Orica,Australia,Industrials,A,,sold,no,2023-08-23,2023-08-23,no,Fully exit Russia after selling its operations
Orkla,Norway,Consumer Staples,A,A,other,yes,2022-12-24,2022-12-24,yes,exit Russian operations
Orlen Lietuva,Poland,Energy,A,A,suspended,yes,2022-12-24,2022-12-24,yes,stopped Russian oil imports
Orsted,Denmark,Utilities,A,C,other,yes,2023-08-23,2023-08-23,no,end all gas purchases from Russia
Otis Worldwide,United States,Industrials,A,C,sold,yes,2023-08-23,2023-08-23,no,fully exit Russia through divesting business
Owens Corning,United States,Industrials,A,A,other,yes,2022-12-24,2022-12-24,yes,expedite exit from Russia
PFZW,Netherlands,Financials,A,A,sold,yes,2022-12-24,2022-12-24,yes,divest from all Russian assets
PGL Esports,United States,Communication Services,A,A,other,yes,2022-12-24,2022-12-24,yes,exclusion of esports teams and individuals with connections to the Russian government from upcoming competition
PHX,United States,Energy,A,,sold,no,2023-08-23,2023-08-23,no,Fully exit Russia after selling its operations
PKO BP,Poland,Financials,A,A,suspended,yes,2022-12-24,2022-12-24,yes,suspends transactions with Russian banks transactions in Russian ruble suspended
PME pensioenfonds,Netherlands,Financials,A,A,sold,yes,2022-12-24,2022-12-24,yes,sell off all Russian investments
PZU SA,Poland,Financials,A,A,other,yes,2022-12-24,2022-12-24,yes,reduced position in Russian bonds to zero
Pandora,Denmark,Consumer Discretionary,A,B,suspended,yes,2023-08-23,2022-12-24,no,suspend all business with Russia and Belarus
Parker Hannifin,United States,Industrials,A,A,other,yes,2022-12-24,2022-12-24,yes,closed our office and warehouse facility in Moscow and no longer do business in this country
Paul Smith,United Kingdom,Consumer Discretionary,A,,other,no,2023-08-23,2023-08-23,no,Leaving Market
Paulig,Finland,Consumer Staples,A,A,sold,yes,2022-12-24,2022-12-24,yes,withdraw from Russia
Paysera,Lithuania,Financials,A,,suspended,no,2023-08-23,2023-08-23,no,Close accounts of Russians and halt transfers to and from Russia
Pensioenfonds Detailhandel,Netherlands,Financials,A,A,sold,yes,2022-12-24,2022-12-24,yes,sell off all Russian investments
Pentair,United States,Industrials,A,A,other,yes,2022-12-24,2022-12-24,yes,exiting its business in Russia
Petro,Austria,Energy,A,,sold,no,2023-08-23,2023-08-23,no,Fully exit Russia after selling its operations
Petrofac,United Kingdom,Energy,A,,other,no,2023-08-23,2023-08-23,no,fully end all business operatins in R
Pixabay,Germany,Consumer Discretionary,A,,other,no,2023-08-23,2023-08-23,no,block Russian access
Playrix,Ireland,Consumer Discretionary,A,,other,no,2023-08-23,2023-08-23,no,Fully end operations in Russia
Playtika,Israel,Information Technology,A,C,other,yes,2023-08-23,2023-08-23,no,end Russian operations
Polskie Górnictwo Naftowe i Gazownictwo SA,Poland,Energy,A,A,suspended,yes,2022-12-24,2022-12-24,yes,stopped gaz imports
Ponsse PLC,Finland,Industrials,A,A,sold,yes,2022-12-24,2022-12-24,yes,divest Russian operations
Postnord,Norway,Utilities,A,,other,no,2023-08-23,2023-08-23,no,reject all Russian items
Primo Water,United States,Consumer Staples,A,,sold,no,2023-08-23,2023-08-23,no,Withdrew from Russia
Princess Cruises,United States,Consumer Discretionary,A,,other,no,2023-08-23,2023-08-23,no,reject bookings from Russia
Prio,Portugal,Energy,A,A,suspended,yes,2022-12-24,2022-12-24,yes,ceased purchase of any products from Russian or directly related companies
Publicis Groupe,France,Communication Services,A,A,other,yes,2022-12-24,2022-12-24,yes,cede ownership to local affiliates
Pure Storage,United States,Information Technology,A,,sold,no,2023-08-23,2023-08-23,no,fully wind down Russian business
PwC,United States,Industrials,A,A,other,yes,2022-12-24,2022-12-24,yes,leaving Russia completely
Qantas Airlines,Australia,Industrials,A,A,other,yes,2022-12-24,2022-12-24,yes,No longer flies over Russian territory
R&amp;A,United States,Industrials,A,,other,no,2023-08-23,2023-08-23,no,ban on all Russian competition
RWS,United Kingdom,Industrials,A,,sold,no,2023-08-23,2023-08-23,no,Fully wind down Russian business
Raisio,United States,Consumer Staples,A,,sold,no,2023-08-23,2023-08-23,no,Fully exit Russia after selling its operations
Rational,Germany,Consumer Discretionary,A,C,other,yes,2023-08-23,2023-08-23,no,Closed Russian Business
Red Hat,United States,Information Technology,A,A,other,yes,2022-12-24,2022-12-24,yes,discontinue sales and services in Russia &amp; terminate partnerships
Reface,Ukraine,Information Technology,A,,other,no,2023-08-23,2023-08-23,no,Removed App  and updates of app in Russia
Refinitiv,United Kingdom,Financials,A,,other,no,2023-08-23,2023-08-23,no,end Russian access
Regent Seven Seas Cruises,United States,Consumer Discretionary,A,A,other,yes,2022-12-24,2022-12-24,yes,discontinue Russian itineraries
Rehau,Switzerland,Consumer Discretionary,A,,sold,no,2023-08-23,2023-08-23,no,Fully exit Russia after selling its operations
Renault,France,Consumer Discretionary,A,A,other,yes,2022-12-24,2022-12-24,yes,sell Renault Russia; transfer Moscow factory to city government and partner for local brand production
Repsol,Spain,Energy,A,,sold,no,2023-08-23,2023-08-23,no,Withdrew from Russia
Resbud,Estonia,Industrials,A,,sold,no,2023-08-23,2023-08-23,no,Withdrew from Russia
Rewe,Germany,Consumer Discretionary,A,A,other,yes,2022-12-24,2022-12-24,yes,remove products from Russia from shelves
Rimi,Latvia,Consumer Discretionary,A,A,other,yes,2022-12-24,2022-12-24,yes,remove products from Russia from shelves
Rio Tinto,Australia,Materials,A,A,other,yes,2022-12-24,2022-12-24,yes,Terminated all commercial relationships with Russia
Rocket Lawyer,United States,Information Technology,A,A,suspended,yes,2022-12-24,2022-12-24,yes,suspend Russian and Belarusian access to the platform
Roku,United States,Communication Services,A,A,other,yes,2022-12-24,2022-12-24,yes,remove Kremlin-linked propaganda and ads
Roland Berger,Germany,Industrials,A,A,other,yes,2022-12-24,2022-12-24,yes,end any activity for Russia
Royal London,United Kingdom,Financials,A,,sold,no,2023-08-23,2023-08-23,no,fully divest Russian assets
Royal Swinkels Family Brewers,Netherlands,Consumer Staples,A,F,other,yes,2023-08-23,2023-08-23,no,Terminated licence contract with MBC
S Group (Suomen Osuuskauppojen Keskuskunta),Finland,Consumer Staples,A,A,other,yes,2022-12-24,2022-12-24,yes,close all operations
S&amp;P 500 [S&amp;P Dow Jones Indices],United States,Financials,A,,other,no,2023-08-23,2023-08-23,no,curtail Russian access to capital markets
SKF,Sweden,Industrials,A,A,other,yes,2022-12-24,2022-12-24,yes,end sales and production in Russia
SMAY,Poland,Industrials,A,A,other,yes,2022-12-24,2022-12-24,yes,end cooperation with Russia
SRV,Finland,Industrials,A,D,sold,yes,2025-05-21,2025-05-21,no,Sold its last remaining asset in Russia
Salesforce,United States,Industrials,A,A,other,yes,2022-12-24,2022-12-24,yes,exit business relationships in Russia
Sarantis Group,Greece,Consumer Staples,A,A,sold,yes,2022-12-24,2022-12-24,yes,Permanent withdrawal from Russian market
Savills,United Kingdom,Real Estate,A,A,other,yes,2022-12-24,2022-12-24,yes,end partnerships in Russia
Schneider Electric,France,Industrials,A,A,other,yes,2022-12-24,2022-12-24,yes,sell Russian assets to local management and exit completely
Senior PLC,United Kingdom,Industrials,A,,other,no,2023-08-23,2023-08-23,no,cease servicing Russian aircraft
Sidley Austin,United States,Industrials,A,A,other,yes,2022-12-24,2022-12-24,yes,end all Russian relationships
Siemens,Germany,Industrials,A,A,other,yes,2022-12-24,2022-12-24,yes,exit Russian market
Slack,United States,Information Technology,A,A,other,yes,2022-12-24,2022-12-24,yes,exit Russian market completely
Smurfit Kappa,Ireland,Materials,A,A,other,yes,2022-12-24,2022-12-24,yes,exit Russian market
Societe Generale,France,Financials,A,A,other,yes,2022-12-24,2022-12-24,yes,cessation of all activities in Russia
Sodexo,France,Industrials,A,A,other,yes,2022-12-24,2022-12-24,yes,ceded control of its operations in Russia
SoftwareOne,Switzerland,Information Technology,A,,sold,no,2023-08-23,2023-08-23,no,Fully exit Russia after selling its operations
Sonos,United States,Consumer Discretionary,A,A,suspended,yes,2022-12-24,2022-12-24,yes,ceased all sales to this market at the onset of the war and blocked Russian state radio
Spin Master,Canada,Consumer Discretionary,A,,sold,no,2023-08-23,2023-08-23,no,fully exit Russia
Squire Patton Boggs,United States,Industrials,A,A,other,yes,2022-12-24,2022-12-24,yes,leave Russia
Stanley Black &amp; Decker,United States,Industrials,A,,other,no,2023-08-23,2023-08-23,no,shut down Russian business
Starbucks,United States,Consumer Discretionary,A,A,other,yes,2022-12-24,2022-12-24,yes,exit and no longer have a brand presence in Russia
State Street,United States,Financials,A,A,other,yes,2022-12-24,2022-12-24,yes,curtail Russian access to capital markets
Stora Enso,Finland,Materials,A,A,sold,yes,2022-12-24,2022-12-24,yes,divest packaging plants
Storebrand,Norway,Financials,A,A,sold,yes,2022-12-24,2022-12-24,yes,divest all Russian holdings
Strabag,Austria,Industrials,A,A,sold,yes,2022-12-24,2022-12-24,yes,winding down operations in Russia; terminating shareholder syndicate agreements with Deripaska
Strava,United States,Information Technology,A,,other,no,2023-08-23,2023-08-23,no,disable access in Russia
Sulzer,Switzerland,Industrials,A,A,other,yes,2022-12-24,2022-12-24,yes,exit Russian market
Svenska Handelsbanken,Sweden,Financials,A,A,sold,yes,2022-12-24,2022-12-24,yes,divest from all Russian investments
Sylvamo,United States,Materials,A,A,sold,yes,2022-12-24,2022-12-24,yes,Sold operations in Russia
Systembolaget,Sweden,Consumer Discretionary,A,A,other,yes,2022-12-24,2022-12-24,yes,remove all Russian alcohol from stores
Sæplast,Iceland,Materials,A,A,suspended,yes,2022-12-24,2022-12-24,yes,Stopped all operations in Russia
TDZ Turn,Czech Republic,Industrials,A,F,suspended,yes,2023-08-23,2023-08-23,no,fully stopped trade with Russia
TJ Maxx,United States,Consumer Discretionary,A,A,sold,yes,2022-12-24,2022-12-24,yes,divest Familia subsidiary
TUI,Germany,Consumer Discretionary,A,A,sold,yes,2022-12-24,2022-12-24,yes,end brand-sharing agreement; had already exited
Tata Steel,India,Materials,A,A,other,yes,2022-12-24,2022-12-24,yes,Replaced all Russian raw materials for operations; no presence in Russia
Tchibo,Germany,Consumer Staples,A,A,other,yes,2022-12-24,2022-12-24,yes,sell Russian subsidiary
TeamViewer,Germany,Information Technology,A,A,sold,yes,2022-12-24,2022-12-24,yes,withdraw from Russia/Belarus
Technip Energies,France,Energy,A,D,other,yes,2023-08-23,2023-08-23,no,No new business. Signed exit agreement on Arctic LNG 2
Teknos,Finland,Industrials,A,,sold,no,2023-08-23,2023-08-23,no,Fully exit Russia after selling its operations
Teknotherm Marine HVAC sp. z o.o.,Poland,Industrials,A,A,sold,yes,2022-12-24,2022-12-24,yes,complete withdrawal from Russia
Teleperformance,France,Communication Services,A,,sold,no,2023-08-23,2023-08-23,no,Withdrew from Russia
Teradata,United States,Information Technology,A,A,suspended,yes,2022-12-24,2022-12-24,yes,stopped all business in Russia and ceased customer interactions and services with all Russian accounts.
Terex Corporation,United States,Industrials,A,C,sold,yes,2025-05-21,2025-05-21,no,fully withdraw from Russia
Tetra Pak,Sweden,Industrials,A,C,other,yes,2023-08-23,2023-08-23,no,completely left Russia
Tietoevry,Finland,Information Technology,A,A,other,yes,2022-12-24,2022-12-24,yes,conclude total exit from Russia
Tom Ford,United States,Consumer Discretionary,A,F,suspended,yes,2023-08-23,2023-08-23,no,We have ceased all marketing and advertising
Topsoe,Denmark,Energy,A,,sold,no,2023-08-23,2023-08-23,no,Fully wind down all Russian business
Toyota,Japan,Consumer Discretionary,A,C,suspended,yes,2023-08-23,2023-08-23,no,stop production at its St. Petersburg plant and stop imports of vehicles
Trane Technologies,Ireland,Industrials,A,A,sold,yes,2022-12-24,2022-12-24,yes,suspend all business activities indefinitely &amp; exit Russia
TransferGo,United Kingdom,Financials,A,,other,no,2023-08-23,2023-08-23,no,End all remittances to Russia
Trimble,United States,Information Technology,A,B,other,yes,2023-08-23,2022-12-24,no,Discontinue business operations in Russia
TripAdvisor,United States,Communication Services,A,A,other,yes,2022-12-24,2022-12-24,yes,remove Kremlin-linked propaganda and ads
Triumph Motorcycles,United Kingdom,Consumer Discretionary,A,A,other,yes,2022-12-24,2022-12-24,yes,Discontinued commercial activity in Russia
Tunnock's,United Kingdom,Consumer Staples,A,A,other,yes,2022-12-24,2022-12-24,yes,discontinue supplies to Russia
UEFA,Switzerland,NGO,A,A,other,yes,2022-12-24,2022-12-24,yes,ban Russian athletes from competing
Uber,United States,Information Technology,A,A,sold,yes,2022-12-24,2022-12-24,yes,divest from partnership with Yandex
Umbro,United Kingdom,Consumer Discretionary,A,A,sold,yes,2022-12-24,2022-12-24,yes,withdrawal from the Russian market
Unilever,United Kingdom,Consumer Staples,A,D,sold,yes,2025-05-21,2025-05-21,no,completed the sale of its Russian subsidiary to Arnest Group. The completion of the sale ends Unilever presence in Russia.
United Airlines,United States,Industrials,A,A,other,yes,2022-12-24,2022-12-24,yes,no flying over Russian airspace
United Internet Group,Germany,Information Technology,A,A,suspended,yes,2022-12-24,2022-12-24,yes,suspend all Russian contracts
Universal,United States,Communication Services,A,A,sold,yes,2022-12-24,2022-12-24,yes,closing operations in Russia
Uponor,Finland,Industrials,A,,other,no,2023-08-23,2023-08-23,no,Completes Exit
VTG,Germany,Industrials,A,,sold,no,2023-08-23,2023-08-23,no,Fully exit Russia after selling its operations
Vaillant Group,Germany,Industrials,A,A,other,yes,2022-12-24,2022-12-24,yes,Terminated business activities in Russia
Valeo,France,Consumer Discretionary,A,F,other,yes,2025-05-21,2025-05-21,no,No longer have any industrial activities
Valio,Finland,Consumer Staples,A,A,other,yes,2022-12-24,2022-12-24,yes,sell business and Viola brand to Velcom
Valmet,Finland,Industrials,A,A,other,yes,2022-12-24,2022-12-24,yes,exit from Russia
Van Oord,Netherlands,Industrials,A,,sold,no,2023-08-23,2023-08-23,no,Full withdrawal from Russia
VanEck,United States,Financials,A,,other,no,2023-08-23,2023-08-23,no,liquidate Russian ETFs
Vanguard,United States,Financials,A,A,suspended,yes,2022-12-24,2022-12-24,yes,suspend operations in Russia
Velux,Denmark,Consumer Discretionary,A,A,sold,yes,2022-12-24,2022-12-24,yes,permanently close operations in Russia and Belarus
Veon,Netherlands,Communication Services,A,,sold,no,2023-08-23,2023-08-23,no,Fully divested from Russia and sale of its Russian business approved
Vestas,Denmark,Energy,A,A,sold,yes,2022-12-24,2022-12-24,yes,Fully Withdrawn from Russia
Vianor,Finland,Consumer Discretionary,A,A,other,yes,2022-12-24,2022-12-24,yes,terminate contract with Russian subsidiary
Vinmonopolet,Norway,Consumer Staples,A,A,suspended,yes,2022-12-24,2022-12-24,yes,"stop sales of all Russian wine, spirits and strong beers in Norway"
Visteon,United States,Consumer Discretionary,A,,suspended,no,2023-08-23,2023-08-23,no,Ceased business activity in Russia
Vodafone,United Kingdom,Information Technology,A,A,suspended,yes,2022-12-24,2022-12-24,yes,suspend partner agreement with MTS
Volaris Group,Canada,Information Technology,A,A,other,yes,2022-12-24,2022-12-24,yes,discontinue sales and support to Russia
Volfas Engelman,Lithuania,Consumer Staples,A,A,sold,yes,2022-12-24,2022-12-24,yes,suspend investment and withdraw from Russian market
Vorwerk Group,,,A,,suspended,no,2023-08-23,2023-08-23,no,Stopped all product deliveries
WIKA,Germany,Industrials,A,F,suspended,yes,2023-08-23,2023-08-23,no,Suspended business in Russia
WPP PLC,United Kingdom,Communication Services,A,A,other,yes,2022-12-24,2022-12-24,yes,leave Russia
Waitrose,United Kingdom,Consumer Staples,A,A,other,yes,2022-12-24,2022-12-24,yes,remove products from Russia
Walker's Shortbread,United Kingdom,Consumer Staples,A,A,other,yes,2022-12-24,2022-12-24,yes,cancel all future orders to Russia
Wallenius Wilhelmsen,Norway,Consumer Discretionary,A,,other,no,2023-08-23,2023-08-23,no,End all operations in Russia
Wargaming,Belarus,Consumer Discretionary,A,A,sold,yes,2022-12-24,2022-12-24,yes,close operations; transfer of some business
Wartsila,Finland,Industrials,A,C,other,yes,2023-08-23,2023-08-23,no,Ended Activity
WePlay,United States,Consumer Discretionary,A,A,other,yes,2022-12-24,2022-12-24,yes,terminate all Russian operations
Wear Medicine,Poland,Consumer Discretionary,A,A,other,yes,2022-12-24,2022-12-24,yes,terminate cooperation with Russian partners
Weir Group,United Kingdom,Industrials,A,A,sold,yes,2022-12-24,2022-12-24,yes,wind down Russian business in 2022
Wex Inc.,United States,Information Technology,A,A,other,yes,2022-12-24,2022-12-24,yes,ending relationship with Lukoil and subsidiaries
White &amp; Case,United States,Industrials,A,,sold,no,2023-08-23,2023-08-23,no,wind down Russian operations
Wienerberger,Austria,Industrials,A,F,sold,yes,2023-08-23,2023-08-23,no,Fully exit Russia after selling its operations
Willis Towers Watson,United Kingdom,Financials,A,A,sold,yes,2022-12-24,2022-12-24,yes,Fully exit Russia and transfer ownership to local management
Windstar Cruises,United States,Consumer Discretionary,A,,other,no,2023-08-23,2023-08-23,no,Cancel all Russian cruises
Winston &amp; Strawn,United States,Industrials,A,,other,no,2023-08-23,2023-08-23,no,Close Russian office
Women's Tennis Association,United States,NGO,A,A,suspended,yes,2022-12-24,2022-12-24,yes,Suspend Russian partnerships
World Athletics Council,United States,NGO,A,A,other,yes,2022-12-24,2022-12-24,yes,Ban on all Russian competition
World Boxing Association,Panama,NGO,A,A,other,yes,2022-12-24,2022-12-24,yes,Ban on all Russian competition
World Boxing Organization,United States,NGO,A,A,other,yes,2022-12-24,2022-12-24,yes,Ban on all Russian competition
World Rowing Federation,United States,NGO,A,A,other,yes,2022-12-24,2022-12-24,yes,Ban on all Russian competition
World Rugby Union,Ireland,NGO,A,A,other,yes,2022-12-24,2022-12-24,yes,Ban on all Russian competition
YIT,Finland,Industrials,A,A,other,yes,2022-12-24,2022-12-24,yes,Exits Russia projects
ZET Chemie,Germany,Materials,A,F,other,yes,2023-08-23,2023-08-23,no,still operating in Russia
ZF Friedrichshafen,Germany,Consumer Discretionary,A,C,other,yes,2023-08-23,2023-08-23,no,Ended all business in Russia
Zepz,United Kingdom,Financials,A,,other,no,2023-08-23,2023-08-23,no,Disable all Russian transactions
Zott,Germany,Consumer Staples,A,,other,no,2023-08-23,2023-08-23,no,discontinue business in preparation for liquidation
Zurich Insurance Group,Switzerland,Financials,A,A,sold,yes,2022-12-24,2022-12-24,yes,sell Russian business to local team and exit market
Zwack,Hungary,Consumer Staples,A,F,other,yes,2023-08-23,2023-08-23,no,Terminated Business in Russia
edX (2U),United States,Information Technology,A,A,sold,yes,2022-12-24,2022-12-24,yes,withdraw from all Russian partnerships
3M,United States,Industrials,B,B,suspended,yes,,2022-12-24,no,suspend operations in Russia
ACCA,United Kingdom,Industrials,B,B,suspended,yes,,2022-12-24,no,suspend operations in Russia and Belarus
ADEO | Leroy Merlin,France,Consumer Discretionary,B,C,other,yes,,2023-08-23,no,Will transfer control of Leroy Merlin
ADP,United States,Information Technology,B,B,suspended,yes,,2022-12-24,no,suspend sales/services to Russia
AICPA,United States,Industrials,B,B,sold,yes,,2022-12-24,no,suspend sale and delivery of services indefinitely
AL-KO Vehicle Technology,Germany,Consumer Discretionary,B,B,suspended,yes,,2022-12-24,no,suspend deliveries to Russia and Belarus
AM Best,United States,Information Technology,B,B,suspended,yes,,2022-12-24,no,suspend all commercial activities to Russian clients
AMD,United States,Information Technology,B,B,suspended,yes,,2022-12-24,no,suspend all sales to Russia
ARM,United Kingdom,Information Technology,B,B,suspended,yes,,2022-12-24,no,suspend shipments according to sanctions
AXA,France,Financials,B,B,suspended,yes,,2022-12-24,no,stop underwriting new insurance &amp; stop renewals
AXA Investments Managers,France,Financials,B,B,suspended,yes,,2022-12-24,no,pause investments &amp; prohibit new subscriptions
Abrdn,United Kingdom,Financials,B,B,suspended,yes,,2022-12-24,no,suspend investments in Russia and reduce exposure
Acer,Taiwan,Information Technology,B,B,suspended,yes,,2022-12-24,no,suspend its business in Russia
Acne Studios,Sweden,Consumer Discretionary,B,B,other,yes,,2022-12-24,no,put all Russian activities on hold
Adamed,Poland,Health Care,B,B,suspended,yes,,2022-12-24,no,halt sales and production in Russia
Air Astana,Kazakhstan,Industrials,B,B,suspended,yes,,2022-12-24,no,suspend flights to Russia
Air France,France,Industrials,B,B,suspended,yes,,2022-12-24,no,halt flight to and from Russia
Air Malta,Malta,Industrials,B,B,suspended,yes,,2022-12-24,no,suspend all flights to and from Russia
Airbnb,United States,Consumer Discretionary,B,B,other,yes,,2022-12-24,no,block bookings and block accepting guests in Russia
Akamai,United States,Information Technology,B,B,suspended,yes,,2022-12-24,no,suspend sales in Russia
Akin Gump,United States,Industrials,B,B,suspended,yes,,2022-12-24,no,suspend operations in Russia
Alaska Airlines,United States,Industrials,B,B,suspended,yes,,2022-12-24,no,temporarily suspend partnership with Russian airline
Alimentation Couche-Tard,Canada,Consumer Staples,B,B,suspended,yes,,2022-12-24,no,suspend operations
Alstom,France,Industrials,B,B,suspended,yes,,2022-12-24,no,suspend shipments to Russia
Amazon,United States,Consumer Discretionary,B,B,suspended,yes,,2022-12-24,no,suspend operations in Russia
Ambarella,United States,Information Technology,B,B,suspended,yes,,2022-12-24,no,suspend shipments into Russia
Amdocs,United States,Information Technology,B,B,suspended,yes,,2022-12-24,no,stop all new sales of product and services in Russia
Amer Sports,Finland,Consumer Discretionary,B,B,other,yes,,2022-12-24,no,Intention to discontinue business in Russia
American Express,United States,Financials,B,B,suspended,yes,,2022-12-24,no,suspend operations in Russia
Amica,Poland,Consumer Discretionary,B,B,suspended,yes,,2022-12-24,no,suspended Russian exports
Analog Devices,United States,Information Technology,B,B,suspended,yes,,2022-12-24,no,suspend sales to Russia according to sanctions
Ansys,United States,Information Technology,B,B,suspended,yes,,2022-12-24,no,suspend all sales and business activity
Aon PLC,United Kingdom,Financials,B,B,suspended,yes,,2022-12-24,no,suspend operations in Russia
Apple,United States,Information Technology,B,B,suspended,yes,,2022-12-24,no,suspend all official site sales; turn off select apps and services
Arla,Denmark,Consumer Staples,B,B,other,yes,,2022-12-24,no,suspends all operations
Asian Infrastructure Investment Bank,China,Financials,B,B,other,yes,,2022-12-24,no,curtail Russian access to capital markets
Asos,United Kingdom,Consumer Discretionary,B,B,suspended,yes,,2022-12-24,no,suspend all shipments to Russia
Association of International Certified Professional Accountants,United States,Industrials,B,B,other,yes,,2022-12-24,no,indefinite suspension of services within Russia
Aston Martin,United Kingdom,Consumer Discretionary,B,B,suspended,yes,,2022-12-24,no,suspend all shipments to Russia
Asus,Taiwan,Information Technology,B,B,suspended,yes,,2022-12-24,no,suspend shipments to Russia
Atlassian,Australia,Information Technology,B,B,suspended,yes,,2022-12-24,no,Suspended software sales to Russia
Audi,Germany,Consumer Discretionary,B,B,suspended,yes,,2022-12-24,no,suspend operations at Kaluga assembly plant
Australia Post,Australia,Communication Services,B,,suspended,no,,2023-08-23,no,Suspend all business with Russia
Austrian Airlines,Austria,Industrials,B,B,other,yes,,2022-12-24,no,Cancel Russian flights until July
Autodesk,United States,Information Technology,B,B,suspended,yes,,2022-12-24,no,suspend operations in Russia
Avast,Czech Republic,Information Technology,B,B,suspended,yes,,2022-12-24,no,suspend all operations in Russia
Axis Communication,Sweden,Consumer Discretionary,B,,suspended,no,,2023-08-23,no,Suspend all product shipments to Russia
Azerbaijan Airlines,Azerbaijan,Industrials,B,B,suspended,yes,,2022-12-24,no,suspend flights to Russia
B Lab,United States,NGO,B,B,suspended,yes,,2022-12-24,no,suspend Russian companies from obtaining certifications
BCG,United States,Industrials,B,B,suspended,yes,,2022-12-24,no,suspend operations; Moscow office ope
BMC,United States,Information Technology,B,B,suspended,yes,,2022-12-24,no,suspend all business with Russia &amp; Belarus
BMW,Germany,Consumer Discretionary,B,B,suspended,yes,,2022-12-24,no,suspend exports to and production in Russia
BNP Paribas,France,Financials,B,B,suspended,yes,,2022-12-24,no,suspend new business in Russia/curtail financing
BUDVAR Centrum Sp. z.o.o.,Poland,Industrials,B,B,suspended,yes,,2022-12-24,no,Suspended Activity
Badminton World Federation,Malaysia,NGO,B,B,other,yes,,2022-12-24,no,cancel all tournaments
Bain,United States,Industrials,B,B,suspended,yes,,2022-12-24,no,suspend consulting for all Russian businesses
Bang &amp; Olufsen,Denmark,Information Technology,B,,suspended,no,,2023-08-23,no,suspended deliveries and sales to Russia
Bank of China,China,Financials,B,B,other,yes,,2022-12-24,no,curtail Russian access to capital markets
Bentley,United States,Consumer Discretionary,B,B,suspended,yes,,2022-12-24,no,suspend all shipments to Russia
Big Fish Games,United States,Communication Services,B,B,suspended,yes,,2022-12-24,no,suspend downloadable game business in Russia
Bitdefender,Romania,Information Technology,B,B,suspended,yes,,2022-12-24,no,suspend all sales to Russia
BlackBerry,Canada,Information Technology,B,B,other,yes,,2022-12-24,no,cease all activities in Russia
Boeing,United States,Industrials,B,B,suspended,yes,,2022-12-24,no,suspend operations in Russia/titanium purchases
Bombardier,Canada,Industrials,B,B,other,yes,,2022-12-24,no,restrict Russian business
Boohoo Group,United Kingdom,Consumer Discretionary,B,B,suspended,yes,,2022-12-24,no,suspend all shipments to Russia
Boosteroid Cloud Gaming,United Arab Emirates,Information Technology,B,B,suspended,yes,,2022-12-24,no,suspend services to Russia
Boryszew,Poland,Materials,B,B,suspended,yes,,2022-12-24,no,suspended operations in Russia
Brav,Norway,Consumer Discretionary,B,B,suspended,yes,,2022-12-24,no,suspend sales and operations in Russia
Bridgestone Tire,Japan,Consumer Discretionary,B,B,suspended,yes,,2022-12-24,no,suspend manufacturing in Russia and shipments into
Brinks,United States,Consumer Discretionary,B,,suspended,no,,2023-08-23,no,Suspended business in Russia
British Airways,United Kingdom,Industrials,B,B,other,yes,,2022-12-24,no,cancel Russian flights
Brown-Forman,United States,Consumer Staples,B,B,suspended,yes,,2022-12-24,no,suspend commercial operations in Russia
Brunico Communications,Canada,Communication Services,B,,other,no,,2023-08-23,no,Put all business with Russia on hold
Budweiser Budvar,Czech Republic,Consumer Staples,B,B,other,yes,,2022-12-24,no,suspends production and supply of beer
Bulgaria Air,Bulgaria,Industrials,B,B,suspended,yes,,2022-12-24,no,suspend flights to Russia
Bulgarian Postbank,Bulgaria,Financials,B,B,suspended,yes,,2022-12-24,no,stop operations in Russian ruble
Burberry,United Kingdom,Consumer Discretionary,B,B,suspended,yes,,2022-12-24,no,suspend all shipments to Russia
Buta Airways,Azerbaijan,Industrials,B,B,suspended,yes,,2022-12-24,no,suspend flights to Russia
CBRE,United States,Real Estate,B,B,other,yes,,2022-12-24,no,discontinue Russian business
CME Group,United States,Financials,B,B,suspended,yes,,2022-12-24,no,suspend acceptance of certain Russian commodities
CNH Industrial,United Kingdom,Industrials,B,B,suspended,yes,,2022-12-24,no,suspend sales to Russia
Callaway Golf,United States,Consumer Discretionary,B,,suspended,no,,2023-08-23,no,Suspended business in Russia
Canada Goose,Canada,Consumer Discretionary,B,B,suspended,yes,,2022-12-24,no,suspend all shipments to Russia
Canadian Tire,Canada,Consumer Discretionary,B,B,other,yes,,2022-12-24,no,close Russia stores
Canon,Japan,Information Technology,B,B,suspended,yes,,2022-12-24,no,suspend deliveries in Russia
Canonical,United Kingdom,Information Technology,B,B,suspended,yes,,2022-12-24,no,suspend support &amp; professional services
Capgemini,France,Information Technology,B,B,suspended,yes,,2022-12-24,no,stop services to Russia
Cargolux,Luxembourg,Industrials,B,B,suspended,yes,,2022-12-24,no,suspend all shipments into and through Russia
Ceratizit,Luxembourg,Industrials,B,A,suspended,yes,2022-12-24,2022-12-24,yes,Stop all deliveries to Russia and Belarus. Still distributes through distributors
Chemours,United States,Materials,B,,suspended,no,,2023-08-23,no,Suspended business in Russia
Chevron,United States,Energy,B,B,other,yes,,2022-12-24,no,"Pausing all transactions and sales of refining products, lubricants, and chemicals"
Chipperfield,United Kingdom,Industrials,B,B,suspended,yes,,2022-12-24,no,suspend operations in Russia
Chopard,Switzerland,Consumer Discretionary,B,,suspended,no,,2023-08-23,no,Suspend all Russian diamond purchases
Cie Automotives,Spain,Consumer Discretionary,B,B,other,yes,,2022-12-24,no,temporarily shut down aluminum plant
Ciena,United States,Communication Services,B,B,suspended,yes,,2022-12-24,no,suspend business operations in Russia
Citrix,United States,Information Technology,B,B,suspended,yes,,2022-12-24,no,suspend all sales to Russia
Cleary Gottlieb,United States,Industrials,B,B,suspended,yes,,2022-12-24,no,suspend Russian operations
Clorox,United States,Consumer Staples,B,B,suspended,yes,,2022-12-24,no,suspend business activity in Russia
Clutch,United States,Industrials,B,B,suspended,yes,,2022-12-24,no,suspend all business activity
Cogent Communications,United States,Communication Services,B,B,other,yes,,2022-12-24,no,cut all internet to Russia
Columbia Sportswear,United States,Consumer Discretionary,B,B,suspended,yes,,2022-12-24,no,pause taking any new orders from Russian distributor &amp; remove future sales
Commerzbank,Germany,Financials,B,B,suspended,yes,,2022-12-24,no,suspend operations in Russia
Conde Nast,United States,Communication Services,B,B,suspended,yes,,2022-12-24,no,suspend all publishing operations
Conformis,United States,Health Care,B,B,suspended,yes,,2022-12-24,no,suspend distribution operations in Russia
Costco,United States,Consumer Discretionary,B,B,suspended,yes,,2022-12-24,no,stopped purchases from Russia
Coupa,United States,Information Technology,B,B,suspended,yes,,2022-12-24,no,suspend operations in Russia
Coursera,United States,Consumer Discretionary,B,B,suspended,yes,,2022-12-24,no,platform available; refrain from financial benefits from the region; suspend some content
Credit Agricole,France,Financials,B,B,suspended,yes,,2022-12-24,no,suspend all services in Russia
Criteo,France,Consumer Discretionary,B,,other,no,,2023-08-23,no,Discontinued Operations
Crocs,United States,Consumer Discretionary,B,B,suspended,yes,,2022-12-24,no,suspend D2C business
Curve,United Kingdom,Financials,B,B,other,yes,,2022-12-24,no,no longer allow Russian payment cards &amp; transaction in RUB
Cyprus Airways,Cyprus,Industrials,B,B,suspended,yes,,2022-12-24,no,suspend flights to Russia
DACHSER,Germany,Industrials,B,B,other,yes,,2022-12-24,no,End all transports to Russia
DAF,Netherlands,Consumer Discretionary,B,,suspended,no,,2023-08-23,no,Suspend business in Russia
DHL,Germany,Industrials,B,B,suspended,yes,,2022-12-24,no,suspend all shipments to Russia
DJI,China,Information Technology,B,B,suspended,yes,,2022-12-24,no,stop selling drones in Russia
DKV Mobility,Germany,Information Technology,B,B,suspended,yes,,2022-12-24,no,stop all activity for Russian domestic business
DSV A/S,Denmark,Industrials,B,B,suspended,yes,,2022-12-24,no,suspend all shipments to Russia
Daimler Truck,Germany,Consumer Discretionary,B,B,other,yes,,2022-12-24,no,freeze activities in Russia
Damen,Netherlands,Industrials,B,B,suspended,yes,,2022-12-24,no,"stop supplying ships to Russia, halt new contracts"
Danaher,United States,Health Care,B,B,suspended,yes,,2022-12-24,no,suspended shipments to Russia except for humanitarian medical products
Danone,France,Consumer Staples,B,B,seized,yes,,2022-12-24,no,Announced Transfer
Danske Bank,Denmark,Financials,B,C,suspended,yes,,2023-08-23,no,suspend operations in Russia
Dassault Aviation,France,Industrials,B,B,suspended,yes,,2022-12-24,no,suspend all shipments to Russia
Dassault Systèmes,France,Information Technology,B,B,suspended,yes,,2022-12-24,no,suspend business operations in Russia
Debevoise &amp; Plimpton,United States,Industrials,B,,sold,no,,2023-08-23,no,Wind down Russia operations; local partners and counsel open Russian business
Decathlon,France,Consumer Discretionary,B,B,suspended,yes,,2022-12-24,no,suspend the operation of its stores in Russia
Deckers,United States,Consumer Discretionary,B,B,suspended,yes,,2022-12-24,no,suspend business in Russia
Demant,Denmark,Health Care,B,B,suspended,yes,,2022-12-24,no,suspend all trade with Russia
Denso,Japan,Consumer Discretionary,B,B,suspended,yes,,2022-12-24,no,suspend all shipments into Russia
Depositphotos,Ukraine,Consumer Discretionary,B,B,suspended,yes,,2022-12-24,no,stop all sales and services to Russia
Diadora,Italy,Consumer Discretionary,B,B,suspended,yes,,2022-12-24,no,suspend contracts with Russian commercial partners
Diageo,United Kingdom,Consumer Staples,B,B,suspended,yes,,2022-12-24,no,suspend all shipments to Russia
Diebold Nixdorf,United States,Information Technology,B,B,suspended,yes,,2022-12-24,no,suspend shipments and sales of any kind into Russia.
DirecTV,United States,Communication Services,B,B,other,yes,,2022-12-24,no,cut Kremlin backed TV networks
Discover,United States,Communication Services,B,B,suspended,yes,,2022-12-24,no,suspend efforts to establish Russian presence
Discovery,United States,Communication Services,B,,suspended,no,,2023-08-23,no,Suspend Russian access
Disney,United States,Communication Services,B,B,suspended,yes,,2022-12-24,no,pause new content releases
Dreamstime,United States,Communication Services,B,B,other,yes,,2022-12-24,no,restrict download plans and payments for Russian customers
DuPont,United States,Materials,B,B,suspended,yes,,2022-12-24,no,suspend operations in Russia and Belarus
Dyson,Singapore,Consumer Discretionary,B,,suspended,no,,2023-08-23,no,Suspend business in Russia
ECFMG,United States,Industrials,B,,suspended,no,,2023-08-23,no,Suspend Russian certifications
EDF,France,Utilities,B,B,suspended,yes,,2022-12-24,no,suspend Moscow office
ESET,Slovakia,Information Technology,B,B,suspended,yes,,2022-12-24,no,suspend all sales to Russia
Edrington,United Kingdom,Consumer Staples,B,B,suspended,yes,,2022-12-24,no,suspend all shipments to Russia
Egon Zehnder,United States,Industrials,B,B,suspended,yes,,2022-12-24,no,stop operations in Russia
Electrolux,Sweden,Consumer Discretionary,B,B,other,yes,,2022-12-24,no,suspending all shipments into Russia
Elsevier,Netherlands,Communication Services,B,C,sold,yes,,2023-08-23,no,Winding down all operations in Russia
Embraer,Brazil,Industrials,B,B,suspended,yes,,2022-12-24,no,suspend supplying parts and services to Russia
Epiroc,Sweden,Consumer Staples,B,B,suspended,yes,,2022-12-24,no,pause all deliveries to Russia and no operations domestically
Eppendorf SE,Germany,Health Care,B,B,suspended,yes,,2022-12-24,no,suspend exports to Russia; keep rep office open
Epson,Japan,Consumer Discretionary,B,B,suspended,yes,,2022-12-24,no,suspend exports to Russia &amp; Belarus
Equinix,United States,Real Estate,B,B,suspended,yes,,2022-12-24,no,suspend Russian partnerships and customers
Ericsson,Sweden,Information Technology,B,B,suspended,yes,,2022-12-24,no,suspend all shipments to Russia
Esri,United Kingdom,Information Technology,B,C,other,yes,,2023-08-23,no,Suspending all sales of products and services.
Estee Lauder,United States,Consumer Staples,B,B,suspended,yes,,2022-12-24,no,suspend operations in Russia
Etex,Belgium,Communication Services,B,,suspended,no,,2023-08-23,no,Suspended business in Russia
Eurasian Resources Group,Luxembourg,Materials,B,,suspended,no,,2023-08-23,no,Suspend substantively all Russian commodities purchases
European University Association,Belgium,NGO,B,B,other,yes,,2022-12-24,no,cease cooperation with governmental agencies in Russia
Exiger,United States,Industrials,B,B,other,yes,,2022-12-24,no,halting all activity and due diligence in Russia
Exor,Netherlands,Financials,B,B,other,yes,,2022-12-24,no,holding company's assets are suspending operations
FANUC,Japan,Industrials,B,A,suspended,yes,2022-12-24,2022-12-24,yes,"Totally suspend all shipments, services and maintenance in Russia"
FIBA,Switzerland,NGO,B,B,other,yes,,2022-12-24,no,ban Russian teams and officials from participating in basketball events
FIFA,Switzerland,Industrials,B,B,other,yes,,2022-12-24,no,ban Russian athletes from competing
Famur,Poland,Industrials,B,B,suspended,yes,,2022-12-24,no,suspend Russian exports
Farfetch,United Kingdom,Consumer Discretionary,B,B,suspended,yes,,2022-12-24,no,suspend all shipments to Russia
FedEx,United States,Industrials,B,B,suspended,yes,,2022-12-24,no,suspend all shipments to Russia
Ferragamo,Italy,Consumer Discretionary,B,B,suspended,yes,,2022-12-24,no,suspend all shipments to Russia
Ferrari,Italy,Consumer Discretionary,B,B,suspended,yes,,2022-12-24,no,suspend sales in Russia
Fidelity,United States,Financials,B,,suspended,no,,2023-08-23,no,Suspend trading of Russian securities
Finnlines,Finland,Industrials,B,B,suspended,yes,,2022-12-24,no,suspend all traffic to Russia
Fitch,United States,Financials,B,B,suspended,yes,,2022-12-24,no,suspend operations in Russia
Fiverr,Israel,Consumer Discretionary,B,B,suspended,yes,,2022-12-24,no,suspend business
Fluidra,Spain,Industrials,B,F,suspended,yes,,2024-02-25,no,Stopped busisness. In process of selling subsidaries
Forest Stewardship Council (FSC),Germany,NGO,B,B,suspended,yes,,2022-12-24,no,suspend all trading certificates in Russia &amp; Belarus and block all controlled wood sourcing from the two countries
Fortinet,United States,Information Technology,B,B,suspended,yes,,2022-12-24,no,suspend operations in Russia
Foster + Partners,United Kingdom,Industrials,B,B,suspended,yes,,2022-12-24,no,stop work on projects in Russia
Fujitsu,Japan,Information Technology,B,B,other,yes,,2022-12-24,no,cease orders and shipments to Russia
Fédération Internationale de Motocyclisme,Switzerland,NGO,B,B,other,yes,,2022-12-24,no,"ban Russian, Belarusian licence holders"
Ganni,Denmark,Consumer Discretionary,B,B,other,yes,,2022-12-24,no,freeze all trade with Russia
Gap Inc,United States,Consumer Discretionary,B,C,suspended,yes,,2023-08-23,no,stopped shipments to franchisees in Russia
Gasum,Finland,Energy,B,,suspended,no,,2023-08-23,no,Suspend all purchases from Russia
Generac,United States,Industrials,B,,suspended,no,,2023-08-23,no,Suspend all business in Russia
Gestamp,Spain,Consumer Discretionary,B,B,suspended,yes,,2022-12-24,no,stopped production
GetYourGuide,Switzerland,Consumer Discretionary,B,B,suspended,yes,,2022-12-24,no,suspend all Russian operations
Goodyear,United States,Consumer Discretionary,B,B,suspended,yes,,2022-12-24,no,suspend shipments of tires to Russia
Grainpro,United States,Materials,B,B,suspended,yes,,2022-12-24,no,suspend all operations in Russia
Grammarly,United States,Information Technology,B,B,other,yes,,2022-12-24,no,block users located in Russia and Belarus from using products or services
Graphisoft,Hungary,Information Technology,B,B,suspended,yes,,2022-12-24,no,"suspended new activities, disabled access to our commercial services in Russia"
Grupa Azoty,Poland,Materials,B,B,suspended,yes,,2022-12-24,no,stopped exporting its products to Russia or Belarus
Grupo Antolín,Spain,Consumer Discretionary,B,B,suspended,yes,,2022-12-24,no,suspend operations in Russia
Grupo Bimbo,Mexico,Consumer Staples,B,B,suspended,yes,,2022-12-24,no,"Suspended distribution of the Bimbo Brand at retail, but left Moscow Bimbo QSR plant operating for food service products"
HARIBO,Germany,Consumer Staples,B,B,suspended,yes,,2022-12-24,no,suspend production to Russia
HHLA,Germany,Financials,B,B,suspended,yes,,2022-12-24,no,suspend entry of Russian shipments at owned ports
HMM,South Korea,Industrials,B,B,suspended,yes,,2022-12-24,no,suspend all shipments to Russia
Hannover Re,Germany,Financials,B,B,suspended,yes,,2022-12-24,no,halt underwriting business
Hapag Lloyd,Germany,Industrials,B,B,suspended,yes,,2022-12-24,no,suspend all shipments to Russia
Harley-Davidson,United States,Consumer Discretionary,B,B,other,yes,,2022-12-24,no,suspending all business in Russia
Hasbro,United States,Consumer Discretionary,B,B,suspended,yes,,2022-12-24,no,pause toy shipments of Russia
Heraeus,Germany,Industrials,B,B,suspended,yes,,2022-12-24,no,stop goods and money flows to Russia
Herbalife,United States,Consumer Staples,B,C,suspended,yes,,2023-08-23,no,suspend sales and shipments to Russia
Hermes,France,Consumer Discretionary,B,B,suspended,yes,,2022-12-24,no,suspend all operations in Russia
Herzog &amp; de Meuron,Switzerland,Industrials,B,,suspended,no,,2023-08-23,no,suspend work on Russian projects
Hexagon,Sweden,Information Technology,B,B,other,yes,,2022-12-24,no,freeze all business activities
Hindalco,India,Materials,B,F,suspended,yes,,2023-08-23,no,suspend operations
Hitachi Construction,Japan,Industrials,B,B,suspended,yes,,2022-12-24,no,suspend all shipments to Russia
Honda,Japan,Consumer Discretionary,B,B,suspended,yes,,2022-12-24,no,suspend all shipments to Russia
Honey Group,Finland,Consumer Staples,B,B,suspended,yes,,2022-12-24,no,suspend sales to Russia
Hugo Boss,Germany,Consumer Discretionary,B,B,other,yes,,2022-12-24,no,temporarily close stores and e-commerce sites
Hunkemoller,Netherlands,Consumer Discretionary,B,B,suspended,yes,,2022-12-24,no,suspend operations of on-site and online stores
Husqvarna,Sweden,Consumer Discretionary,B,B,suspended,yes,,2022-12-24,no,stop exports to Russia &amp; halt investments
Hyundai,South Korea,Consumer Discretionary,B,B,suspended,yes,,2022-12-24,no,suspend manufacturing in Russia
ICBC,China,Financials,B,B,other,yes,,2022-12-24,no,curtail Russian access to capital markets
Iberia,Spain,Industrials,B,B,other,yes,,2022-12-24,no,canceling flights to Russia
Icecat,Netherlands,Industrials,B,B,other,yes,,2022-12-24,no,suspends activities for the Russian market
Illinois Tool Works,United States,Industrials,B,B,other,yes,,2022-12-24,no,suspension of sales to Russia
Indeed,United States,Information Technology,B,B,suspended,yes,,2022-12-24,no,suspend service in Russia
Institute of Internal Auditors,United States,Industrials,B,B,suspended,yes,,2022-12-24,no,suspend business in Russia
Intel,United States,Information Technology,B,B,suspended,yes,,2022-12-24,no,suspend sales to Russia
Interactive Advertising Bureau,United States,Industrials,B,B,suspended,yes,,2022-12-24,no,suspend licensing in Russia and Belarus
Intercomm Foods,Greece,Consumer Staples,B,B,other,yes,,2022-12-24,no,Stopping shipments to Russia
International Canoe Federation,Switzerland,NGO,B,B,suspended,yes,,2022-12-24,no,suspend Russian athletes &amp; relocate Russian events
International Federation of Sport Climbing,Italy,NGO,B,B,suspended,yes,,2022-12-24,no,suspend Russian teams from participation; suspend Russian events
International Tennis Federation,United Kingdom,NGO,B,B,suspended,yes,,2022-12-24,no,suspend Russian partnerships
Intertek,United States,Industrials,B,B,suspended,yes,,2022-12-24,no,suspend operations
Intuit,United States,Information Technology,B,B,suspended,yes,,2022-12-24,no,suspend customer accounts
Isuzu,Japan,Consumer Discretionary,B,,suspended,no,,2023-08-23,no,Suspend business in Russia
JCB,United Kingdom,Industrials,B,B,suspended,yes,,2022-12-24,no,pause business in Russia
Jablotron,Czech Republic,Consumer Discretionary,B,B,other,yes,,2022-12-24,no,halts sales and blocks data services to products assembled in  Russia
Japan Credit Bureau (JCB),Japan,Financials,B,,suspended,no,,2023-08-23,no,suspend operations in Russia
Johnson Controls,Ireland,Industrials,B,B,suspended,yes,,2022-12-24,no,suspend operations in Russia
Julipedra,Portugal,Materials,B,B,suspended,yes,,2022-12-24,no,suspended exports to Russia
Jungheinrich,Germany,Industrials,B,B,suspended,yes,,2022-12-24,no,keep Russia office; stop exports to Russia
Juniper Networks,United States,Information Technology,B,B,suspended,yes,,2022-12-24,no,suspend sales in Russia
KBC Group,Belgium,Financials,B,B,suspended,yes,,2022-12-24,no,suspend transactions with certain Russian banks
KGHM,Poland,Materials,B,B,suspended,yes,,2022-12-24,no,"suspended Russian contracts, subsidiary ZANAM Vostok in Russia"
KLM,Netherlands,Industrials,B,B,other,yes,,2022-12-24,no,cancel flights to and from Russia
KONE,Finland,Industrials,B,B,suspended,yes,,2022-12-24,no,suspend deliveries to Russia &amp; stop new Russian orders
KUKA,Germany,Industrials,B,B,suspended,yes,,2022-12-24,no,suspend all business with Russia
Kepenou Mills,Greece,Consumer Staples,B,B,suspended,yes,,2022-12-24,no,stop wheat orders from Russia
Kering,France,Consumer Discretionary,B,B,other,yes,,2022-12-24,no,close all stores in Russia
Kerry Group,Ireland,Consumer Staples,B,B,other,yes,,2022-12-24,no,suspending operations
Kingston,United States,Information Technology,B,B,suspended,yes,,2022-12-24,no,suspend shipments to Russia
Kodak Alaris,United Kingdom,Information Technology,B,B,suspended,yes,,2022-12-24,no,suspend all business activity into Russia &amp; Belarus
Komatsu,Japan,Industrials,B,B,suspended,yes,,2022-12-24,no,suspend all shipments to Russia
Konecranes,Finland,Industrials,B,B,suspended,yes,,2022-12-24,no,stop all orders from Russia
Konica Minolta,Japan,Consumer Discretionary,B,B,suspended,yes,,2022-12-24,no,new shipments suspended
Korean Air Lines,South Korea,Industrials,B,B,other,yes,,2022-12-24,no,no flying over Russian airspace; Russian flights cancelled
Korn Ferry,United States,Industrials,B,B,suspended,yes,,2022-12-24,no,suspend business in Russia
Krombacher,Germany,Consumer Staples,B,B,suspended,yes,,2022-12-24,no,stopped exports to Russia
Kronospan,Austria,Materials,B,F,other,yes,,2023-08-23,no,Separated out all business activities in Russia
Kubota,Japan,Industrials,B,B,other,yes,,2022-12-24,no,cancel production of equipment orders from Russian
Kurokesu,Lithuania,Consumer Discretionary,B,B,suspended,yes,,2022-12-24,no,suspend shipments to Russia
Kyocera,Japan,Information Technology,B,B,suspended,yes,,2022-12-24,no,suspend deliveries of all devices to Russia
Kärcher,Germany,Consumer Discretionary,B,B,suspended,yes,,2022-12-24,no,suspend exports to Russia &amp; halt investments
Körber,Germany,Industrials,B,B,suspended,yes,,2022-12-24,no,suspend new business with Russia
L'Oreal,France,Consumer Discretionary,B,B,suspended,yes,,2022-12-24,no,suspend operations in Russia
LCBO,Canada,Consumer Staples,B,B,suspended,yes,,2022-12-24,no,suspend Russian-produced products
LG Electronics,South Korea,Information Technology,B,B,suspended,yes,,2022-12-24,no,suspend new product shipments to Russia
LUSH,United Kingdom,Consumer Discretionary,B,B,suspended,yes,,2022-12-24,no,suspend online sales &amp; supply to Russia
La Lorraine,Belgium,Consumer Staples,B,B,suspended,yes,,2022-12-24,no,halt its 50mn euro investment in Moscow
Lanxess,Germany,Materials,B,B,suspended,yes,,2022-12-24,no,suspend business activities with Russia
Lego,Denmark,Consumer Discretionary,B,B,suspended,yes,,2022-12-24,no,suspend all shipments to Russia
Leonardo,Italy,Industrials,B,B,suspended,yes,,2022-12-24,no,pause all JVs in Russia; helicopter production
Les Ballets de Monte-Carlo,Monaco,Consumer Discretionary,B,B,suspended,yes,,2022-12-24,no,suspend performance rights for his ballet
Levi Strauss,United States,Consumer Discretionary,B,B,suspended,yes,,2022-12-24,no,suspend all sales in Russia
Lexmark,United States,Information Technology,B,B,suspended,yes,,2022-12-24,no,suspend shipments to Russia
Little Caesar's,United States,Consumer Discretionary,B,B,suspended,yes,,2022-12-24,no,suspend Russian franchise support
Live Nation Entertainment,United States,Communication Services,B,B,suspended,yes,,2022-12-24,no,stop business with Russia
Lladró,Spain,Consumer Discretionary,B,B,suspended,yes,,2022-12-24,no,suspended service and shipment to Russia.  No new requests
Louis Dreyfus,Netherlands,Consumer Staples,B,B,suspended,yes,,2022-12-24,no,suspend operations in Russia
Lumen,United States,Communication Services,B,B,other,yes,,2022-12-24,no,cut networks to Russia
M&amp;G,United Kingdom,Financials,B,,other,no,,2023-08-23,no,phased divestment of Russian assets
MS &amp; AD Insurance Group,Japan,Financials,B,,other,no,,2023-08-23,no,suspending operations
MSC,United States,Financials,B,B,other,yes,,2022-12-24,no,temporary suspension of all shipments to Russia
MSC Cruises,Switzerland,Consumer Discretionary,B,B,suspended,yes,,2022-12-24,no,suspend calls to Russia
MV Group,Lithuania,Consumer Staples,B,B,other,yes,,2022-12-24,no,"suspends all imports and orders, froze partner brands"
MVRDV,Netherlands,Industrials,B,B,suspended,yes,,2022-12-24,no,suspend operations in Russia
Magna,Canada,Consumer Discretionary,B,B,suspended,yes,,2022-12-24,no,suspend Russian plants
Magna Steyr,Austria,Consumer Discretionary,B,B,suspended,yes,,2022-12-24,no,suspend deliveries to Russia
Mango,Spain,Consumer Discretionary,B,B,suspended,yes,,2022-12-24,no,suspend direct operations in Russia
Manolo Blahnik,United Kingdom,Consumer Discretionary,B,B,suspended,yes,,2022-12-24,no,suspend sales to Russia
Marks &amp; Spencer,United Kingdom,Consumer Staples,B,,suspended,no,,2023-08-23,no,suspend all shipments to Russia
Marriott,United States,Consumer Discretionary,B,B,suspended,yes,,2022-12-24,no,suspend all Russian operations
Marvell,United States,Information Technology,B,B,suspended,yes,,2022-12-24,no,suspend all sales to Russia in compliance with sanctions
Mastercard,United States,Information Technology,B,B,suspended,yes,,2022-12-24,no,suspend operations in Russia
Match Group,United States,Communication Services,B,F,other,yes,,2023-08-23,no,"Stated will leave Russia by June 30, 2023"
Mattel,United States,Consumer Discretionary,B,B,suspended,yes,,2022-12-24,no,suspend shipments into Russia
Mazda,Japan,Consumer Discretionary,B,B,suspended,yes,,2022-12-24,no,suspend all shipments to Russia
McCormick,United States,Consumer Staples,B,B,suspended,yes,,2022-12-24,no,suspend operations in Russia
Meggit,United Kingdom,Industrials,B,B,other,yes,,2022-12-24,no,cease all imports and exports with Russia
Meta,United States,Communication Services,B,B,suspended,yes,,2022-12-24,no,suspend Russian advertising
Metsa,Finland,Materials,B,B,suspended,yes,,2022-12-24,no,suspend operations at Russian mill
Metso Outotec,Finland,Industrials,B,B,suspended,yes,,2022-12-24,no,suspend all shipments to Russia
Mettler Toledo,United States,Health Care,B,B,suspended,yes,,2022-12-24,no,suspend all shipments to Russia
Michelin,France,Consumer Discretionary,B,B,suspended,yes,,2022-12-24,no,suspended all operations in Russia
Micro Focus,United Kingdom,Information Technology,B,,suspended,no,,2023-08-23,no,Suspended business in Russia
Micron,United States,Information Technology,B,B,suspended,yes,,2022-12-24,no,Suspend shipments to Russia according to sanctions
Microsoft,United States,Information Technology,B,C,suspended,yes,,2023-08-23,no,suspend new sales in Russia but continue existing access
Milk Hydrosan sp. z o.o.,Poland,Industrials,B,B,suspended,yes,,2022-12-24,no,suspended Russian contracts
Mitsubishi Electric,Japan,Industrials,B,B,suspended,yes,,2022-12-24,no,stop all sales to Russia but reserve the right to return
Mitsubishi Motors,Japan,Consumer Discretionary,B,B,suspended,yes,,2022-12-24,no,suspended operations at Russian plant
Mobatime (Elekon),Czech Republic,Consumer Discretionary,B,B,suspended,yes,,2022-12-24,no,stopped activity and remotely stopped clock on Russian Academy of Sciences
Moncler,Italy,Consumer Discretionary,B,B,suspended,yes,,2022-12-24,no,suspend operations in Russia
Moneygram,United States,Financials,B,,suspended,no,,2023-08-23,no,suspend all payments to Russia
MongoDB,United States,Information Technology,B,B,suspended,yes,,2022-12-24,no,suspend sales to Russia and Belarus
Mothercare,United Kingdom,Consumer Discretionary,B,B,suspended,yes,,2022-12-24,no,suspend operations in Russia
Motorola Solutions,United States,Information Technology,B,B,suspended,yes,,2022-12-24,no,suspend service orders to Russia
Munich Re,Germany,Financials,B,B,suspended,yes,,2022-12-24,no,not renew current contracts &amp; suspend new business
NCR,United States,Information Technology,B,B,suspended,yes,,2022-12-24,no,suspend sales to Russia
NEC,Japan,Information Technology,B,B,suspended,yes,,2022-12-24,no,suspend all future sales
NHL,United States,NGO,B,B,suspended,yes,,2022-12-24,no,pause all partnerships in Russia
NSG Group (Pilkington),Japan,Materials,B,B,other,yes,,2022-12-24,no,suspension all trading and investment
NXP Semiconductors,Netherlands,Information Technology,B,B,suspended,yes,,2022-12-24,no,suspend all shipments to and business with Russia
Namecheap,United States,Information Technology,B,B,suspended,yes,,2022-12-24,no,stop offering products to Russia
Nemak,Mexico,Consumer Discretionary,B,B,suspended,yes,,2022-12-24,no,halt production in Russia
Neste Oyj,Finland,Energy,B,B,suspended,yes,,2022-12-24,no,suspend purchases of Russian oil
NetApp,United States,Information Technology,B,B,suspended,yes,,2022-12-24,no,suspend business operations in Russia
New Balance,United States,Consumer Discretionary,B,B,suspended,yes,,2022-12-24,no,suspend shipments to Russia
New Development Bank,China,Financials,B,B,other,yes,,2022-12-24,no,curtail Russian access to capital markets
Niantic Labs,United States,Information Technology,B,B,other,yes,,2022-12-24,no,products made unavailable in Russia
Nikon,Japan,Consumer Discretionary,B,B,suspended,yes,,2022-12-24,no,suspend shipments to Russia
Nintendo,Japan,Communication Services,B,B,suspended,yes,,2022-12-24,no,suspend all sales in Russia
Nippon Telegraph and Telephone Corporation (NTT),Japan,Communication Services,B,,sold,no,,2023-08-23,no,"Completed sale of business, transitioning team"
Norton,United States,Information Technology,B,B,suspended,yes,,2022-12-24,no,suspend sales to Russia
Nozbe,Poland,Industrials,B,B,other,yes,,2022-12-24,no,cut off services for Russia and Belarus
Nu Skin,United States,Consumer Staples,B,B,suspended,yes,,2022-12-24,no,suspend Russian operations
Nutanix,United States,Information Technology,B,B,suspended,yes,,2022-12-24,no,pause all sales and support to Russia
Nvidia,United States,Information Technology,B,B,suspended,yes,,2022-12-24,no,suspend all sales in Russia
ON24,United States,Information Technology,B,B,suspended,yes,,2022-12-24,no,suspend all Russian activities
OP Bank Lithuania,Lithuania,Financials,B,B,suspended,yes,,2022-12-24,no,temporarily stop the processing of all  payments from and to Russia &amp; Belarus
Olvi,Finland,Consumer Staples,B,B,suspended,yes,,2022-12-24,no,stop exports to Russia
Olympus,Japan,Information Technology,B,B,suspended,yes,,2022-12-24,no,suspend sales of Scientific Solutions portfolio and all capital investments
OpenText,Canada,Information Technology,B,B,suspended,yes,,2022-12-24,no,suspend all business
Oracle,United States,Information Technology,B,B,suspended,yes,,2022-12-24,no,suspend all operations in Russia
Orion,Finland,Health Care,B,C,other,yes,,2023-10-12,no,Discontinued business operations in Russia
Outokumpu,Finland,Materials,B,B,suspended,yes,,2022-12-24,no,stop sales and deliveries to Russia
PTC,United States,Information Technology,B,B,other,yes,,2022-12-24,no,discontinue all business operations and sales
PVH,United States,Consumer Discretionary,B,B,suspended,yes,,2022-12-24,no,suspend operations in Russia
PagerDuty,United States,Information Technology,B,B,suspended,yes,,2022-12-24,no,suspend cooperation with Russian customers
Panasonic,Japan,Consumer Discretionary,B,B,suspended,yes,,2022-12-24,no,suspend operations in Russia
Papa John's,United States,Consumer Discretionary,B,B,suspended,yes,,2022-12-24,no,suspend support for all Russian franchises
Par Pacific,United States,Energy,B,B,suspended,yes,,2022-12-24,no,suspend purchases of Russian crude oil
Paramount,United States,Communication Services,B,B,suspended,yes,,2022-12-24,no,pause new content releases to Russia
Payoneer,United States,Information Technology,B,B,other,yes,,2022-12-24,no,close Russian accounts
Paypal,United States,Information Technology,B,B,suspended,yes,,2022-12-24,no,suspend operations in Russia
Peak Design,United States,Consumer Staples,B,B,other,yes,,2022-12-24,no,shut down sales to Russia
Pekao SA,Poland,Financials,B,B,suspended,yes,,2022-12-24,no,transactions in Russian ruble suspended
Pernod Ricard,France,Consumer Staples,B,B,suspended,yes,,2022-12-24,no,"Resumed exports to Russia, then halted after calls to boycott"
Pivovary Staropramen,Czech Republic,Consumer Staples,B,B,suspended,yes,,2022-12-24,no,suspended beer exports
Playmobil,Germany,Consumer Discretionary,B,B,suspended,yes,,2022-12-24,no,stop all sales to Russia
Plzeňský Prazdroj,Czech Republic,Consumer Staples,B,B,suspended,yes,,2022-12-24,no,suspend sales to Russia
Podravka,Croatia,Consumer Staples,B,B,suspended,yes,,2022-12-24,no,stop deliveries to Russia
Polaris,United States,Consumer Discretionary,B,B,suspended,yes,,2022-12-24,no,suspend exports to Russia
Porsche,Germany,Consumer Discretionary,B,B,other,yes,,2022-12-24,no,end shipments of new cars; dealerships running and warranty obligations honored
Prada,Italy,Consumer Discretionary,B,B,suspended,yes,,2022-12-24,no,suspend operations in Russia
Preem AB,Sweden,Energy,B,B,suspended,yes,,2022-12-24,no,suspend purchases of Russian oil
Prosus,Netherlands,Industrials,B,B,sold,yes,,2022-12-24,no,In process of divesting from local subsidiary
Puma,Germany,Consumer Discretionary,B,B,suspended,yes,,2022-12-24,no,suspend all shipments to Russia
QS,United Kingdom,NGO,B,B,other,yes,,2022-12-24,no,cease activity with Russian customers &amp; cease promotion of Russian universities
Qlik,Sweden,Information Technology,B,B,suspended,yes,,2022-12-24,no,suspend sales and services to Russia
Qualcomm,United States,Information Technology,B,B,suspended,yes,,2022-12-24,no,suspend shipments to Russia
RTB,United States,Industrials,B,,suspended,no,,2023-08-23,no,Suspended business in Russia
Rabobank,Netherlands,Financials,B,B,other,yes,,2022-12-24,no,curtail Russian access to capital markets
Radio Free Europe,Czech Republic,Communication Services,B,B,suspended,yes,,2022-12-24,no,suspend operations in Russia
Rakovnický Pivovar,Czech Republic,Consumer Staples,B,B,sold,yes,,2022-12-24,no,stopped exports and withdrew some products for sale in Russia
Ralph Lauren,United States,Consumer Discretionary,B,B,suspended,yes,,2022-12-24,no,pause operations in Russia
Ravensburger | BRIO,Germany,,B,,other,no,,2023-12-15,no,Russia distribution through Alisa Toys
Raytheon,United States,Industrials,B,B,suspended,yes,,2022-12-24,no,suspend operations in Russia
Recruit Holdings,Japan,Industrials,B,,suspended,no,,2023-08-23,no,Suspend Russian access
Reima,Finland,Consumer Discretionary,B,B,suspended,yes,,2022-12-24,no,suspend all sales into Russia
Remitly Global,United States,Information Technology,B,B,suspended,yes,,2022-12-24,no,stop accepting new users in Russia
Renishaw,United Kingdom,Industrials,B,,suspended,no,,2023-08-23,no,Suspended business in Russia
Revolut,United Kingdom,Financials,B,B,suspended,yes,,2022-12-24,no,stop top-ups for Russian cards and block transfers to Russian institutions
Richemont,Switzerland,Consumer Discretionary,B,B,suspended,yes,,2022-12-24,no,suspend all operations in Russia
Ricoh,Japan,Information Technology,B,B,suspended,yes,,2022-12-24,no,suspend shipments to Russia
Roca,Spain,Consumer Discretionary,B,B,other,yes,,2022-12-24,no,closure of plants
Rockwell Automation,United States,Industrials,B,B,suspended,yes,,2022-12-24,no,suspend operations in Russia
Roland DG,Japan,Information Technology,B,B,suspended,yes,,2022-12-24,no,suspend all exports and sales to Russia
Rolex,Switzerland,Consumer Discretionary,B,B,suspended,yes,,2022-12-24,no,suspend exports to Russia
Rolls Royce,United Kingdom,Industrials,B,B,suspended,yes,,2022-12-24,no,suspend all shipments to Russia
Rotork,United Kingdom,Industrials,B,,suspended,no,,2023-08-23,no,Suspended business in Russia
Rovio,Finland,Information Technology,B,B,other,yes,,2022-12-24,no,remove games from app stores in Russia
Royal Caribbean Cruises,United States,Consumer Discretionary,B,B,other,yes,,2022-12-24,no,Cancel summer cruise ship visits to Russia
Royal Society of Chemistry,United Kingdom,NGO,B,B,suspended,yes,,2022-12-24,no,pause activities with Russian institutions
SSAB,Sweden,Materials,B,B,other,yes,,2022-12-24,no,shipments and sales to Russia discontinued
STIHL,Germany,Consumer Discretionary,B,B,suspended,yes,,2022-12-24,no,suspend deliveries to Russia
Safran,France,Industrials,B,B,suspended,yes,,2022-12-24,no,stop all activities in Russia
Samsonite International,Luxembourg,Consumer Discretionary,B,B,suspended,yes,,2022-12-24,no,suspend operations in Russia
Samsung,South Korea,Information Technology,B,B,suspended,yes,,2022-12-24,no,suspend all shipments to Russia
Sandvik,Sweden,Industrials,B,B,suspended,yes,,2022-12-24,no,suspend all operations in Russia
Sardina,Croatia,Consumer Staples,B,B,suspended,yes,,2022-12-24,no,suspend deliveries to Russia
Scandinavian Tobacco,Denmark,Consumer Staples,B,B,suspended,yes,,2022-12-24,no,suspend most operations in Russia
Scania,Sweden,Industrials,B,B,suspended,yes,,2022-12-24,no,suspend all sales in Russia
Schwarz Group,Germany,Consumer Staples,B,B,suspended,yes,,2022-12-24,no,stop sales of Russian products in stores
Sennheiser,Germany,Information Technology,B,B,suspended,yes,,2022-12-24,no,suspend all business &amp; stop exports
Sharp Group,Japan,Information Technology,B,B,suspended,yes,,2022-12-24,no,suspend shipping into Russia
Sherwin Williams,United States,Industrials,B,,suspended,no,,2023-08-23,no,suspend business
Shiseido,Japan,Consumer Staples,B,B,suspended,yes,,2022-12-24,no,suspend export shipments to Russia
Siemens Energy AG,Germany,Industrials,B,B,sold,yes,,2022-12-24,no,Sold factory and stake in russian Companies
Sigma Group,Czech Republic,Industrials,B,D,suspended,yes,,2023-08-23,no,suspend business
Simba Dickie Group,Germany,Consumer Discretionary,B,B,suspended,yes,,2022-12-24,no,suspend all business in Russia including with local independent distributor
Skytrax,United Kingdom,NGO,B,B,suspended,yes,,2022-12-24,no,suspend all audit and rating analysis
Smartway Pharmaceuticals,United Kingdom,Health Care,B,B,suspended,yes,,2022-12-24,no,"suspended all operations, most supplies, and all advertising"
Sodeca,Spain,Industrials,B,B,other,yes,,2022-12-24,no,cut off all supplies to Russian partners
Solvay,Belgium,Materials,B,B,suspended,yes,,2022-12-24,no,suspend operations in Russia
SonoSim,United States,Health Care,B,B,suspended,yes,,2022-12-24,no,suspend distributor relationship in Russia
Sony,Japan,Consumer Discretionary,B,B,suspended,yes,,2022-12-24,no,"pause release of new films in Russia, suspending console and game sales in Russia"
Sportradar,Switzerland,Consumer Discretionary,B,B,suspended,yes,,2022-12-24,no,"suspend all new investments in Russia, including signing new customers"
Spotify,Sweden,Communication Services,B,C,suspended,yes,,2023-08-23,no,closed office and suspend service
SriLankan Airlines,Sri Lanka,Industrials,B,B,suspended,yes,,2022-12-24,no,suspend flights between Sri Lanka and Russia
Stellantis,Netherlands,Consumer Discretionary,B,B,suspended,yes,,2022-12-24,no,suspend operations in Russia
Storytel,Sweden,Communication Services,B,B,suspended,yes,,2022-12-24,no,pause operations in Russia
Subaru,Japan,Consumer Discretionary,B,B,suspended,yes,,2022-12-24,no,suspend all shipments to Russia
Sumitomo Group,Japan,Financials,B,B,other,yes,,2022-12-24,no,scaling back or suspending all Russian-related business
Supercell,Finland,Information Technology,B,B,other,yes,,2022-12-24,no,remove games from app stores in Russia
Swagelok,United States,Industrials,B,,suspended,no,,2023-08-23,no,Suspended business in Russia
Swarovski,Liechtenstein,Consumer Discretionary,B,B,suspended,yes,,2022-12-24,no,suspend all sales in Russia
Swatch,Switzerland,Consumer Discretionary,B,B,suspended,yes,,2022-12-24,no,suspend direct operations in Russia
Sweco,Sweden,Industrials,B,B,suspended,yes,,2022-12-24,no,stop all projects in Russia
Synopsys,United States,Information Technology,B,B,suspended,yes,,2022-12-24,no,suspend all operations in Russia
Systemair,Sweden,Industrials,B,B,suspended,yes,,2022-12-24,no,suspend all sales to Russia
T Machinery,Czech Republic,Industrials,B,B,suspended,yes,,2022-12-24,no,Stopped cooperation
TSMC,Taiwan,Information Technology,B,B,suspended,yes,,2022-12-24,no,suspend all shipments to Russia
TTC Holding,Czech Republic,Real Estate,B,B,suspended,yes,,2022-12-24,no,suspended activities
Tadano,Japan,Industrials,B,B,other,yes,,2022-12-24,no,suspension of shipments into Russia
Take-Two Interactive,United States,Communication Services,B,B,suspended,yes,,2022-12-24,no,"halt sales, marketing and more in Russia"
Talgo,Spain,Industrials,B,B,other,yes,,2022-12-24,no,"Ended activity, service center still exists"
Tanin,Slovenia,Materials,B,B,suspended,yes,,2022-12-24,no,goods are stopped
Tata Motors,India,Consumer Discretionary,B,B,suspended,yes,,2022-12-24,no,Paused sales of Jaguar Land Rover in Russia
Tendam,Spain,Consumer Discretionary,B,B,suspended,yes,,2022-12-24,no,suspend activity in Russia
Thales,France,Industrials,B,,suspended,no,,2023-08-23,no,Suspended business in Russia
The Navigator Company,Portugal,Materials,B,B,suspended,yes,,2022-12-24,no,suspend all marketing in Russia
Thermo Fisher,United States,Health Care,B,B,suspended,yes,,2022-12-24,no,suspend sales and manufacturing in Russia
TikTok,United States,Communication Services,B,B,suspended,yes,,2022-12-24,no,suspend operations in Russia
Timken,United States,Industrials,B,B,suspended,yes,,2022-12-24,no,suspend operations in Russia
TomTom,Netherlands,Information Technology,B,C,sold,yes,,2024-02-25,no,"turn off live traffic for Russia, cut ties with several Russian customers, some customers are still under review"
Torm,Denmark,Industrials,B,B,suspended,yes,,2022-12-24,no,effectively suspend shipments to Russia
Tous,Spain,Consumer Discretionary,B,B,other,yes,,2022-12-24,no,close shops and online store in Russia
Triumph,Switzerland,Consumer Discretionary,B,B,suspended,yes,,2022-12-24,no,suspend Russian business
Twin Disc,United States,Industrials,B,B,suspended,yes,,2022-12-24,no,suspend all shipments to Russia
Twitter,United States,Communication Services,B,B,suspended,yes,,2022-12-24,no,suspend certain operations in Russia
UL,United States,Industrials,B,B,suspended,yes,,2022-12-24,no,stop all work in Russia &amp; Belarus and not take on or pursue any new customer orders
UPM,Finland,Materials,B,B,suspended,yes,,2022-12-24,no,temporarily suspend operations and sales in Russia
UPS,United States,Industrials,B,B,suspended,yes,,2022-12-24,no,suspend all shipments to Russia
Ubisoft,France,Information Technology,B,B,suspended,yes,,2022-12-24,no,suspend new sales to Russia
UiPath,United States,Information Technology,B,B,suspended,yes,,2022-12-24,no,suspend sales in Russia
Under Armour,United States,Consumer Discretionary,B,B,suspended,yes,,2022-12-24,no,suspend all shipments to Russia
Uniqlo/Fast Retailing,Japan,Consumer Discretionary,B,B,suspended,yes,,2022-12-24,no,suspend operations in Russia
Universal Music Group,Netherlands,Consumer Discretionary,B,,sold,no,,2023-08-23,no,Suspended all operations in Russia and closed offices
Upwork,United States,Industrials,B,B,suspended,yes,,2022-12-24,no,suspend operations in Russia
VF Corporation,United States,Consumer Discretionary,B,B,suspended,yes,,2022-12-24,no,temporarily suspend commercial activities
VMWare,United States,Information Technology,B,B,suspended,yes,,2022-12-24,no,suspend operations in Russia
Valero Energy,United States,Energy,B,B,suspended,yes,,2022-12-24,no,suspend purchases of Russian oil
Vattenfall,Sweden,Utilities,B,C,other,yes,,2023-08-23,no,shifting energy purchases away from Russia
Veeam,United States,Information Technology,B,B,suspended,yes,,2022-12-24,no,pause sales in Russia
Vesuvius,United Kingdom,Industrials,B,,suspended,no,,2023-08-23,no,Suspend deliveries to Russian customers
Victoria’s Secret,United States,Consumer Discretionary,B,B,suspended,yes,,2022-12-24,no,"stop exports to Russia, pause sales in Russia by franchisers, suspend online sales"
Viessmann,Germany,Industrials,B,B,suspended,yes,,2022-12-24,no,stop business with Russia &amp; stop deliveries to and from Russia
Vietnam Airlines,Vietnam,Industrials,B,B,suspended,yes,,2022-12-24,no,suspend flights to Russia
Viking River Cruises,Switzerland,Consumer Discretionary,B,B,other,yes,,2022-12-24,no,cease all operations in Russia &amp; cancel trips to Russia up to 2024
Villeroy &amp; Boch,Germany,Consumer Discretionary,B,,suspended,no,,2023-08-23,no,Suspended business in the region until further notice
Visa,United States,Information Technology,B,B,suspended,yes,,2022-12-24,no,suspend operations in Russia
Vitec Group,United Kingdom,Consumer Discretionary,B,B,suspended,yes,,2022-12-24,no,suspend all exports and services
Viva,Australia,Energy,B,B,suspended,yes,,2022-12-24,no,Suspended purchases of Russian oil
Volkswagen,Germany,Consumer Discretionary,B,B,suspended,yes,,2022-12-24,no,suspend all shipments to Russia
Volvo Cars,Sweden,Industrials,B,B,suspended,yes,,2022-12-24,no,suspend all shipments to Russia
Volvo Group,Sweden,Industrials,B,B,suspended,yes,,2022-12-24,no,"suspend all sales, service and production"
WEKA,Israel,Information Technology,B,B,suspended,yes,,2022-12-24,no,suspend business and concrete deals with Russia
WWE,United States,Communication Services,B,B,suspended,yes,,2022-12-24,no,Suspend all operations in Russia
WarnerMedia,United States,Communication Services,B,B,suspended,yes,,2022-12-24,no,pause new content releases
Waters Corporation,United States,Health Care,B,B,suspended,yes,,2022-12-24,no,suspend all sales and services into Russia
WeTransfer,United States,Information Technology,B,B,suspended,yes,,2022-12-24,no,suspend all services in Russia
Western Union,United States,Information Technology,B,B,suspended,yes,,2022-12-24,no,suspend operations in Russia
Wielton,Poland,Industrials,B,B,suspended,yes,,2022-12-24,no,suspended Russian exports
William Grant &amp; Sons,United Kingdom,Consumer Staples,B,,suspended,no,,2023-08-23,no,Suspend all shipments to Russia
Wimbledon,United Kingdom,NGO,B,B,other,yes,,2022-12-24,no,Ban Russian athletes
Wintershall Dea AG,Germany,Energy,B,D,sold,yes,,2023-08-23,no,intends to fully exit Russia
Wise PLC,United Kingdom,Information Technology,B,B,suspended,yes,,2022-12-24,no,Suspend Russian partnerships
Wizz Air,Hungary,Industrials,B,B,suspended,yes,,2022-12-24,no,Air flights to/from Russia are temporarily suspended
Wolffkran,Switzerland,Industrials,B,B,suspended,yes,,2022-12-24,no,Stop production in Russia; maintain personnel
World Boxing Council,Mexico,NGO,B,B,suspended,yes,,2022-12-24,no,Suspend Russia from title fights
World Federation of Exchanges,United Kingdom,NGO,B,B,suspended,yes,,2022-12-24,no,Suspend all Russian members and affiliates
Woseba,Poland,Consumer Staples,B,B,other,yes,,2022-12-24,no,suspends deliveries to Russia
Wrangler (Kontoor),United States,Consumer Discretionary,B,B,suspended,yes,,2022-12-24,no,Suspend online sales
Würth,Germany,Consumer Discretionary,B,B,suspended,yes,,2022-12-24,no,Stop exports to Russia
Xerox,United States,Information Technology,B,B,suspended,yes,,2022-12-24,no,Suspend shipments to Russia
YKK Group,Japan,Industrials,B,B,suspended,yes,,2022-12-24,no,Suspend operations in Russia
YOOX,Italy,Consumer Discretionary,B,B,suspended,yes,,2022-12-24,no,Suspend commercial activities
Yanmar,Japan,Consumer Discretionary,B,,suspended,no,,2023-08-23,no,suspend operations
Yara,Norway,Materials,B,B,suspended,yes,,2022-12-24,no,Suspend all imports from Russia
ZHA,United Kingdom,Industrials,B,B,suspended,yes,,2022-12-24,no,suspend operations in Russia
Zegna Group,Italy,Consumer Discretionary,B,B,suspended,yes,,2022-12-24,no,Suspended all shipments to and production for Russia partners
Zendesk,United States,Information Technology,B,B,suspended,yes,,2022-12-24,no,Suspend all sales to Russia
Zetor,Czech Republic,Industrials,B,B,suspended,yes,,2022-12-24,no,suspend all cooperation with Russia
Zynga,United States,Communication Services,B,B,suspended,yes,,2022-12-24,no,"suspend all installations, monetization and marketing support"
bunq.com,Netherlands,Financials,B,B,suspended,yes,,2022-12-24,no,suspend SWIFT transfers to sanctioned banks
d&amp;b audiotechnik,Germany,Consumer Discretionary,B,,suspended,no,,2023-08-23,no,suspend all shipments to Russia
eBay,United States,Consumer Discretionary,B,B,suspended,yes,,2022-12-24,no,suspend all shipments to Russia
eDreams ODIGEO,Spain,Consumer Discretionary,B,B,other,yes,,2022-12-24,no,cease all operations involving Russia
iHerb,United States,Consumer Discretionary,B,,suspended,no,,2023-08-23,no,Suspend all Russian sales
Żabka,Poland,Consumer Staples,B,B,other,yes,,2022-12-24,no,Halts orders from Russia &amp; Belarus
